document_id,file_hash,file_path,meeting_date,agenda_item,document_type,title,source_url,date_added,processed,status,notes
2026-01-13_attachments_d_01_01_tate_high_video_update,7503a936590325a277a4713950cb784e895ffb935ebe6d6f2cee92a08f5ff409,data/raw/board_packets/2026-01-13_Board_of_Directors/attachments/D_01_01_Tate High Video Update.mp4,2026-01-13,,,D 01 01 Tate High Video Update,,2026-06-07,false,new,
2026-01-13_attachments_e_01_01_newspaper_notice,97be3224cdde6622d8ecc23b06ecd0c3b0045c545c762065ffdb03efe27ddd46,data/raw/board_packets/2026-01-13_Board_of_Directors/attachments/E_01_01_Newspaper Notice.pdf,2026-01-13,,generic_pdf,E 01 01 Newspaper Notice,,2026-06-07,false,new,
2026-01-13_attachments_e_01_02_second_resolution_electric_equipment_easement,b3bfcdb1498b1debae4b9a0bb431e50f33bc908e11ba51660e0e8fa38d9943d1,data/raw/board_packets/2026-01-13_Board_of_Directors/attachments/E_01_02_Second Resolution - Electric Equipment Easement.docx,2026-01-13,,,E 01 02 Second Resolution   Electric Equipment Easement,,2026-06-07,false,new,
2026-01-13_attachments_e_01_03_first_resolution_electric_equipment_easement,19f796898108a61a2870bb0a5966bbd9098da2d42131634cc67c0355552016b1,data/raw/board_packets/2026-01-13_Board_of_Directors/attachments/E_01_03_First Resolution --Electric Equipment Easement.docx,2026-01-13,,,E 01 03 First Resolution   Electric Equipment Easement,,2026-06-07,false,new,
2026-01-13_attachments_e_01_04_proof_of_publication,df9eca76ba2119a8a245c4df2f45b7d6cec7e369314f7b9b13406b6ea0b92cd2,data/raw/board_packets/2026-01-13_Board_of_Directors/attachments/E_01_04_Proof of Publication.pdf,2026-01-13,,generic_pdf,E 01 04 Proof of Publication,,2026-06-07,false,new,
2026-01-13_attachments_f_05_01_january_13_2026_board_agenda,f1b68bfe03e27023c3cb8dc4a40825f67587ca4bd4859c1850a4e47bc79e5c7e,"data/raw/board_packets/2026-01-13_Board_of_Directors/attachments/F_05_01_January 13, 2026 Board Agenda.pdf",2026-01-13,,board_packet,"F 05 01 January 13, 2026 Board Agenda",,2026-06-07,false,new,
2026-01-13_attachments_f_06_01_1_13_2026_board_meeting_oe_25_26,10f2c7397b2d6a3c465c3cdd6c7e8161370b4f7ff449e8a432af29785a3d556b,data/raw/board_packets/2026-01-13_Board_of_Directors/attachments/F_06_01_1-13-2026 Board Meeting OE (25-26).pdf,2026-01-13,,generic_pdf,F 06 01 1 13 2026 Board Meeting OE (25 26),,2026-06-07,false,new,
2026-01-13_attachments_f_11_01_first_resolution_public_utility_easement,ea84fc6e5688b9c44fb6426666bb878408d54f2a46d9c50969b19230228bea7e,data/raw/board_packets/2026-01-13_Board_of_Directors/attachments/F_11_01_First Resolution --Public Utility Easement.pdf,2026-01-13,,generic_pdf,F 11 01 First Resolution   Public Utility Easement,,2026-06-07,false,new,
2026-01-13_attachments_f_12_01_west_bank_corporate_resolution,c6b548f6157e07c36b81a7ec1bff1947beee01ac658f5a84396ef33931b2e41a,data/raw/board_packets/2026-01-13_Board_of_Directors/attachments/F_12_01_West Bank Corporate Resolution.pdf,2026-01-13,,generic_pdf,F 12 01 West Bank Corporate Resolution,,2026-06-07,false,new,
2026-01-13_attachments_f_13_01_marzano_resources_purchase_agreement,2fbc5705935f4971b93606e5b7c6b10a085faca7b92eba4f01b34f48094fd005,data/raw/board_packets/2026-01-13_Board_of_Directors/attachments/F_13_01_Marzano Resources Purchase Agreement.pdf,2026-01-13,,generic_pdf,F 13 01 Marzano Resources Purchase Agreement,,2026-06-07,false,new,
2026-01-13_attachments_f_14_01_uay_2025_2026_mou,86530cf79af0ee3412abf53ad84332c23e7a67b77787ef7be4987a281cd6fe54,data/raw/board_packets/2026-01-13_Board_of_Directors/attachments/F_14_01_UAY 2025-2026 MOU.pdf,2026-01-13,,generic_pdf,F 14 01 UAY 2025 2026 MOU,,2026-06-07,false,new,
2026-01-13_attachments_f_15_01_iccsd_26_27_openscied_letters_of_understanding_docx,779718d865fa289eca3926422c30d65cffe9421e51254b9887263ab2c3aeb388,data/raw/board_packets/2026-01-13_Board_of_Directors/attachments/F_15_01_ICCSD 26-27 OpenSciEd Letters of Understanding.docx.pdf,2026-01-13,,generic_pdf,F 15 01 ICCSD 26 27 OpenSciEd Letters of Understanding.docx,,2026-06-07,false,new,
2026-01-13_attachments_f_15_02_iccsd_openscied_upated_2025_26_docx,30ed92710158aee993c73ba3b3e9153fde6861d8cd190a7b998ca2fc137f5ccc,data/raw/board_packets/2026-01-13_Board_of_Directors/attachments/F_15_02_ICCSD OpenSciEd Upated 2025-26 .docx.pdf,2026-01-13,,generic_pdf,F 15 02 ICCSD OpenSciEd Upated 2025 26 .docx,,2026-06-07,false,new,
2026-01-13_attachments_f_16_01_co_2_nc_parking,aa2c98b444b6a6e65040f8b6d7935eac5d91609f491bf69572b33bb8ab215704,data/raw/board_packets/2026-01-13_Board_of_Directors/attachments/F_16_01_CO#2 - NC Parking.pdf,2026-01-13,,generic_pdf,F 16 01 CO#2   NC Parking,,2026-06-07,false,new,
2026-01-13_attachments_f_16_02_1270_377final_acceptance_nc,a59179276a6172c73873a6f70e6ca8d4e330a90277551ea2d8496cf4aeb0c99b,data/raw/board_packets/2026-01-13_Board_of_Directors/attachments/F_16_02_1270-377Final Acceptance_NC.pdf,2026-01-13,,generic_pdf,F 16 02 1270 377Final Acceptance NC,,2026-06-07,false,new,
2026-01-13_attachments_f_17_01_iowa_city_schools_gm4010_quote_12_18_25,47f6d0abb19eecf6294cc4ac9675f7c900c7d49d92c9b87fcb1a3b85064875cd,"data/raw/board_packets/2026-01-13_Board_of_Directors/attachments/F_17_01_Iowa City Schools GM4010 Quote, 12.18.25.pdf",2026-01-13,,generic_pdf,"F 17 01 Iowa City Schools GM4010 Quote, 12.18.25",,2026-06-07,false,new,
2026-01-13_attachments_f_18_01_capital_projects_status_report,bff3bda263a68195767e1019b7b9f37153dd9b8d1b5c5620a9582801b8f5ce52,data/raw/board_packets/2026-01-13_Board_of_Directors/attachments/F_18_01_Capital Projects Status Report.pdf,2026-01-13,,capital_project_update,F 18 01 Capital Projects Status Report,,2026-06-07,false,new,
2026-01-13_attachments_f_18_02_west_hs_trojan_track_field_replacement,ff80ab26f57bc005c77056fb559767c7d01215b6722a497ccf8038e291a9a085,data/raw/board_packets/2026-01-13_Board_of_Directors/attachments/F_18_02_West HS Trojan Track & Field Replacement.pdf,2026-01-13,,generic_pdf,F 18 02 West HS Trojan Track & Field Replacement,,2026-06-07,false,new,
2026-01-13_attachments_f_18_03_combined_appendix_9_approval_requests_and_project_updates,ffbf906389ea4c838a38a580526caa2a8d99e2919ce910a4569249ba0849322d,data/raw/board_packets/2026-01-13_Board_of_Directors/attachments/F_18_03_Combined Appendix 9 Approval Requests and Project Updates.pdf,2026-01-13,,generic_pdf,F 18 03 Combined Appendix 9 Approval Requests and Project Updates,,2026-06-07,false,new,
2026-01-13_attachments_f_18_04_roof_management_2026_wickham_es_and_southeast_ms_roof_improvements,e1c2a5fea172c6a1bca493001437af76025cdc8dc9c5c1ccd5c978c6ef20cdeb,data/raw/board_packets/2026-01-13_Board_of_Directors/attachments/F_18_04_Roof Management 2026 Wickham ES and Southeast MS Roof Improvements.pdf,2026-01-13,,generic_pdf,F 18 04 Roof Management 2026 Wickham ES and Southeast MS Roof Improvements,,2026-06-07,false,new,
2026-01-13_attachments_f_18_05_roof_management_2026_west_hs_roof_improvements,439b53a0c1726d129fb7dfd5c7bfab1d3d62f663549423a3af6255527bf21934,data/raw/board_packets/2026-01-13_Board_of_Directors/attachments/F_18_05_Roof Management 2026 West HS Roof Improvements.pdf,2026-01-13,,generic_pdf,F 18 05 Roof Management 2026 West HS Roof Improvements,,2026-06-07,false,new,
2026-01-13_attachments_f_18_06_roof_management_2026_lucas_es_roof_improvements,142a82223bd22826f27c1c3ee09a7f5b53ac437c44885b54bab6daea8c8ca796,data/raw/board_packets/2026-01-13_Board_of_Directors/attachments/F_18_06_Roof Management 2026 Lucas ES Roof Improvements.pdf,2026-01-13,,generic_pdf,F 18 06 Roof Management 2026 Lucas ES Roof Improvements,,2026-06-07,false,new,
2026-01-13_attachments_f_18_07_city_hs_little_theater_upgrades,a6d0adbfcb2b22268ac55679a9d29a36019e26f1d21fda55e97e10d6a1406c88,data/raw/board_packets/2026-01-13_Board_of_Directors/attachments/F_18_07_City HS Little Theater Upgrades.pdf,2026-01-13,,generic_pdf,F 18 07 City HS Little Theater Upgrades,,2026-06-07,false,new,
2026-01-13_attachments_f_18_08_cfi_2026_restroom_expansion,27eb459481bfdd14bc69a11cb8c81b55768df36699f3bbd3bce1b472fcb3fa1d,data/raw/board_packets/2026-01-13_Board_of_Directors/attachments/F_18_08_CFI 2026 Restroom Expansion.pdf,2026-01-13,,generic_pdf,F 18 08 CFI 2026 Restroom Expansion,,2026-06-07,false,new,
2026-01-13_attachments_f_18_09_cfi_2025_building_renovations_dream_accelerator,ae971977537872252c64a38dec6bf4d291b3e337407b5306c8b0a5267ea1a205,data/raw/board_packets/2026-01-13_Board_of_Directors/attachments/F_18_09_CFI 2025 Building Renovations - Dream Accelerator.pdf,2026-01-13,,generic_pdf,F 18 09 CFI 2025 Building Renovations   Dream Accelerator,,2026-06-07,false,new,
2026-01-13_attachments_f_18_10_summary_of_appendix_9_approval_requests_and_project_updates,dd9d0a0b6e350b47031ca58730967dfbb1980872a21a436159d94c42a115e0b6,data/raw/board_packets/2026-01-13_Board_of_Directors/attachments/F_18_10_Summary of Appendix 9 Approval Requests and Project Updates.pdf,2026-01-13,,generic_pdf,F 18 10 Summary of Appendix 9 Approval Requests and Project Updates,,2026-06-07,false,new,
2026-01-13_attachments_g_01_01_first_resolution_temporary_construction_easement_and_quit_claim_de,b69931e4ffef72cf3a90f4471e0e4687381d82bac764185718722b9a1a358713,data/raw/board_packets/2026-01-13_Board_of_Directors/attachments/G_01_01_First Resolution -- Temporary Construction Easement and Quit Claim De.pdf,2026-01-13,,generic_pdf,G 01 01 First Resolution    Temporary Construction Easement and Quit Claim De,,2026-06-07,false,new,
2026-01-13_attachments_g_02_01_accounts_payable_summaries_20260106,f79801509b514e333e8134ac66ba0ffffcf5bc1d5f2020f4628cde880a813b24,data/raw/board_packets/2026-01-13_Board_of_Directors/attachments/G_02_01_Accounts_Payable_Summaries - 20260106.pdf,2026-01-13,,accounts_payable_report,G 02 01 Accounts Payable Summaries   20260106,,2026-06-07,false,new,
2026-01-13_attachments_g_02_02_12_9_2025boardreport10003,f4e8f3e511416e5bfcc28dec567b61fdfc10e75d9c886f8d89360c8a0ed3ded1,data/raw/board_packets/2026-01-13_Board_of_Directors/attachments/G_02_02_12-9-2025BoardReport10003.pdf,2026-01-13,,accounts_payable_report,G 02 02 12 9 2025BoardReport10003,,2026-06-07,false,new,document_type manually set (auto guess: generic_pdf)
2026-01-13_attachments_g_02_03_12_16_2025boardreport10003,b1ffe03637b6e5b0af230986f512feb91bc848b63e5ab3e84453d3b0b75797ee,data/raw/board_packets/2026-01-13_Board_of_Directors/attachments/G_02_03_12-16-2025BoardReport10003.pdf,2026-01-13,,accounts_payable_report,G 02 03 12 16 2025BoardReport10003,,2026-06-07,false,new,document_type manually set (auto guess: generic_pdf)
2026-01-13_attachments_g_02_04_1_6_2026_boardreport10003,e788ba1b36e10590e06e6644292454cb3bfa5c6c0c04886c3d1a8d09bac7644d,data/raw/board_packets/2026-01-13_Board_of_Directors/attachments/G_02_04_1-6-2026 BoardReport10003.pdf,2026-01-13,,accounts_payable_report,G 02 04 1 6 2026 BoardReport10003,,2026-06-07,false,new,document_type manually set (auto guess: generic_pdf)
2026-01-13_attachments_j_01_01_board_presentation_iowa_city_community_sd_1_13_26_1,ae959df92c15dc45b557c97db979057f7eb0a6d5b0f3ce0909bb5522bf459453,data/raw/board_packets/2026-01-13_Board_of_Directors/attachments/J_01_01_Board Presentation - Iowa City Community SD - 1.13.26 (1).pdf,2026-01-13,,generic_pdf,J 01 01 Board Presentation   Iowa City Community SD   1.13.26 (1),,2026-06-07,false,new,
2026-01-13_attachments_j_02_01_dcap_board_presentation_1_13_26,7cfe5e710c9c6955b1b3c2c7a0a6d0d058f4c5b3e21caf29e6e75fecdf698d09,data/raw/board_packets/2026-01-13_Board_of_Directors/attachments/J_02_01_DCAP Board Presentation (1-13-26).pdf,2026-01-13,,generic_pdf,J 02 01 DCAP Board Presentation (1 13 26),,2026-06-07,false,new,
2026-01-13_attachments_j_03_01_personal_device_policy_board_update_1_13_26,0e6cdf1fce7c045872a7edbab74265a46799c97318d077dc48352afd6395075a,data/raw/board_packets/2026-01-13_Board_of_Directors/attachments/J_03_01_Personal Device Policy Board Update (1-13-26).pdf,2026-01-13,,generic_pdf,J 03 01 Personal Device Policy Board Update (1 13 26),,2026-06-07,false,new,
2026-01-13_attachments_l_02_01_modified_supplemental_amount_application_dropout_prevention,30baefb533ee267c65e2dc3f98e62b70ac83246f66809aa5838d9512416270d9,data/raw/board_packets/2026-01-13_Board_of_Directors/attachments/L_02_01_Modified Supplemental Amount Application - Dropout Prevention.pdf,2026-01-13,,generic_pdf,L 02 01 Modified Supplemental Amount Application   Dropout Prevention,,2026-06-07,false,new,
2026-01-13_attachments_l_03_01_second_resolution_electric_equipment_easement_9,a5e69086369edf89347ee9901e3fd8cfe0f1f6cb79e5de38154898a19af07554,data/raw/board_packets/2026-01-13_Board_of_Directors/attachments/L_03_01_Second Resolution - Electric Equipment Easement (9).pdf,2026-01-13,,generic_pdf,L 03 01 Second Resolution   Electric Equipment Easement (9),,2026-06-07,false,new,
2026-01-13_attachments_l_03_02_electric_equipment_easement_iowa_city_schools_redline_11_3_25_app,109e8f6e94f36e23a3503df4fc2b43910babad9ebd0c9d558eeba90cb719f2b7,data/raw/board_packets/2026-01-13_Board_of_Directors/attachments/L_03_02_ELECTRIC EQUIPMENT EASEMENT - IOWA CITY SCHOOLS redline 11.3.25 - App.pdf,2026-01-13,,generic_pdf,L 03 02 ELECTRIC EQUIPMENT EASEMENT   IOWA CITY SCHOOLS redline 11.3.25   App,,2026-06-07,false,new,
2026-01-13_attachments_m_03_01_1_20_26_education_committee_meeting_agenda_draft,17b170a39e670a7e46302dabefc952a14385614d9a16cf954a246478eb6f5dcc,data/raw/board_packets/2026-01-13_Board_of_Directors/attachments/M_03_01_1.20.26 Education Committee Meeting Agenda - DRAFT.pdf,2026-01-13,,board_packet,M 03 01 1.20.26 Education Committee Meeting Agenda   DRAFT,,2026-06-07,false,new,
2026-01-13_attachments_m_03_02_1_27_26_policy_governance_committee_agenda_draft,ea37960a0cd3d9428295fc4848112a752da8842d442ac242798865e398d43976,data/raw/board_packets/2026-01-13_Board_of_Directors/attachments/M_03_02_1.27.26 Policy & Governance Committee Agenda - DRAFT.pdf,2026-01-13,,board_packet,M 03 02 1.27.26 Policy & Governance Committee Agenda   DRAFT,,2026-06-07,false,new,
2026-01-13_attachments_m_03_03_1_27_26_board_meeting_agenda_draft,5665e79698cc2f2aefd62ae9340189ff498502ec1d50e5334d24aa9034c2f192,data/raw/board_packets/2026-01-13_Board_of_Directors/attachments/M_03_03_1.27.26 Board Meeting Agenda - DRAFT.pdf,2026-01-13,,board_packet,M 03 03 1.27.26 Board Meeting Agenda   DRAFT,,2026-06-07,false,new,
2026-01-13_2026_01_13_board_of_directors_transcript,702c5d563c9fed20626b75a325f6be4f8bfb61a37763f87519c8ba5e5267e784,data/raw/board_packets/2026-01-13_Board_of_Directors/transcript.json,2026-01-13,,transcript,transcript,,2026-06-07,false,new,
2026-01-13_attachments_c_01_01_4_9_24_financial_oversight_committee_meeting_minutes,dd80b6bc3178b416b70141eafc2971c00d7f7067a4b884467066f1128ceaf561,data/raw/board_packets/2026-01-13_Financial_Oversight_Committee/attachments/C_01_01_4.9.24 - Financial Oversight Committee Meeting Minutes.pdf,2026-01-13,,board_minutes,C 01 01 4.9.24   Financial Oversight Committee Meeting Minutes,,2026-06-07,false,new,
2026-01-13_attachments_d_01_01_building_level_general_fund_expenditure_review,108ee50deef01dc60d1617b85fa1411209beeeadf96df8727a60bd2aeaff3215,data/raw/board_packets/2026-01-13_Financial_Oversight_Committee/attachments/D_01_01_Building Level General Fund Expenditure Review.pdf,2026-01-13,,generic_pdf,D 01 01 Building Level General Fund Expenditure Review,,2026-06-07,false,new,
2026-01-13_2026_01_13_financial_oversight_committee_transcript,7e73a47af835312a4c570e82cd12df69fc5e1aef547a515dfa3082445a2dd01f,data/raw/board_packets/2026-01-13_Financial_Oversight_Committee/transcript.json,2026-01-13,,transcript,transcript,,2026-06-07,false,new,
2026-01-27_attachments_e_05_01_temporary_construction_easement_proof_of_publication,8ebf77d58cc6bd88f56d3298981db63adea987581e450dd49189456ff6c80b0c,data/raw/board_packets/2026-01-27_Board_of_Directors/attachments/E_05_01_Temporary Construction Easement Proof of Publication.pdf,2026-01-27,,generic_pdf,E 05 01 Temporary Construction Easement Proof of Publication,,2026-06-07,false,new,
2026-01-27_attachments_e_05_02_forevergreen_rd_temporary_construction_easement_resolution_1,c822a08802d9e2973ef10e2a01966ada70ba18d05d7e8aa299c0a39e95ab0337,data/raw/board_packets/2026-01-27_Board_of_Directors/attachments/E_05_02_Forevergreen Rd. Temporary Construction Easement Resolution 1.pdf,2026-01-27,,generic_pdf,E 05 02 Forevergreen Rd. Temporary Construction Easement Resolution 1,,2026-06-07,false,new,
2026-01-27_attachments_e_06_01_utility_easement_proof_of_publication,64b57b163d24354b7d1816d3358b0e39a10441748c3bf0659d35ddfb65f83608,data/raw/board_packets/2026-01-27_Board_of_Directors/attachments/E_06_01_Utility Easement - Proof of Publication.pdf,2026-01-27,,generic_pdf,E 06 01 Utility Easement   Proof of Publication,,2026-06-07,false,new,
2026-01-27_attachments_e_06_02_forevergreen_rd_public_utilities_easement_resolution_1,cd98ad89ab826eb35170363823d9e59edc24332c8895443a90dddb21bb8ce59f,data/raw/board_packets/2026-01-27_Board_of_Directors/attachments/E_06_02_Forevergreen Rd. Public Utilities Easement Resolution 1.pdf,2026-01-27,,generic_pdf,E 06 02 Forevergreen Rd. Public Utilities Easement Resolution 1,,2026-06-07,false,new,
2026-01-27_attachments_f_02_01_accounts_payable_summaries_20260120,6cbd88492850ee37e3d7244aa91eff219c998911a92d666c3266d70c335717b7,data/raw/board_packets/2026-01-27_Board_of_Directors/attachments/F_02_01_Accounts_Payable_Summaries - 20260120.pdf,2026-01-27,,accounts_payable_report,F 02 01 Accounts Payable Summaries   20260120,,2026-06-07,false,new,
2026-01-27_attachments_f_02_02_1_13_26boardreport10003,4985335312b0ce532e3762b427f8f49fb775ce1f3de2b322b5725233269ac808,data/raw/board_packets/2026-01-27_Board_of_Directors/attachments/F_02_02_1-13-26BoardReport10003.pdf,2026-01-27,,accounts_payable_report,F 02 02 1 13 26BoardReport10003,,2026-06-07,false,new,document_type manually set (auto guess: generic_pdf)
2026-01-27_attachments_f_02_03_2026_1_20boardreport10003,40a5c3a5dbf6d050b090b6f341187b19a81b49868a09cc8acf349027a638f32d,data/raw/board_packets/2026-01-27_Board_of_Directors/attachments/F_02_03_2026-1-20BoardReport10003.pdf,2026-01-27,,accounts_payable_report,F 02 03 2026 1 20BoardReport10003,,2026-06-07,false,new,document_type manually set (auto guess: generic_pdf)
2026-01-27_attachments_f_03_01_january_27_2026_board_agenda_google_sheets,6102e152bd0b45af429c7133b6168c394bb262d60084823f2b4ca1dc09e7c0fd,"data/raw/board_packets/2026-01-27_Board_of_Directors/attachments/F_03_01_January 27, 2026 Board Agenda - Google Sheets.pdf",2026-01-27,,board_packet,"F 03 01 January 27, 2026 Board Agenda   Google Sheets",,2026-06-07,false,new,
2026-01-27_attachments_f_04_01_1_27_2026_board_meeting_oe_25_26,d9445049bbeb153ae12f76c80ad7badeec3353cba66a2eae89496e1a851184f5,data/raw/board_packets/2026-01-27_Board_of_Directors/attachments/F_04_01_1-27-2026 Board Meeting OE (25-26).pdf,2026-01-27,,generic_pdf,F 04 01 1 27 2026 Board Meeting OE (25 26),,2026-06-07,false,new,
2026-01-27_attachments_f_05_01_iowasdpa_25_accredible_12152025_final,4adeeaec5748f846fb33713874e3ae7533271c506775b4d93a2b827def9e37c8,data/raw/board_packets/2026-01-27_Board_of_Directors/attachments/F_05_01_IowaSDPA[25]Accredible 12152025 FINAL.pdf,2026-01-27,,generic_pdf,F 05 01 IowaSDPA[25]Accredible 12152025 FINAL,,2026-06-07,false,new,
2026-01-27_attachments_f_06_01_dlr_group_iowa_city_csd_kitchen_renovations_proposal_letter,874c22ef649ba50e2ff2f2ce15e0c5beaadecb93b83d5c5c49d3089932312a01,data/raw/board_packets/2026-01-27_Board_of_Directors/attachments/F_06_01_DLR Group-Iowa City CSD-Kitchen Renovations-Proposal Letter.pdf,2026-01-27,,generic_pdf,F 06 01 DLR Group Iowa City CSD Kitchen Renovations Proposal Letter,,2026-06-07,false,new,
2026-01-27_attachments_f_07_01_combined_appendix_9_approval_requests_and_project_updates,3738f409b3805fa08d4e4185dfc965648313a5af3c264f48018fe811d4f4d2dd,data/raw/board_packets/2026-01-27_Board_of_Directors/attachments/F_07_01_Combined Appendix 9 Approval Requests and Project Updates.pdf,2026-01-27,,generic_pdf,F 07 01 Combined Appendix 9 Approval Requests and Project Updates,,2026-06-07,false,new,
2026-01-27_attachments_f_07_02_capital_projects_status_report,c92d258bbddf6a19473cce39c464cda7d0d086bd0264bc6ef5cb0df6a633b12d,data/raw/board_packets/2026-01-27_Board_of_Directors/attachments/F_07_02_Capital Projects Status Report.pdf,2026-01-27,,capital_project_update,F 07 02 Capital Projects Status Report,,2026-06-07,false,new,
2026-01-27_attachments_f_07_03_west_hs_auditorium_improvements,6605331ce039d1b41eea7a6339ae6280eaeffd362c35fdba4a0bb091785dd0af,data/raw/board_packets/2026-01-27_Board_of_Directors/attachments/F_07_03_West HS Auditorium Improvements.pdf,2026-01-27,,audit,F 07 03 West HS Auditorium Improvements,,2026-06-07,false,new,
2026-01-27_attachments_f_07_04_hvac_upgrades_2023_weber_es_hvac_upgrades,51b1f4b9d84245e08b7ffc880a3840bf6feadb8afb005cd790caef1fe7fc97d2,data/raw/board_packets/2026-01-27_Board_of_Directors/attachments/F_07_04_HVAC Upgrades 2023 Weber ES HVAC Upgrades.pdf,2026-01-27,,generic_pdf,F 07 04 HVAC Upgrades 2023 Weber ES HVAC Upgrades,,2026-06-07,false,new,
2026-01-27_attachments_f_07_05_roof_management_2025_wood_es_roof_replacement,cc32a6fe794e990f73fb339a6f9a718d103ed546e5b5ebd9dc2eb5fecc1b3bfe,data/raw/board_packets/2026-01-27_Board_of_Directors/attachments/F_07_05_Roof Management 2025 Wood ES Roof Replacement.pdf,2026-01-27,,generic_pdf,F 07 05 Roof Management 2025 Wood ES Roof Replacement,,2026-06-07,false,new,
2026-01-27_attachments_f_07_06_roof_management_2025_west_hs_roof_replacement,8c1cae1c4a5c84423a846a8d621daf61b487c1986e4af4675274674bbd20baaa,data/raw/board_packets/2026-01-27_Board_of_Directors/attachments/F_07_06_Roof Management 2025 West HS Roof Replacement.pdf,2026-01-27,,generic_pdf,F 07 06 Roof Management 2025 West HS Roof Replacement,,2026-06-07,false,new,
2026-01-27_attachments_f_07_07_city_hs_addition_phase_3,fbc26b2984b4e5c79462917d845b2a82a420847b5645d8491da74f0f25e9ebf9,data/raw/board_packets/2026-01-27_Board_of_Directors/attachments/F_07_07_City HS Addition Phase 3.pdf,2026-01-27,,generic_pdf,F 07 07 City HS Addition Phase 3,,2026-06-07,false,new,
2026-01-27_attachments_f_07_08_summary_of_appendix_9_approval_requests_and_project_updates,91c893db9b43a317332cbde2ac50c17d4137cfbeeeae85edbae158aa1dbc0700,data/raw/board_packets/2026-01-27_Board_of_Directors/attachments/F_07_08_Summary of Appendix 9 Approval Requests and Project Updates.pdf,2026-01-27,,generic_pdf,F 07 08 Summary of Appendix 9 Approval Requests and Project Updates,,2026-06-07,false,new,
2026-01-27_attachments_i_01_01_500_policies_students,e42f8eb8b28e5c3886c0f293cbb4bfc9e4657a93fc78c46687926df2df1e8f4d,data/raw/board_packets/2026-01-27_Board_of_Directors/attachments/I_01_01_500 Policies - Students.pdf,2026-01-27,,generic_pdf,I 01 01 500 Policies   Students,,2026-06-07,false,new,
2026-01-27_attachments_i_02_01_202_2_oath_of_office,ad60103a7c69130f2b2e42ddb7ce77efa2320b66a9216515b009a0bfbc5d1e48,data/raw/board_packets/2026-01-27_Board_of_Directors/attachments/I_02_01_202.2 - Oath of Office.pdf,2026-01-27,,generic_pdf,I 02 01 202.2   Oath of Office,,2026-06-07,false,new,
2026-01-27_attachments_k_01_01_unified_sports_presentation,288971908f71e1af0ee741b2bc0f70fd2f81a7958df0478adf0be322bb4f1780,data/raw/board_packets/2026-01-27_Board_of_Directors/attachments/K_01_01_Unified Sports Presentation.pdf,2026-01-27,,generic_pdf,K 01 01 Unified Sports Presentation,,2026-06-07,false,new,
2026-01-27_attachments_l_01_01_resolution_approving_interfund_loan_iccsd,f28c164e03bf869e1c81615b07394c60944307ea187a4aed62a7b10ffc15fbf2,data/raw/board_packets/2026-01-27_Board_of_Directors/attachments/L_01_01_Resolution Approving Interfund Loan ICCSD.pdf,2026-01-27,,interfund_loan_document,L 01 01 Resolution Approving Interfund Loan ICCSD,,2026-06-07,false,new,
2026-01-27_attachments_l_02_01_temporary_construction_easement,50d8998646a13db5453d3acef67085405f22a079c7913716ee72ff00516ab228,data/raw/board_packets/2026-01-27_Board_of_Directors/attachments/L_02_01_Temporary Construction Easement.pdf,2026-01-27,,generic_pdf,L 02 01 Temporary Construction Easement,,2026-06-07,false,new,
2026-01-27_attachments_l_02_02_forevergreen_temporary_construction_easement_affidavit,10647729aa4c6100b447c24ac01fb8d722e2982ef5a6f5b635c247d114c8e29a,data/raw/board_packets/2026-01-27_Board_of_Directors/attachments/L_02_02_Forevergreen Temporary Construction Easement Affidavit.pdf,2026-01-27,,generic_pdf,L 02 02 Forevergreen Temporary Construction Easement Affidavit,,2026-06-07,false,new,
2026-01-27_attachments_l_02_03_forevergreen_temporary_construction_easement_resolution_2,48ca083cf4a1ef84b6a439e44e0b1c36f7ed6435d435c4e351b3443314960679,data/raw/board_packets/2026-01-27_Board_of_Directors/attachments/L_02_03_Forevergreen Temporary Construction Easement Resolution 2.pdf,2026-01-27,,generic_pdf,L 02 03 Forevergreen Temporary Construction Easement Resolution 2,,2026-06-07,false,new,
2026-01-27_attachments_l_02_04_proof_of_publication,0465e9bb2708ad38c9cb5387cac3a0faf0af3dcee36218b29286c65768a7ce39,data/raw/board_packets/2026-01-27_Board_of_Directors/attachments/L_02_04_Proof of Publication.pdf,2026-01-27,,generic_pdf,L 02 04 Proof of Publication,,2026-06-07,false,new,
2026-01-27_attachments_l_03_01_utility_easement_iccsd,a1edfba260a586c5c5223512c1a542ba4eebdc8a295d94c1cf05c8d645531191,data/raw/board_packets/2026-01-27_Board_of_Directors/attachments/L_03_01_Utility Easement - ICCSD.pdf,2026-01-27,,generic_pdf,L 03 01 Utility Easement   ICCSD,,2026-06-07,false,new,
2026-01-27_attachments_l_03_02_forevergreen_utilities_agreement_resolution_2,927078a50a3e7c025ea29134fa80bc132fcc366655800d6b190e960ad196f29d,data/raw/board_packets/2026-01-27_Board_of_Directors/attachments/L_03_02_Forevergreen Utilities Agreement Resolution 2.pdf,2026-01-27,,generic_pdf,L 03 02 Forevergreen Utilities Agreement Resolution 2,,2026-06-07,false,new,
2026-01-27_attachments_l_03_03_forevergreen_utilities_agreement_affidavit,adefdd8d13831e31b864e9d8bf4df454592ff925bd4045973ea8066697b85336,data/raw/board_packets/2026-01-27_Board_of_Directors/attachments/L_03_03_Forevergreen Utilities Agreement Affidavit.pdf,2026-01-27,,generic_pdf,L 03 03 Forevergreen Utilities Agreement Affidavit,,2026-06-07,false,new,
2026-01-27_attachments_l_03_04_proof_of_publication,811cfd3ebe8ddac07fc3d4e1331bc922cc9bb9f4b821d1c24028f2bb39c653d1,data/raw/board_packets/2026-01-27_Board_of_Directors/attachments/L_03_04_Proof of Publication.pdf,2026-01-27,,generic_pdf,L 03 04 Proof of Publication,,2026-06-07,false,new,
2026-01-27_attachments_m_02_01_2_10_26_regular_meeting_of_the_board_of_directors_agenda_draft,2cc80eb01088051cffadbd6655607ce44c3d113c86639a4d884afc9e2f1efe98,data/raw/board_packets/2026-01-27_Board_of_Directors/attachments/M_02_01_2.10.26 Regular Meeting of the Board of Directors Agenda - Draft.pdf,2026-01-27,,board_packet,M 02 01 2.10.26 Regular Meeting of the Board of Directors Agenda   Draft,,2026-06-07,false,new,
2026-01-27_attachments_m_02_02_2_10_26_operations_committee_meeting_agenda_draft,3adb2b88c6aa2a16e936559cda8d2998215fb3eb1435fb02024c62d2fb0f23e3,data/raw/board_packets/2026-01-27_Board_of_Directors/attachments/M_02_02_2.10.26 Operations Committee Meeting Agenda - DRAFT.pdf,2026-01-27,,board_packet,M 02 02 2.10.26 Operations Committee Meeting Agenda   DRAFT,,2026-06-07,false,new,
2026-01-27_2026_01_27_board_of_directors_transcript,5e97adec05ac2ec465781d80409a5c1ecec92988da474a1eab4cc6e8949d0b97,data/raw/board_packets/2026-01-27_Board_of_Directors/transcript.json,2026-01-27,,transcript,transcript,,2026-06-07,false,new,
2026-02-10_attachments_d_01_01_tate_high_video_update,77fb37afc73713eee567f4c600ac75ca217563dfd0667ae62ab0359a4bf764fd,data/raw/board_packets/2026-02-10_Board_of_Directors/attachments/D_01_01_Tate High Video Update.mp4,2026-02-10,,,D 01 01 Tate High Video Update,,2026-06-07,false,new,
2026-02-10_attachments_f_02_01_accounts_payable_summaries_20260203,dfe3168bef23bc255771a83184ae799d0374bd7f874820df5f65cdcac98cba2a,data/raw/board_packets/2026-02-10_Board_of_Directors/attachments/F_02_01_Accounts_Payable_Summaries - 20260203.pdf,2026-02-10,,accounts_payable_report,F 02 01 Accounts Payable Summaries   20260203,,2026-06-07,false,new,
2026-02-10_attachments_f_02_02_2_3_2026_boardreport10003,2bf148f6ab2e6e7eb56b51f4ff3f2dad788a71914a920f6378c20900d97e5e81,data/raw/board_packets/2026-02-10_Board_of_Directors/attachments/F_02_02_2-3-2026_BoardReport10003.pdf,2026-02-10,,accounts_payable_report,F 02 02 2 3 2026 BoardReport10003,,2026-06-07,false,new,document_type manually set (auto guess: generic_pdf)
2026-02-10_attachments_f_02_03_1_27_2026_boardreport10003,fd1126fcd7afb5a373db2f05cb0d18156486db399f6eb4bb10b0e9f96c3f6bca,data/raw/board_packets/2026-02-10_Board_of_Directors/attachments/F_02_03_1-27-2026_BoardReport10003.pdf,2026-02-10,,accounts_payable_report,F 02 03 1 27 2026 BoardReport10003,,2026-06-07,false,new,document_type manually set (auto guess: generic_pdf)
2026-02-10_attachments_f_03_01_february_10_2026_board_agenda,60f82aec1b9be869834189de8f41043c7f66a76a70fe1bb52f91b0e8097d55b3,"data/raw/board_packets/2026-02-10_Board_of_Directors/attachments/F_03_01_February 10, 2026 Board Agenda.pdf",2026-02-10,,board_packet,"F 03 01 February 10, 2026 Board Agenda",,2026-06-07,false,new,
2026-02-10_attachments_f_04_01_02_10_2026_board_meeting_oe_26_27,98e53365cb98a8e5860eaab1bb823e06a0dda7bb3108c5dbf8dbae1450d723ce,data/raw/board_packets/2026-02-10_Board_of_Directors/attachments/F_04_01_02-10-2026 Board Meeting OE (26-27).pdf,2026-02-10,,generic_pdf,F 04 01 02 10 2026 Board Meeting OE (26 27),,2026-06-07,false,new,
2026-02-10_attachments_f_04_02_02_10_2026_board_meeting_oe_25_26,83a2e14b7fec7ed92aa9d0f8c5b0a92a0ce4f328b2b67261503d6751d7d98c72,data/raw/board_packets/2026-02-10_Board_of_Directors/attachments/F_04_02_02-10-2026 Board Meeting OE (25-26).pdf,2026-02-10,,generic_pdf,F 04 02 02 10 2026 Board Meeting OE (25 26),,2026-06-07,false,new,
2026-02-10_attachments_f_07_01_summary_of_appendix_9_approval_requests_and_project,908bf0bb09083b49c603e73f746fb2ae774c2a8f2acfad888d4425d86a7afa47,data/raw/board_packets/2026-02-10_Board_of_Directors/attachments/F_07_01_Summary of Appendix 9 Approval Requests and Project.pdf,2026-02-10,,generic_pdf,F 07 01 Summary of Appendix 9 Approval Requests and Project,,2026-06-07,false,new,
2026-02-10_attachments_f_07_02_city_hs_little_theater_upgrades,371c1ae37af128f3bf92d75d937359247243578a20107fceff7c8320866cf63f,data/raw/board_packets/2026-02-10_Board_of_Directors/attachments/F_07_02_City HS Little Theater Upgrades.pdf,2026-02-10,,generic_pdf,F 07 02 City HS Little Theater Upgrades,,2026-06-07,false,new,
2026-02-10_attachments_f_07_03_center_for_innovation_2025_building_renovation_dream,b321a628284c09886409fd8dbe6a19b52fbb085b309cb5a417dacf6497b1d3a4,data/raw/board_packets/2026-02-10_Board_of_Directors/attachments/F_07_03_Center for Innovation 2025 Building Renovation Dream.pdf,2026-02-10,,generic_pdf,F 07 03 Center for Innovation 2025 Building Renovation Dream,,2026-06-07,false,new,
2026-02-10_attachments_f_07_04_horn_es_classroom_addition_adn_hvac_upgrade_2022_cla,9e5832cc6e336a73b192382653732f6cf1c6eb39fb6bd168b71266b9e5a7e6ce,data/raw/board_packets/2026-02-10_Board_of_Directors/attachments/F_07_04_Horn ES Classroom Addition adn HVAC Upgrade 2022 Cla.pdf,2026-02-10,,generic_pdf,F 07 04 Horn ES Classroom Addition adn HVAC Upgrade 2022 Cla,,2026-06-07,false,new,
2026-02-10_attachments_f_07_05_nwjh_middle_school_addition_retaining_wall,5c7f25f42e93291e9b1a7cbf081b8d746855dec1e45288d862b20d0f165ef0ea,data/raw/board_packets/2026-02-10_Board_of_Directors/attachments/F_07_05_NWJH Middle School Addition Retaining Wall.pdf,2026-02-10,,generic_pdf,F 07 05 NWJH Middle School Addition Retaining Wall,,2026-06-07,false,new,
2026-02-10_attachments_f_07_06_roof_management_2026_west_hs_replacement,80cd5a42ffe59cef9862af3cd32982221ffeaace8b72c24ea13357dab4b217b9,data/raw/board_packets/2026-02-10_Board_of_Directors/attachments/F_07_06_Roof Management 2026 West HS Replacement.pdf,2026-02-10,,generic_pdf,F 07 06 Roof Management 2026 West HS Replacement,,2026-06-07,false,new,
2026-02-10_attachments_f_07_07_roof_management_2026_lucas_es_replacement,f1c6cd992810b94c7d758de6945d0b0605cc44dd3e6f20e9efb9b4c3aba84446,data/raw/board_packets/2026-02-10_Board_of_Directors/attachments/F_07_07_Roof Management 2026 Lucas ES Replacement.pdf,2026-02-10,,generic_pdf,F 07 07 Roof Management 2026 Lucas ES Replacement,,2026-06-07,false,new,
2026-02-10_attachments_f_07_08_roof_management_2026_wickham_es_and_sems_replacement,38bef487531db8fea36336ac59743b3ab160ef0def3c1e499aaea8e6fcdad111,data/raw/board_packets/2026-02-10_Board_of_Directors/attachments/F_07_08_Roof Management 2026 Wickham ES and SEMS Replacement.pdf,2026-02-10,,generic_pdf,F 07 08 Roof Management 2026 Wickham ES and SEMS Replacement,,2026-06-07,false,new,
2026-02-10_attachments_f_07_09_west_hs_baseball_and_softball_relocation,8bc481347bcf9a281a54ebb8b25254dd9a3284dbeafb76a7da400c95a698c2e2,data/raw/board_packets/2026-02-10_Board_of_Directors/attachments/F_07_09_West HS Baseball and Softball Relocation.pdf,2026-02-10,,generic_pdf,F 07 09 West HS Baseball and Softball Relocation,,2026-06-07,false,new,
2026-02-10_attachments_f_07_10_capital_projects_status_report,3306f7eab5230ea860acb4baa534c2804de8d8c09204453ef5eae5c1c14f301c,data/raw/board_packets/2026-02-10_Board_of_Directors/attachments/F_07_10_Capital Projects Status Report.pdf,2026-02-10,,capital_project_update,F 07 10 Capital Projects Status Report,,2026-06-07,false,new,
2026-02-10_attachments_f_07_11_combined_appendix_9_approval_requests_and_project_up,92a2b244c3fa9f04a8c07572497eb2280dd9773e1d6e0e04c04f64093bcb7a16,data/raw/board_packets/2026-02-10_Board_of_Directors/attachments/F_07_11_Combined Appendix 9 Approval Requests and Project Up.pdf,2026-02-10,,generic_pdf,F 07 11 Combined Appendix 9 Approval Requests and Project Up,,2026-06-07,false,new,
2026-02-10_attachments_i_01_01_500_policies_students,2527f1b7f4976bd19abc13d80e1395f42fd84f4873f5dd5db8af932421e5578e,data/raw/board_packets/2026-02-10_Board_of_Directors/attachments/I_01_01_500 Policies - Students.pdf,2026-02-10,,generic_pdf,I 01 01 500 Policies   Students,,2026-06-07,false,new,
2026-02-10_attachments_i_02_01_202_2_oath_of_office,67abd1fcdce1f2dbe104669f4eb02910bb6396858c41538df0cb19d82708bcf6,data/raw/board_packets/2026-02-10_Board_of_Directors/attachments/I_02_01_202.2 - Oath of Office.pdf,2026-02-10,,generic_pdf,I 02 01 202.2   Oath of Office,,2026-06-07,false,new,
2026-02-10_attachments_k_01_01_enrollment_board_report_25_26_2,06b14d8a14a82f33a392020f6303a3c894e9ea052c28f4aa2415eec00b679a74,data/raw/board_packets/2026-02-10_Board_of_Directors/attachments/K_01_01_Enrollment Board Report 25-26 (2).pdf,2026-02-10,,generic_pdf,K 01 01 Enrollment Board Report 25 26 (2),,2026-06-07,false,new,
2026-02-10_attachments_k_02_01_fy26_quarter_2_financial_report_1,75ae68245f81236167629edef3088b296c0f1fd1601f5da80cc89af16a9caaa3,data/raw/board_packets/2026-02-10_Board_of_Directors/attachments/K_02_01_FY26 Quarter 2 Financial Report (1).pdf,2026-02-10,,quarterly_financial_report,K 02 01 FY26 Quarter 2 Financial Report (1),,2026-06-07,false,new,
2026-02-10_attachments_l_01_01_500_policies_students,cf4aba5bf93213e3f520f7a1995d01943507b0b9458571a1961b4bb8eac1539b,data/raw/board_packets/2026-02-10_Board_of_Directors/attachments/L_01_01_500 Policies - Students.pdf,2026-02-10,,generic_pdf,L 01 01 500 Policies   Students,,2026-06-07,false,new,
2026-02-10_attachments_l_02_01_202_2_oath_of_office,8cd981f58ee192f2944cb5241c7b9b639722594efd15779d1aef3a53c4ed8cca,data/raw/board_packets/2026-02-10_Board_of_Directors/attachments/L_02_01_202.2 - Oath of Office.pdf,2026-02-10,,generic_pdf,L 02 01 202.2   Oath of Office,,2026-06-07,false,new,
2026-02-10_attachments_m_03_01_2_24_25_policy_governance_committee_meeting_agenda,5f30757ef83660875d218e5f55a772d468cdcdc093baccb7af057ebe7984adea,data/raw/board_packets/2026-02-10_Board_of_Directors/attachments/M_03_01_2.24.25 Policy & Governance Committee Meeting Agenda.pdf,2026-02-10,,board_packet,M 03 01 2.24.25 Policy & Governance Committee Meeting Agenda,,2026-06-07,false,new,
2026-02-10_attachments_m_03_02_2_24_26_board_closed_session_iowa_code_chapter_21ag,e2ecd7e6d63eeed9f71a48e6cb81379ad35e85081edd486acf347902eebb9a4e,data/raw/board_packets/2026-02-10_Board_of_Directors/attachments/M_03_02_2.24.26 Board Closed Session_ Iowa Code Chapter 21Ag.pdf,2026-02-10,,generic_pdf,M 03 02 2.24.26 Board Closed Session  Iowa Code Chapter 21Ag,,2026-06-07,false,new,
2026-02-10_attachments_m_03_03_2_24_26_regular_meeting_of_the_board_of_directors_ag,ef9598d5bc879f9b087812321e02249ba998774c25d0e38dd2b08449b3a88547,data/raw/board_packets/2026-02-10_Board_of_Directors/attachments/M_03_03_2.24.26 Regular Meeting of the Board of Directors Ag.pdf,2026-02-10,,generic_pdf,M 03 03 2.24.26 Regular Meeting of the Board of Directors Ag,,2026-06-07,false,new,
2026-02-10_2026_02_10_board_of_directors_transcript_audio,5209a6ff5c13e55055252ba5d262d005d6cbac1f53f593d1d376d1682cbbcb9f,data/raw/board_packets/2026-02-10_Board_of_Directors/transcript_audio.json,2026-02-10,,transcript,transcript audio,,2026-06-07,false,new,
2026-02-10_2026_02_10_board_of_directors_transcript_partial,d40ea5eb2d1cf8c4ba06799c935fc8552dfbfa7520a9d1ad70c6e8497e5939af,data/raw/board_packets/2026-02-10_Board_of_Directors/transcript_partial.json,2026-02-10,,transcript,transcript partial,,2026-06-07,false,new,
2026-02-10_attachments_c_01_01_financial_update_feb_10_board_meeting_1,48915b009abfa1c11da35c60c0e0f6d2502a0e6d14c80007ecd6c0c5ae5c5c54,data/raw/board_packets/2026-02-10_Financial_Oversight_Committee/attachments/C_01_01_Financial Update - Feb 10 Board Meeting (1).pdf,2026-02-10,,board_financial_update,C 01 01 Financial Update   Feb 10 Board Meeting (1),,2026-06-07,false,new,
2026-02-10_2026_02_10_financial_oversight_committee_transcript,a1d233ae83566e2d4bd0cb663de834a71abe88eb0069417d9d3f3198bd340f51,data/raw/board_packets/2026-02-10_Financial_Oversight_Committee/transcript.json,2026-02-10,,transcript,transcript,,2026-06-07,false,new,
2026-02-24_attachments_f_06_01_accounts_payable_summaries_20260224,5d06715ed50d63725802f6fd35bdfa7e8d21f81d17341bc1e2ef6f83abcc7bce,data/raw/board_packets/2026-02-24_Board_of_Directors/attachments/F_06_01_Accounts_Payable_Summaries - 20260224.pdf,2026-02-24,,accounts_payable_report,F 06 01 Accounts Payable Summaries   20260224,,2026-06-07,false,new,
2026-02-24_attachments_f_06_02_2_18_26boardreport10003,b78ddb30df71df0d922bcf82cb98f6f8bec4abc8af1ab59695805e5d47926624,data/raw/board_packets/2026-02-24_Board_of_Directors/attachments/F_06_02_2-18-26BoardReport10003.pdf,2026-02-24,,accounts_payable_report,F 06 02 2 18 26BoardReport10003,,2026-06-07,false,new,document_type manually set (auto guess: generic_pdf)
2026-02-24_attachments_f_06_03_2_16_26boardreport10003,b16a8cf310d9fac32c071fc5c6dddc8f471843292c8e16427f602e5183c9249a,data/raw/board_packets/2026-02-24_Board_of_Directors/attachments/F_06_03_2-16-26BoardReport10003.pdf,2026-02-24,,accounts_payable_report,F 06 03 2 16 26BoardReport10003,,2026-06-07,false,new,document_type manually set (auto guess: generic_pdf)
2026-02-24_attachments_f_06_04_2_10_26_boardreport10003,7973253106f5f18bfee56def69e51439c06f25616eee97272a706d4a60152ed3,data/raw/board_packets/2026-02-24_Board_of_Directors/attachments/F_06_04_2-10-26_BoardReport10003.pdf,2026-02-24,,accounts_payable_report,F 06 04 2 10 26 BoardReport10003,,2026-06-07,false,new,document_type manually set (auto guess: generic_pdf)
2026-02-24_attachments_f_06_05_2_5_2026_boardreport10003,6082fc393e181d5239dcc63f91b5f788657c71c223bee2785888e4ec2db42b28,data/raw/board_packets/2026-02-24_Board_of_Directors/attachments/F_06_05_2-5-2026_BoardReport10003.pdf,2026-02-24,,accounts_payable_report,F 06 05 2 5 2026 BoardReport10003,,2026-06-07,false,new,document_type manually set (auto guess: generic_pdf)
2026-02-24_attachments_f_07_01_february_24_2026_board_agenda,8354decfcb62faa953c7ad25f574eb2eabde62c841c47a2a1b7742742bd6494a,"data/raw/board_packets/2026-02-24_Board_of_Directors/attachments/F_07_01_February 24, 2026 Board Agenda.pdf",2026-02-24,,board_packet,"F 07 01 February 24, 2026 Board Agenda",,2026-06-07,false,new,
2026-02-24_attachments_f_08_01_2_24_2026_board_meeting_oe_26_27_2_0,b30f309d5823bd1fa7df6bd9e91ef9b78d40ea2e72eae30b3b10b6c6812f6056,data/raw/board_packets/2026-02-24_Board_of_Directors/attachments/F_08_01_2-24-2026 Board Meeting OE (26-27)- 2.0.pdf,2026-02-24,,generic_pdf,F 08 01 2 24 2026 Board Meeting OE (26 27)  2.0,,2026-06-07,false,new,
2026-02-24_attachments_f_08_02_2_24_2026_board_meeting_oe_25_26_2_0,7895d4956001f2955b6911a4b86cd94d4e5da0517da5da077a451bc37c020f0b,data/raw/board_packets/2026-02-24_Board_of_Directors/attachments/F_08_02_2-24-2026 Board Meeting OE (25-26)- 2.0.pdf,2026-02-24,,generic_pdf,F 08 02 2 24 2026 Board Meeting OE (25 26)  2.0,,2026-06-07,false,new,
2026-02-24_attachments_f_09_01_iowa_city_school_district_ia_simbli_service_order,10ead8d375108f5883b884abcc972580095bc97b42eb9820a8ddf793bf7c722b,data/raw/board_packets/2026-02-24_Board_of_Directors/attachments/F_09_01_Iowa_City_School_District_-_IA_-_Simbli_Service_Order.pdf,2026-02-24,,generic_pdf,F 09 01 Iowa City School District   IA   Simbli Service Order,,2026-06-07,false,new,
2026-02-24_attachments_f_10_01_iowa_city_csd_baa_10142025,387b9264cfff602cbdb54d3ece7c65e43243514eda1cb02bb0c124cd65c15890,data/raw/board_packets/2026-02-24_Board_of_Directors/attachments/F_10_01_Iowa-City-CSD-BAA-10142025.pdf,2026-02-24,,generic_pdf,F 10 01 Iowa City CSD BAA 10142025,,2026-06-07,false,new,
2026-02-24_attachments_f_10_02_iowa_city_school_district_agreement_1_12_2026,196e4fbc7c47bdea7a814a642e06e9f1640d1b3738f6e6e88c1c8838576a3106,data/raw/board_packets/2026-02-24_Board_of_Directors/attachments/F_10_02_Iowa City School District Agreement 1 12 2026.pdf,2026-02-24,,generic_pdf,F 10 02 Iowa City School District Agreement 1 12 2026,,2026-06-07,false,new,
2026-02-24_attachments_f_10_03_exclusion_reports_iowa_city_school_district_addendum_1,e0a7ca6cad9c82b7913e454408aaa58adb2d3fbf7eaeb1e05c5d3032a3eaff16,data/raw/board_packets/2026-02-24_Board_of_Directors/attachments/F_10_03_Exclusion Reports Iowa City School District Addendum 1.pdf,2026-02-24,,generic_pdf,F 10 03 Exclusion Reports Iowa City School District Addendum 1,,2026-06-07,false,new,
2026-02-24_attachments_g_01_01_iowa_code_examining_board,9635505b183ffcb4a87242da504211934b65dab417cd135c055b64ffb5b9ae57,data/raw/board_packets/2026-02-24_Board_of_Directors/attachments/G_01_01_Iowa Code - Examining Board.pdf,2026-02-24,,generic_pdf,G 01 01 Iowa Code   Examining Board,,2026-06-07,false,new,
2026-02-24_attachments_i_01_01_600_series_educational_programs,e154c48acda64eddae7bc7758610ded9967c516fe3c22719dc8d52660bd1c319,data/raw/board_packets/2026-02-24_Board_of_Directors/attachments/I_01_01_600 Series - Educational Programs.pdf,2026-02-24,,generic_pdf,I 01 01 600 Series   Educational Programs,,2026-06-07,false,new,
2026-02-24_attachments_j_01_01_fy27_certified_budget_update,bdbd93bf926ac0b78dbbb832d33d16bc6f228f3aa7b0a9c4189ff2c3806ef73d,data/raw/board_packets/2026-02-24_Board_of_Directors/attachments/J_01_01_FY27 Certified Budget Update.pdf,2026-02-24,,certified_budget,J 01 01 FY27 Certified Budget Update,,2026-06-07,false,new,
2026-02-24_attachments_j_03_01_preliminay_operational_improvements_timeline,a7f5f4e9a05463514cc9e881daf4c5572e892f0707132140fb07b714fc85aeba,data/raw/board_packets/2026-02-24_Board_of_Directors/attachments/J_03_01_Preliminay Operational Improvements Timeline.pdf,2026-02-24,,generic_pdf,J 03 01 Preliminay Operational Improvements Timeline,,2026-06-07,false,new,
2026-02-24_attachments_k_01_01_proposed_budget_actions_board_2026_27,1638b581c50da8379b5a3ffb91a7214f605d956b7a4e1c62ad6bf4195a3c0082,data/raw/board_packets/2026-02-24_Board_of_Directors/attachments/K_01_01_Proposed Budget Actions Board (2026-27).pdf,2026-02-24,,certified_budget,K 01 01 Proposed Budget Actions Board (2026 27),,2026-06-07,false,new,document_type manually set (auto guess: generic_pdf)
2026-02-24_attachments_k_01_02_object_code_spending_2_24_26_board_mtg,2097ba944dc49db3a1249440dfd37b2c7b279f9d88cfe56f62ce52b4fdb37bb7,data/raw/board_packets/2026-02-24_Board_of_Directors/attachments/K_01_02_Object Code Spending - 2.24.26 Board Mtg.pdf,2026-02-24,,generic_pdf,K 01 02 Object Code Spending   2.24.26 Board Mtg,,2026-06-07,false,new,
2026-02-24_attachments_l_02_01_iccsd_fgmk_interim_cfo,8ca7c99737873ec3db96ef3b362b85d1daf424a85e89ce9a20413669cd2d571a,data/raw/board_packets/2026-02-24_Board_of_Directors/attachments/L_02_01_ICCSD FGMK Interim CFO.pdf,2026-02-24,,cfo_update,L 02 01 ICCSD FGMK Interim CFO,,2026-06-07,false,new,
2026-02-24_attachments_m_02_01_3_3_26_special_board_meeting_agenda_draft,a455b87016366904ba9e173b7894864f0a4bc4eacdca94fb893afd6a5fcff77f,data/raw/board_packets/2026-02-24_Board_of_Directors/attachments/M_02_01_3.3.26 Special Board Meeting Agenda - DRAFT.pdf,2026-02-24,,board_packet,M 02 01 3.3.26 Special Board Meeting Agenda   DRAFT,,2026-06-07,false,new,
2026-02-24_attachments_m_02_02_3_10_26_operations_committee_meeting_agenda_draft,2f1f72101239f311c50f8f31abe9aa3cb28bd1f138bba4f036b9ce4b45ade386,data/raw/board_packets/2026-02-24_Board_of_Directors/attachments/M_02_02_3.10.26 Operations Committee Meeting Agenda - DRAFT.pdf,2026-02-24,,board_packet,M 02 02 3.10.26 Operations Committee Meeting Agenda   DRAFT,,2026-06-07,false,new,
2026-02-24_attachments_m_02_03_3_10_26_regular_meeting_of_the_board_of_directors_agen,04d77323552cdb428bba3482993cf459163b9d51ad831251dc72dbdf5a6517cc,data/raw/board_packets/2026-02-24_Board_of_Directors/attachments/M_02_03_3.10.26 Regular Meeting of the Board of Directors Agen.pdf,2026-02-24,,generic_pdf,M 02 03 3.10.26 Regular Meeting of the Board of Directors Agen,,2026-06-07,false,new,
2026-02-24_2026_02_24_board_of_directors_transcript,6fc6aeadf742574e55d225fe1baf9076346a0d1bd98730cda1be937e02543cfc,data/raw/board_packets/2026-02-24_Board_of_Directors/transcript.json,2026-02-24,,transcript,transcript,,2026-06-07,false,new,
2026-03-10_attachments_d_01_01_march_school_board_video,0073ec9baa17d319de5361b8a8ab6b36e0f2f5662bcca2447f3791bc2e474aac,data/raw/board_packets/2026-03-10_Board_of_Directors/attachments/D_01_01_March School Board Video.mp4,2026-03-10,,,D 01 01 March School Board Video,,2026-06-07,false,new,
2026-03-10_attachments_f_03_01_accounts_payable_summaries_20260310,134d42b860fa25e0c5557d72367542f1d3f83c3e4d125b18140e2c8f6b3e3edb,data/raw/board_packets/2026-03-10_Board_of_Directors/attachments/F_03_01_Accounts_Payable_Summaries - 20260310.pdf,2026-03-10,,accounts_payable_report,F 03 01 Accounts Payable Summaries   20260310,,2026-06-07,false,new,
2026-03-10_attachments_f_03_02_2_24_26_boardreport10003,a12d6ad732f60b2b837dd97a5d59797b0a2b5e698e594527a283e331f435f207,data/raw/board_packets/2026-03-10_Board_of_Directors/attachments/F_03_02_2-24-26_BoardReport10003.pdf,2026-03-10,,accounts_payable_report,F 03 02 2 24 26 BoardReport10003,,2026-06-07,false,new,document_type manually set (auto guess: generic_pdf)
2026-03-10_attachments_f_03_03_2_26_26_boardreport10003,0934fbe16940071970b5034919a8f3f99423d9c7ac7ba1fafdd23c2b5f98b2e3,data/raw/board_packets/2026-03-10_Board_of_Directors/attachments/F_03_03_2-26-26_BoardReport10003.pdf,2026-03-10,,accounts_payable_report,F 03 03 2 26 26 BoardReport10003,,2026-06-07,false,new,document_type manually set (auto guess: generic_pdf)
2026-03-10_attachments_f_03_04_3_3_26_boardreport10003,3ec0a00cac353982aa9733615dfc77ae540dc3444cb443dc2b01cdfe304e310c,data/raw/board_packets/2026-03-10_Board_of_Directors/attachments/F_03_04_3-3-26_BoardReport10003.pdf,2026-03-10,,accounts_payable_report,F 03 04 3 3 26 BoardReport10003,,2026-06-07,false,new,document_type manually set (auto guess: generic_pdf)
2026-03-10_attachments_f_04_01_march_10_2026_board_agenda,e7483a4758f71f4f21211863c5f95a40f573f2596b7198eebffd43eef813440c,"data/raw/board_packets/2026-03-10_Board_of_Directors/attachments/F_04_01_March 10, 2026 Board Agenda.pdf",2026-03-10,,board_packet,"F 04 01 March 10, 2026 Board Agenda",,2026-06-07,false,new,
2026-03-10_attachments_f_05_01_3_10_2026_board_meeting_oe_25_26,5eabbc749af3a350ba40e6ab16f1e6202bb41c50131bace9febdd4774b324ad8,data/raw/board_packets/2026-03-10_Board_of_Directors/attachments/F_05_01_3-10-2026 Board Meeting OE (25-26)-.pdf,2026-03-10,,generic_pdf,F 05 01 3 10 2026 Board Meeting OE (25 26),,2026-06-07,false,new,
2026-03-10_attachments_f_05_02_3_10_2026_board_meeting_oe_26_27,e2886d5e22ab71f05e616d6384a2b67b060b0037b78b53939f3c5aa3ac481a22,data/raw/board_packets/2026-03-10_Board_of_Directors/attachments/F_05_02_3-10-2026 Board Meeting OE (26-27)-.pdf,2026-03-10,,generic_pdf,F 05 02 3 10 2026 Board Meeting OE (26 27),,2026-06-07,false,new,
2026-03-10_attachments_f_06_01_g701_2017_change_order_1,de10536bd35ec6879b46e8e11a7dff8be74b9032dfc87dad241a536f75bc933d,data/raw/board_packets/2026-03-10_Board_of_Directors/attachments/F_06_01_G701-2017 - Change Order #1.pdf,2026-03-10,,generic_pdf,F 06 01 G701 2017   Change Order #1,,2026-06-07,false,new,
2026-03-10_attachments_f_07_01_1_first_board_resolution_iowa_city_csd_1,67d84b62c9d12425a0ed2cde50960f69d74f8caa98e11ed87cb88554bae9557d,data/raw/board_packets/2026-03-10_Board_of_Directors/attachments/F_07_01_(1) First Board Resolution - Iowa City CSD (1).pdf,2026-03-10,,generic_pdf,F 07 01 (1) First Board Resolution   Iowa City CSD (1),,2026-06-07,false,new,
2026-03-10_attachments_f_07_02_2_notice_of_public_hearing_iowa_city_csd_1,1151c47f943a32dc175af57e7f78a695aa0fce0b053c3d9341ca884c5d6994ed,data/raw/board_packets/2026-03-10_Board_of_Directors/attachments/F_07_02_(2) Notice of Public Hearing - Iowa City CSD (1).pdf,2026-03-10,,generic_pdf,F 07 02 (2) Notice of Public Hearing   Iowa City CSD (1),,2026-06-07,false,new,
2026-03-10_attachments_f_09_01_summary_of_appendix_9_approval_requests_and_project_updates,65f59b09e5d0001364628b610a79e8f01ba70b87cf2fe4debe9b1610b816f8c8,data/raw/board_packets/2026-03-10_Board_of_Directors/attachments/F_09_01_Summary of Appendix 9 Approval Requests and Project Updates.pdf,2026-03-10,,generic_pdf,F 09 01 Summary of Appendix 9 Approval Requests and Project Updates,,2026-06-07,false,new,
2026-03-10_attachments_f_09_02_center_for_innovation_2025_building_renovation_dream_accelerator,7935ace01eb43943ee4e6e210f88bf0701888cd8a5936839ad105e42f023e4db,data/raw/board_packets/2026-03-10_Board_of_Directors/attachments/F_09_02_Center for Innovation 2025 Building Renovation Dream Accelerator.pdf,2026-03-10,,generic_pdf,F 09 02 Center for Innovation 2025 Building Renovation Dream Accelerator,,2026-06-07,false,new,
2026-03-10_attachments_f_09_03_city_hs_auditorium_upgrades_2025_opstad_theater_lighting,fdd04f746ced388ced76d867d140ac1ec088043c28b7c8be853d0a5a24ffecab,data/raw/board_packets/2026-03-10_Board_of_Directors/attachments/F_09_03_City HS Auditorium Upgrades 2025 Opstad Theater Lighting.pdf,2026-03-10,,audit,F 09 03 City HS Auditorium Upgrades 2025 Opstad Theater Lighting,,2026-06-07,false,new,
2026-03-10_attachments_f_09_04_school_safety_improvement_grant_2025_district_wide_camera_installatio,376fc68c72728389fda27a1e767ef07a577204a9324460d9e3fa8672a9b1ed30,data/raw/board_packets/2026-03-10_Board_of_Directors/attachments/F_09_04_School Safety Improvement Grant 2025 District Wide Camera Installatio.pdf,2026-03-10,,generic_pdf,F 09 04 School Safety Improvement Grant 2025 District Wide Camera Installatio,,2026-06-07,false,new,
2026-03-10_attachments_f_09_05_west_hs_renovation_phase_3,afb95be8ac41817c3a96a4c801fba9cf98bb36954f382a0e18dec70171ca00b1,data/raw/board_packets/2026-03-10_Board_of_Directors/attachments/F_09_05_West HS Renovation - Phase 3.pdf,2026-03-10,,generic_pdf,F 09 05 West HS Renovation   Phase 3,,2026-06-07,false,new,
2026-03-10_attachments_f_09_06_capital_projects_status_report,95a018e219c849b4f662076dfe53f789aeb4d93a22e072b3b13243c7e7b16483,data/raw/board_packets/2026-03-10_Board_of_Directors/attachments/F_09_06_Capital Projects Status Report.pdf,2026-03-10,,capital_project_update,F 09 06 Capital Projects Status Report,,2026-06-07,false,new,
2026-03-10_attachments_f_09_07_combined_appendix_9_approval_requests_and_project_updates,223cc78e6bd4dd0e1d1f38ab1a9095946e5080aad8bb9c19daf4976ee3350596,data/raw/board_packets/2026-03-10_Board_of_Directors/attachments/F_09_07_Combined Appendix 9 Approval Requests and Project Updates.pdf,2026-03-10,,generic_pdf,F 09 07 Combined Appendix 9 Approval Requests and Project Updates,,2026-06-07,false,new,
2026-03-10_attachments_i_01_01_600_policies_educational_programs,193e4a9f0debba79639f627ecb3f1fb772336e35019147ca3cb4e32113dbd5ed,data/raw/board_packets/2026-03-10_Board_of_Directors/attachments/I_01_01_600 Policies - Educational Programs.pdf,2026-03-10,,generic_pdf,I 01 01 600 Policies   Educational Programs,,2026-06-07,false,new,
2026-03-10_attachments_j_01_01_summary_of_progress_as_of_march_6_2026,f9a7df70ad6e2a00d9c7b374059b0fbff57f8efd8f1211ef044b5a98ec8061d0,"data/raw/board_packets/2026-03-10_Board_of_Directors/attachments/J_01_01_Summary of Progress as of March 6, 2026.pdf",2026-03-10,,generic_pdf,"J 01 01 Summary of Progress as of March 6, 2026",,2026-06-07,false,new,
2026-03-10_attachments_j_01_02_summary_3_6_26_status_chart,c62411283b81ed3f55c7f084f741810cd2cc23c461e5f5120636b51d99bda58a,data/raw/board_packets/2026-03-10_Board_of_Directors/attachments/J_01_02_Summary 3.6.26 Status Chart.pdf,2026-03-10,,generic_pdf,J 01 02 Summary 3.6.26 Status Chart,,2026-06-07,false,new,
2026-03-10_attachments_j_02_01_board_financial_leadership_update,0aa66b2f59057a72da6db6d4d7da99160c48e8152e188806ff897bfc2779cfae,data/raw/board_packets/2026-03-10_Board_of_Directors/attachments/J_02_01_Board Financial Leadership Update.pdf,2026-03-10,,board_financial_update,J 02 01 Board Financial Leadership Update,,2026-06-07,false,new,
2026-03-10_attachments_k_01_01_proposed_budet_actions,22f33ede40ee9b8016db5d5f65b85e2051d32751885ba822727282fc617575c3,data/raw/board_packets/2026-03-10_Board_of_Directors/attachments/K_01_01_Proposed Budet Actions.pdf,2026-03-10,,generic_pdf,K 01 01 Proposed Budet Actions,,2026-06-07,false,new,
2026-03-10_attachments_k_01_02_consulting_contracts,cf2551f975bfc980827a0cce23a24f88457fd962cd99f91726041f567f7933bd,data/raw/board_packets/2026-03-10_Board_of_Directors/attachments/K_01_02_Consulting Contracts.pdf,2026-03-10,,generic_pdf,K 01 02 Consulting Contracts,,2026-06-07,false,new,
2026-03-10_attachments_l_01_01_600_policies_educational_programs,70e90f3d8a9b1e5a6ac58c90f59e3b5b3e1b8c2752d839c20c57f46380453cf5,data/raw/board_packets/2026-03-10_Board_of_Directors/attachments/L_01_01_600 Policies - Educational Programs.pdf,2026-03-10,,generic_pdf,L 01 01 600 Policies   Educational Programs,,2026-06-07,false,new,
2026-03-10_attachments_l_02_01_proposed_budet_actions,4afd2f0055acd9dd9bc6aebcddd2dba1d0f36c8e7d4eb5aaa97cbb497f9bcc8b,data/raw/board_packets/2026-03-10_Board_of_Directors/attachments/L_02_01_Proposed Budet Actions.pdf,2026-03-10,,generic_pdf,L 02 01 Proposed Budet Actions,,2026-06-07,false,new,
2026-03-10_attachments_l_02_02_consulting_contracts,317c964ec13120f5c9d83e3058ca73b888ed9f93d65b2e2a74f5c45c9466adc2,data/raw/board_packets/2026-03-10_Board_of_Directors/attachments/L_02_02_Consulting Contracts.pdf,2026-03-10,,generic_pdf,L 02 02 Consulting Contracts,,2026-06-07,false,new,
2026-03-10_attachments_m_03_01_3_24_26_policy_governance_committee_meeting_draft,b148a2cb6002a8b240e0d97834b3ee1ce547464be2a69a46ddbdcd5848e50a10,data/raw/board_packets/2026-03-10_Board_of_Directors/attachments/M_03_01_3.24.26 Policy & Governance Committee Meeting - DRAFT.pdf,2026-03-10,,generic_pdf,M 03 01 3.24.26 Policy & Governance Committee Meeting   DRAFT,,2026-06-07,false,new,
2026-03-10_attachments_m_03_02_3_24_26special_meeting_budget_hearing_public_hearing_on_proposed_p,2360d9dfa1f2201363dcc5b026ef1622f39709f704ba8c20d360dbf10c92ad36,data/raw/board_packets/2026-03-10_Board_of_Directors/attachments/M_03_02_3.24.26Special Meeting _Budget Hearing _ Public Hearing on Proposed P.pdf,2026-03-10,,certified_budget,M 03 02 3.24.26Special Meeting  Budget Hearing   Public Hearing on Proposed P,,2026-06-07,false,new,document_type manually set (auto guess: generic_pdf)
2026-03-10_attachments_m_03_03_3_24_26_regular_meeting_of_the_board_of_directors_immediately_follo,c5245b460b29f0aa4b74ce2f52a81c0cb80438c892e3a2f290edc48b2497be92,data/raw/board_packets/2026-03-10_Board_of_Directors/attachments/M_03_03_3.24.26 Regular Meeting of the Board of Directors - Immediately Follo.pdf,2026-03-10,,generic_pdf,M 03 03 3.24.26 Regular Meeting of the Board of Directors   Immediately Follo,,2026-06-07,false,new,
2026-03-10_2026_03_10_board_of_directors_transcript,7a699b90db0cc4d0ec9c83a8ee02cc30d86d2b6ab78472a46f54a2a5e563231e,data/raw/board_packets/2026-03-10_Board_of_Directors/transcript.json,2026-03-10,,transcript,transcript,,2026-06-07,false,new,
2026-03-24_attachments_d_01_01_shimek_school_showca,54c641b71741ab9b3c838b425576ca6041242640f6c2581f3964daa0683eb989,data/raw/board_packets/2026-03-24_Board_of_Directors/attachments/D_01_01_Shimek School Showca.pdf,2026-03-24,,generic_pdf,D 01 01 Shimek School Showca,,2026-06-07,false,new,
2026-03-24_attachments_e_01_01_notice_for_newspaper,551812494543f1ba59c27a124e5e61f73ff1bc6c0df296bfa58bafb80e6b240d,data/raw/board_packets/2026-03-24_Board_of_Directors/attachments/E_01_01_Notice for Newspaper.pdf,2026-03-24,,generic_pdf,E 01 01 Notice for Newspaper,,2026-06-07,false,new,
2026-03-24_attachments_e_01_02_resolution_conveyanc,5cb7bdb3843a4dba3373dfbadd24d661d7585a9a69bb228687bb5c06589bda2a,data/raw/board_packets/2026-03-24_Board_of_Directors/attachments/E_01_02_Resolution_conveyanc.pdf,2026-03-24,,generic_pdf,E 01 02 Resolution conveyanc,,2026-06-07,false,new,
2026-03-24_attachments_e_01_03_iow_12142664,6fe344c29b5664fc5a8a56f8ccf38b90c89c4f07e9f7cacc823ef8569defcbac,data/raw/board_packets/2026-03-24_Board_of_Directors/attachments/E_01_03_IOW 12142664.pdf,2026-03-24,,generic_pdf,E 01 03 IOW 12142664,,2026-06-07,false,new,
2026-03-24_attachments_f_04_01_march_24_2026_board,85a55ea01ca8c723c0c56ee65a01976ac365c0d1dfeb5a8679cc2670cad79a64,"data/raw/board_packets/2026-03-24_Board_of_Directors/attachments/F_04_01_March 24, 2026 Board.pdf",2026-03-24,,generic_pdf,"F 04 01 March 24, 2026 Board",,2026-06-07,false,new,
2026-03-24_attachments_f_05_01_3_24_2026_board_meet,a5eb760e694c106f7bd731b1e13483880bd66f8377002a128b0f91afe9d232e1,data/raw/board_packets/2026-03-24_Board_of_Directors/attachments/F_05_01_3-24-2026 Board Meet.pdf,2026-03-24,,generic_pdf,F 05 01 3 24 2026 Board Meet,,2026-06-07,false,new,
2026-03-24_attachments_f_05_02_3_24_2026_board_meet,cd3604c4608f8cc72349ddb883ad8019af00f41a7d605a1f7c9aac1b5770fd30,data/raw/board_packets/2026-03-24_Board_of_Directors/attachments/F_05_02_3-24-2026 Board Meet.pdf,2026-03-24,,generic_pdf,F 05 02 3 24 2026 Board Meet,,2026-06-07,false,new,
2026-03-24_attachments_f_06_01_iowa_city_csd_fy27_p,6160b97383cb52d352b53958e608607530cbef02feb75c0084779c65db10fa42,data/raw/board_packets/2026-03-24_Board_of_Directors/attachments/F_06_01_Iowa City CSD FY27 P.pdf,2026-03-24,,generic_pdf,F 06 01 Iowa City CSD FY27 P,,2026-06-07,false,new,
2026-03-24_attachments_f_07_01_iowa_dpa_2026_1,7d0a02f1c8252f8d873e2e71b4717cf7582beae2bb95630de866785f210b6dac,data/raw/board_packets/2026-03-24_Board_of_Directors/attachments/F_07_01_Iowa_DPA_2026 (1).pdf,2026-03-24,,generic_pdf,F 07 01 Iowa DPA 2026 (1),,2026-06-07,false,new,
2026-03-24_attachments_f_09_01_summary_of_appendix,5dcfeae8a114892dbc6103615ccfd6993bb974e07dd1d1cf734989501af89545,data/raw/board_packets/2026-03-24_Board_of_Directors/attachments/F_09_01_Summary of Appendix.pdf,2026-03-24,,generic_pdf,F 09 01 Summary of Appendix,,2026-06-07,false,new,
2026-03-24_attachments_f_09_02_city_hs_baseball_s,0caaf5ed64822cc9a7df4abe7723e3067ca9245df05ae88d12f8d153762727f9,data/raw/board_packets/2026-03-24_Board_of_Directors/attachments/F_09_02_City HS Baseball & S.pdf,2026-03-24,,generic_pdf,F 09 02 City HS Baseball & S,,2026-06-07,false,new,
2026-03-24_attachments_f_09_03_west_hs_trojan_track,2d8dd25da6919e8b5c7b01f6e88babf883cf26d3599b7da7db67d3828499f013,data/raw/board_packets/2026-03-24_Board_of_Directors/attachments/F_09_03_West HS Trojan Track.pdf,2026-03-24,,generic_pdf,F 09 03 West HS Trojan Track,,2026-06-07,false,new,
2026-03-24_attachments_f_09_04_capital_projects_sta,9128289b3c0b8f2aff64891652cd842f5d6a208c552a5c8448a45b78e7e26b60,data/raw/board_packets/2026-03-24_Board_of_Directors/attachments/F_09_04_Capital Projects Sta.pdf,2026-03-24,,capital_project_update,F 09 04 Capital Projects Sta,,2026-06-07,false,new,
2026-03-24_attachments_f_09_05_combined_appendix_9,747d24402ded74bacb3fa6daee72b901d32bdcde33842836addb8ee70468f6c8,data/raw/board_packets/2026-03-24_Board_of_Directors/attachments/F_09_05_Combined Appendix 9.pdf,2026-03-24,,generic_pdf,F 09 05 Combined Appendix 9,,2026-06-07,false,new,
2026-03-24_attachments_f_10_01_conflict_waiver_lett,81a417ff10b8bf57df338749a63bced28a50e6dff28ddd5ca05b236bfe34738b,data/raw/board_packets/2026-03-24_Board_of_Directors/attachments/F_10_01_Conflict Waiver Lett.pdf,2026-03-24,,generic_pdf,F 10 01 Conflict Waiver Lett,,2026-06-07,false,new,
2026-03-24_attachments_g_01_01_accounts_payable_sum,8777e2457059c5d9faf0e887a4f261c9a4769a6209e0a2d2286f99214e61c885,data/raw/board_packets/2026-03-24_Board_of_Directors/attachments/G_01_01_Accounts Payable Sum.pdf,2026-03-24,,accounts_payable_report,G 01 01 Accounts Payable Sum,,2026-06-07,false,new,document_type manually set (auto guess: generic_pdf)
2026-03-24_attachments_g_01_02_3_17_26_boardreport1,aee1eb1ee129ef9f5ed8180b618b9a1815ded63b34f87c973bad73570c16aa3a,data/raw/board_packets/2026-03-24_Board_of_Directors/attachments/G_01_02_3-17-26_BoardReport1.pdf,2026-03-24,,generic_pdf,G 01 02 3 17 26 BoardReport1,,2026-06-07,false,new,
2026-03-24_attachments_g_01_03_3_10_2026_boardrepor,d6a7a01a5310badc297d188b7c27cfaf8f357288c2aea74f87ea0c86b8cd29f6,data/raw/board_packets/2026-03-24_Board_of_Directors/attachments/G_01_03_3-10-2026_BoardRepor.pdf,2026-03-24,,generic_pdf,G 01 03 3 10 2026 BoardRepor,,2026-06-07,false,new,
2026-03-24_attachments_i_01_01_700_policies_nonin,5937d45616562a07903ce2ca81d648b19abed315134e1658270a798737aeee29,data/raw/board_packets/2026-03-24_Board_of_Directors/attachments/I_01_01_700 Policies – Nonin.pdf,2026-03-24,,generic_pdf,I 01 01 700 Policies – Nonin,,2026-06-07,false,new,
2026-03-24_attachments_i_02_01_303_4_administrato,17c88db4ce69e4d8d19f9d6338bce1b1d4039dd04b3276bf34bb862e0930a0e0,data/raw/board_packets/2026-03-24_Board_of_Directors/attachments/I_02_01_303.4 - Administrato.pdf,2026-03-24,,generic_pdf,I 02 01 303.4   Administrato,,2026-06-07,false,new,
2026-03-24_attachments_i_02_02_303_4_administrato,b99130635b3fd26368d39639fe746d109f80ef248c703bce5e4e7b5090acb2c9,data/raw/board_packets/2026-03-24_Board_of_Directors/attachments/I_02_02_303.4 - Administrato.pdf,2026-03-24,,generic_pdf,I 02 02 303.4   Administrato,,2026-06-07,false,new,
2026-03-24_attachments_i_02_03_303_4_administrato,11c1e048827b4bbbec0220590a6d0259cb0b8be63b5598eee5cf5b2f9c5aa44b,data/raw/board_packets/2026-03-24_Board_of_Directors/attachments/I_02_03_303.4 - Administrato.pdf,2026-03-24,,generic_pdf,I 02 03 303.4   Administrato,,2026-06-07,false,new,
2026-03-24_attachments_i_03_01_200_3g4_financial,644772587ba14908dc49563904ef170940f818b1e869541a1e6da42333e5f8a8,data/raw/board_packets/2026-03-24_Board_of_Directors/attachments/I_03_01_200.3G4 - Financial.pdf,2026-03-24,,generic_pdf,I 03 01 200.3G4   Financial,,2026-06-07,false,new,
2026-03-24_attachments_j_01_01_interim_chief_operat,94bc632fda0f913cda994d7c66aecd6cb3230aa51c69467dd80b5d6981f2101f,data/raw/board_packets/2026-03-24_Board_of_Directors/attachments/J_01_01_Interim Chief Operat.pdf,2026-03-24,,generic_pdf,J 01 01 Interim Chief Operat,,2026-06-07,false,new,
2026-03-24_attachments_j_01_02_interim_chief_financ,a86b4c44e68901e87ec195492de5548912a13634a80a21a273a3a7006505740a,data/raw/board_packets/2026-03-24_Board_of_Directors/attachments/J_01_02_Interim Chief Financ.pdf,2026-03-24,,cfo_update,J 01 02 Interim Chief Financ,,2026-06-07,false,new,document_type manually set (auto guess: generic_pdf)
2026-03-24_attachments_j_01_03_summary_3_14_26_stat,e491fd061b0dfacf9d8865b78b4aebc798ef2e368d00e16083dfeed6f6c0f7b6,data/raw/board_packets/2026-03-24_Board_of_Directors/attachments/J_01_03_Summary 3.14.26 Stat.pdf,2026-03-24,,generic_pdf,J 01 03 Summary 3.14.26 Stat,,2026-06-07,false,new,
2026-03-24_attachments_j_01_04_interfund_correction,0b4601d826f925aeb891fa0d701fb7bf78e897d192805e518a1fa91d04fe0d5d,data/raw/board_packets/2026-03-24_Board_of_Directors/attachments/J_01_04_Interfund correction.xlsx,2026-03-24,,interfund_loan_document,J 01 04 Interfund correction,,2026-06-07,false,new,document_type manually set (auto guess: generic_excel)
2026-03-24_attachments_j_01_05_235_2024_pbc_listing,35dcedbf5e63aeea5af62966afa1543dd78c2d3e13cafffd93638cb98fde6ef6,data/raw/board_packets/2026-03-24_Board_of_Directors/attachments/J_01_05_235 2024 PBC Listing.pdf,2026-03-24,,generic_pdf,J 01 05 235 2024 PBC Listing,,2026-06-07,false,new,
2026-03-24_attachments_j_02_01_board_financial_lead,692d3f3bb713e6c702ed82992b0f02274602e18403799a072a0f34f346afed03,data/raw/board_packets/2026-03-24_Board_of_Directors/attachments/J_02_01_Board Financial lead.pdf,2026-03-24,,board_financial_update,J 02 01 Board Financial lead,,2026-06-07,false,new,document_type manually set (auto guess: generic_pdf)
2026-03-24_attachments_j_04_01_resolution_decalring,058f91a08f8ce3ef76f8f92c39f3cb5919b446e026ade67b540dc63bf6344be1,data/raw/board_packets/2026-03-24_Board_of_Directors/attachments/J_04_01_Resolution Decalring.pdf,2026-03-24,,generic_pdf,J 04 01 Resolution Decalring,,2026-06-07,false,new,
2026-03-24_attachments_k_01_01_fy27_certified_budge,0e4358b458b2b190db84f0905bce3cf9162c11a73925545f8680105ff879185b,data/raw/board_packets/2026-03-24_Board_of_Directors/attachments/K_01_01_FY27 Certified Budge.pdf,2026-03-24,,certified_budget,K 01 01 FY27 Certified Budge,,2026-06-07,false,new,document_type manually set (auto guess: generic_pdf)
2026-03-24_attachments_k_02_01_capital_outlay_borro,d049708f9a7a0160eea25dd8b48c6f6205a047593a21a30dea850ad74fb2da4e,data/raw/board_packets/2026-03-24_Board_of_Directors/attachments/K_02_01_Capital Outlay Borro.pdf,2026-03-24,,generic_pdf,K 02 01 Capital Outlay Borro,,2026-06-07,false,new,
2026-03-24_attachments_k_02_02_capital_outlay_ant,fcae5acccd5e0ec45805a7f1b63f2506ff5a39070ab8fd529d01b832e82d6c7f,data/raw/board_packets/2026-03-24_Board_of_Directors/attachments/K_02_02_Capital Outlay & Ant.pdf,2026-03-24,,generic_pdf,K 02 02 Capital Outlay & Ant,,2026-06-07,false,new,
2026-03-24_attachments_l_01_01_proposed_budet_actio,0a1a6449f88133593617ca7f45839ec89a96d0939aaa5d7b59d9910a68a6e3ff,data/raw/board_packets/2026-03-24_Board_of_Directors/attachments/L_01_01_Proposed Budet Actio.pdf,2026-03-24,,generic_pdf,L 01 01 Proposed Budet Actio,,2026-06-07,false,new,
2026-03-24_attachments_l_03_01_iccsd_cover_letter_3,dd1db4ba9d752d93ec78e31530ce2fa8d6f19541c85979033a7e8709c0a55198,data/raw/board_packets/2026-03-24_Board_of_Directors/attachments/L_03_01_ICCSD Cover Letter 3.pdf,2026-03-24,,generic_pdf,L 03 01 ICCSD Cover Letter 3,,2026-06-07,false,new,
2026-03-24_attachments_l_03_02_exhibit_2a_2b_ex,c295b14bb87201fcd1ee7820236a536ee33f7315a8b1aa297061916f81579413,data/raw/board_packets/2026-03-24_Board_of_Directors/attachments/L_03_02_Exhibit 2a & 2b - Ex.pdf,2026-03-24,,generic_pdf,L 03 02 Exhibit 2a & 2b   Ex,,2026-06-07,false,new,
2026-03-24_attachments_l_03_03_exhibit_2c_budget,a721c6e9b0f7dace00cef5781d8ef17d1c4bd9bb2e9f6f8906c272c4b5268d75,data/raw/board_packets/2026-03-24_Board_of_Directors/attachments/L_03_03_Exhibit 2c - Budget.pdf,2026-03-24,,certified_budget,L 03 03 Exhibit 2c   Budget,,2026-06-07,false,new,document_type manually set (auto guess: generic_pdf)
2026-03-24_attachments_l_03_04_exhibit_2d_februar,a17f14b297ce55aeba338bba7ded46e3e546d77d9e62d271273ab1505a87b4db,data/raw/board_packets/2026-03-24_Board_of_Directors/attachments/L_03_04_Exhibit 2d - Februar.pdf,2026-03-24,,generic_pdf,L 03 04 Exhibit 2d   Februar,,2026-06-07,false,new,
2026-03-24_attachments_l_03_05_exhibit_2e_februar,5b62d242c0663e3a1d8e81809689e8f55f10ec6cfec719e5d588f414b576c5a8,data/raw/board_packets/2026-03-24_Board_of_Directors/attachments/L_03_05_Exhibit 2e - Februar.pdf,2026-03-24,,generic_pdf,L 03 05 Exhibit 2e   Februar,,2026-06-07,false,new,
2026-03-24_attachments_l_03_06_exhibit_2f_februar,4efb6eec5f33f6ec54ed80e1b01f81c2b55dec09817a7d5d068252d54d51c2e2,data/raw/board_packets/2026-03-24_Board_of_Directors/attachments/L_03_06_Exhibit 2f - Februar.pdf,2026-03-24,,generic_pdf,L 03 06 Exhibit 2f   Februar,,2026-06-07,false,new,
2026-03-24_attachments_l_03_07_exhibit_2g_march_3,713fec71d26a754559890dfe60dc2182bebf9428127ca67775165e5cf3ff856e,data/raw/board_packets/2026-03-24_Board_of_Directors/attachments/L_03_07_Exhibit 2g - March 3.pdf,2026-03-24,,generic_pdf,L 03 07 Exhibit 2g   March 3,,2026-06-07,false,new,
2026-03-24_attachments_l_03_08_exhibit_2h_march_1,1dfdd26728aaad57aee99d86e4c212e76df835b33068641fcb2911cacd5c06f2,data/raw/board_packets/2026-03-24_Board_of_Directors/attachments/L_03_08_Exhibit 2h - March 1.pdf,2026-03-24,,generic_pdf,L 03 08 Exhibit 2h   March 1,,2026-06-07,false,new,
2026-03-24_attachments_l_03_09_exhibit_2j_board_a,597d4457d5e45a910b434e590bba9755c3390c65a2de51815f30c47adf61fffa,data/raw/board_packets/2026-03-24_Board_of_Directors/attachments/L_03_09_Exhibit 2j - Board A.pdf,2026-03-24,,generic_pdf,L 03 09 Exhibit 2j   Board A,,2026-06-07,false,new,
2026-03-24_attachments_l_03_10_exhibit_2k_five_ye,9b06167b3bcebd13497dbf65d1e1da120423769cec4c98335c315840a4b7fb48,data/raw/board_packets/2026-03-24_Board_of_Directors/attachments/L_03_10_Exhibit 2k - Five Ye.pdf,2026-03-24,,generic_pdf,L 03 10 Exhibit 2k   Five Ye,,2026-06-07,false,new,
2026-03-24_attachments_l_04_01_fy27_budget_guarante,2cf71ee76161d00e69b41ee0218ecdc98d7fc2a34fa090aea5b32f3f4bdc23dc,data/raw/board_packets/2026-03-24_Board_of_Directors/attachments/L_04_01_FY27 Budget Guarante.pdf,2026-03-24,,generic_pdf,L 04 01 FY27 Budget Guarante,,2026-06-07,false,new,
2026-03-24_attachments_l_05_01_3_second_resolutio,2333d08e60a01153a7f523b9e16bb2e04ecdc7a76153715760794802eae9af98,data/raw/board_packets/2026-03-24_Board_of_Directors/attachments/L_05_01_(3) Second Resolutio.pdf,2026-03-24,,generic_pdf,L 05 01 (3) Second Resolutio,,2026-06-07,false,new,
2026-03-24_attachments_l_05_02_4_affidavit_and_re,20a95f2ed3c37a9c1261eafa4b092ca0579c61941d18775a28b6b2c0575051fd,data/raw/board_packets/2026-03-24_Board_of_Directors/attachments/L_05_02_(4) Affidavit and Re.pdf,2026-03-24,,generic_pdf,L 05 02 (4) Affidavit and Re,,2026-06-07,false,new,
2026-03-24_attachments_l_06_01_resolution_decalring,1f2868ed060a57b3f9be18849db966e12bd17cef45dc0931fae9e8fa968ad95c,data/raw/board_packets/2026-03-24_Board_of_Directors/attachments/L_06_01_Resolution Decalring.pdf,2026-03-24,,generic_pdf,L 06 01 Resolution Decalring,,2026-06-07,false,new,
2026-03-24_attachments_m_02_01_4_1_26_board_work_se,c3646a1729dcfac45136acb2fef1418b6a516717b8d833a1270e3120e46a3c13,data/raw/board_packets/2026-03-24_Board_of_Directors/attachments/M_02_01_4.1.26 Board Work Se.pdf,2026-03-24,,generic_pdf,M 02 01 4.1.26 Board Work Se,,2026-06-07,false,new,
2026-03-24_attachments_m_02_02_4_14_26_board_work_s,b7ef8d54341ca91c45ab64774491aec2da2ba4086f8094dbb6978f1381df35e5,data/raw/board_packets/2026-03-24_Board_of_Directors/attachments/M_02_02_4.14.26 Board Work S.pdf,2026-03-24,,generic_pdf,M 02 02 4.14.26 Board Work S,,2026-06-07,false,new,
2026-03-24_attachments_m_02_03_4_14_26_regular_boar,a95826956eeb7574b9e9f621a15256a828d4c1cbfbb3c788a731df95392209c7,data/raw/board_packets/2026-03-24_Board_of_Directors/attachments/M_02_03_4.14.26 Regular Boar.pdf,2026-03-24,,generic_pdf,M 02 03 4.14.26 Regular Boar,,2026-06-07,false,new,
2026-03-24_2026_03_24_board_of_directors_transcript,911663be9cac5f9fbff992a9385659e9440fa367233916c3861a6ea14d1f7193,data/raw/board_packets/2026-03-24_Board_of_Directors/transcript.json,2026-03-24,,transcript,transcript,,2026-06-07,false,new,
2026-04-01_attachments_b_01_01_capital_outlay_borrowing_need_memo_update_for_4_1,5f2f46a4fb7d706fea76b75061a5a0c6cabf4b8dec83d593d7c0fed58493e3a1,data/raw/board_packets/2026-04-01_Work_Session/attachments/B_01_01_Capital Outlay Borrowing Need Memo Update for 4_1.pdf,2026-04-01,,board_financial_update,B 01 01 Capital Outlay Borrowing Need Memo Update for 4 1,,2026-06-09,false,new,document_type manually set (auto guess: capital_project_update)
2026-04-01_attachments_b_01_02_pfm_summary_of_comprehensive_fiscal_analysis_tax_anticipation_warrants,615175555824577a2d1f2207413a166ef7a293b77aea54a203491b5753fd9421,data/raw/board_packets/2026-04-01_Work_Session/attachments/B_01_02_PFM Summary of Comprehensive Fiscal Analysis - Tax Anticipation Warrants.pdf,2026-04-01,,board_financial_update,B 01 02 PFM Summary of Comprehensive Fiscal Analysis   Tax Anticipation Warrants,,2026-06-09,false,new,document_type manually set (auto guess: generic_pdf)
2026-04-14_attachments_700_policies_noninstructional_operations_business_services,087dbdce7b535cdb61ee78aa1093269a5c455a3071f1b20ec7327b6f0f65dd79,data/raw/board_packets/2026-04-14_Board_of_Directors/attachments/700 Policies – Noninstructional Operations & Business Services.pdf,2026-04-14,,generic_pdf,700 Policies – Noninstructional Operations & Business Services,,2026-06-07,false,new,
2026-04-14_attachments_d_01_01_april_school_board_video,dd0415cf92057df9d7d47537d18c008de150e9e73087572e42970d5232adfb52,data/raw/board_packets/2026-04-14_Board_of_Directors/attachments/D_01_01_April School Board Video.mp4,2026-04-14,,,D 01 01 April School Board Video,,2026-06-07,false,new,
2026-04-14_attachments_fy23_internal_control_audit_findings_and_corrective_actions,0338e2b39e25678e90c782acce57f0230a280f50bfdbe7c95cab8c618bde63c5,data/raw/board_packets/2026-04-14_Board_of_Directors/attachments/FY23 Internal Control Audit Findings and Corrective Actions.pdf,2026-04-14,,audit,FY23 Internal Control Audit Findings and Corrective Actions,,2026-06-07,false,new,
2026-04-14_attachments_f_05_01_accounts_payable_summaries_20260414,784b3119870a8e9795c625989109bf83a47d25bb5208d804980a9000086e65ea,data/raw/board_packets/2026-04-14_Board_of_Directors/attachments/F_05_01_Accounts Payable Summaries 20260414.pdf,2026-04-14,,accounts_payable_report,F 05 01 Accounts Payable Summaries 20260414,,2026-06-07,false,new,document_type manually set (auto guess: generic_pdf)
2026-04-14_attachments_f_05_02_3_31_2026_boardreport10003,67aef02a89050cd773a2e62c2200cc541382dbaeccc328514d2ec167fd31d4c1,data/raw/board_packets/2026-04-14_Board_of_Directors/attachments/F_05_02_3-31-2026 BoardReport10003.pdf,2026-04-14,,accounts_payable_report,F 05 02 3 31 2026 BoardReport10003,,2026-06-07,false,new,document_type manually set (auto guess: generic_pdf)
2026-04-14_attachments_f_05_03_3_24_2026_boardreport10003,d412bfaa0d7a279fb76d480e00e5cd1a697eca946c9030c80399d6f3479aadee,data/raw/board_packets/2026-04-14_Board_of_Directors/attachments/F_05_03_3-24-2026 BoardReport10003.pdf,2026-04-14,,accounts_payable_report,F 05 03 3 24 2026 BoardReport10003,,2026-06-07,false,new,document_type manually set (auto guess: generic_pdf)
2026-04-14_attachments_f_05_04_4_7_2026_boardreport10003,176fd7dc42ea295ae3e7465e44d55c1cab71b94af8e2b039e553c8cd934748db,data/raw/board_packets/2026-04-14_Board_of_Directors/attachments/F_05_04_4-7-2026 BoardReport10003.pdf,2026-04-14,,accounts_payable_report,F 05 04 4 7 2026 BoardReport10003,,2026-06-07,false,new,document_type manually set (auto guess: generic_pdf)
2026-04-14_attachments_f_05_05_bmo_transactions_120625_010526,6f05bccb80408a5595899ab8df8b732b65ec05e069e4d9bac1a9ee69e0722139,data/raw/board_packets/2026-04-14_Board_of_Directors/attachments/F_05_05_BMO Transactions 120625-010526.pdf,2026-04-14,,generic_pdf,F 05 05 BMO Transactions 120625 010526,,2026-06-07,false,new,
2026-04-14_attachments_f_05_06_bmo_transactions_020626_030526,d9b017c813618ce8684d68f6c8d682a06cd94f11b8fe1fa2d4165100dfecae9a,data/raw/board_packets/2026-04-14_Board_of_Directors/attachments/F_05_06_BMO Transactions 020626-030526.pdf,2026-04-14,,generic_pdf,F 05 06 BMO Transactions 020626 030526,,2026-06-07,false,new,
2026-04-14_attachments_f_05_07_bmo_transactions_030626_042626,fe37dcb2b1bd7937d45e1933e6c8bc15c98dfcf8f6a7b068c91ea5e242dda8b0,data/raw/board_packets/2026-04-14_Board_of_Directors/attachments/F_05_07_BMO Transactions 030626-042626.pdf,2026-04-14,,generic_pdf,F 05 07 BMO Transactions 030626 042626,,2026-06-07,false,new,
2026-04-14_attachments_f_05_08_bmo_statement_9199_20260405,c0986fd34f3de164d25da0ddb7ff545fc663c85c7c223cb5dfa7397f4a7c4369,data/raw/board_packets/2026-04-14_Board_of_Directors/attachments/F_05_08_BMO_Statement_9199_20260405.pdf,2026-04-14,,generic_pdf,F 05 08 BMO Statement 9199 20260405,,2026-06-07,false,new,
2026-04-14_attachments_f_05_09_bmo_statement_6555_20260405,83641820e49b9a27896b8298f39ee4bd4e72ed8aab20a81c05f11a7c4f1997e1,data/raw/board_packets/2026-04-14_Board_of_Directors/attachments/F_05_09_BMO_Statement_6555_20260405.pdf,2026-04-14,,generic_pdf,F 05 09 BMO Statement 6555 20260405,,2026-06-07,false,new,
2026-04-14_attachments_f_05_10_bmo_transactions_120624_010525,fb8c94ef30267cc4d233a8f879ce2443a734235f44780430ac0ce70176d7adc4,data/raw/board_packets/2026-04-14_Board_of_Directors/attachments/F_05_10_BMO Transactions 120624-010525.pdf,2026-04-14,,generic_pdf,F 05 10 BMO Transactions 120624 010525,,2026-06-07,false,new,
2026-04-14_attachments_f_05_11_bmo_transactions_010625_020525,cbfcbcd81951d3a0d289ffcc6f6bdacaac312facca0eff41c5d6cc55c6c4f9ac,data/raw/board_packets/2026-04-14_Board_of_Directors/attachments/F_05_11_BMO Transactions 010625-020525.pdf,2026-04-14,,generic_pdf,F 05 11 BMO Transactions 010625 020525,,2026-06-07,false,new,
2026-04-14_attachments_f_05_12_bmo_transactions_020625_030525,fe71b34a6a78490dc6efa5dfe346aedec8c26600164faebbb12e540864637498,data/raw/board_packets/2026-04-14_Board_of_Directors/attachments/F_05_12_BMO Transactions 020625-030525.pdf,2026-04-14,,generic_pdf,F 05 12 BMO Transactions 020625 030525,,2026-06-07,false,new,
2026-04-14_attachments_f_05_13_bmo_transactions_030625_040525,7ab1f012a73a2a74dbf21ae977cbf0b0adec3cbbf30073ad7451c86b1bb7287d,data/raw/board_packets/2026-04-14_Board_of_Directors/attachments/F_05_13_BMO Transactions 030625-040525.pdf,2026-04-14,,generic_pdf,F 05 13 BMO Transactions 030625 040525,,2026-06-07,false,new,
2026-04-14_attachments_f_05_14_bmo_transactions_040625_050525,144edbb587bc3eef5893f3fad849e2e9c928018e0b4a42c7f8440341bf5e4dc5,data/raw/board_packets/2026-04-14_Board_of_Directors/attachments/F_05_14_BMO Transactions 040625-050525.pdf,2026-04-14,,generic_pdf,F 05 14 BMO Transactions 040625 050525,,2026-06-07,false,new,
2026-04-14_attachments_f_05_15_bmo_transactions_050625_060525,10030778c69b3141f8a813473600d1367051a80154993865d342b477fad2c8ca,data/raw/board_packets/2026-04-14_Board_of_Directors/attachments/F_05_15_BMO Transactions 050625-060525.pdf,2026-04-14,,generic_pdf,F 05 15 BMO Transactions 050625 060525,,2026-06-07,false,new,
2026-04-14_attachments_f_05_16_bmo_transactions_060625_070525,be694cc6221d1fce4d8b6863e8ac0b55364fbacdc4d857a8fa07a42b4c85feb7,data/raw/board_packets/2026-04-14_Board_of_Directors/attachments/F_05_16_BMO Transactions 060625-070525.pdf,2026-04-14,,generic_pdf,F 05 16 BMO Transactions 060625 070525,,2026-06-07,false,new,
2026-04-14_attachments_f_05_17_bmo_transactions_070625_080525,d1bb7013a08f946f8c67abb41fca99d14e04c6491a160914b3760ff2e0da02d8,data/raw/board_packets/2026-04-14_Board_of_Directors/attachments/F_05_17_BMO Transactions 070625-080525.pdf,2026-04-14,,generic_pdf,F 05 17 BMO Transactions 070625 080525,,2026-06-07,false,new,
2026-04-14_attachments_f_05_18_bmo_transactions_080625_090525,5c22e85d0d448049c3d884e6f4757891a3c1de74e0e4ed54b8416e037f01468d,data/raw/board_packets/2026-04-14_Board_of_Directors/attachments/F_05_18_BMO Transactions 080625-090525.pdf,2026-04-14,,generic_pdf,F 05 18 BMO Transactions 080625 090525,,2026-06-07,false,new,
2026-04-14_attachments_f_05_19_bmo_transactions_090625_100525,43b41cf39dbdd979b201a02d67e35d25a5e81d5123a48d18ff8a9c1a0147e602,data/raw/board_packets/2026-04-14_Board_of_Directors/attachments/F_05_19_BMO Transactions 090625-100525.pdf,2026-04-14,,generic_pdf,F 05 19 BMO Transactions 090625 100525,,2026-06-07,false,new,
2026-04-14_attachments_f_05_20_bmo_transactions_100625_110525,9caaf00e70523b2c498534f7ef8de637754b78b0f4c3d697895407d42cc168b6,data/raw/board_packets/2026-04-14_Board_of_Directors/attachments/F_05_20_BMO Transactions 100625-110525.pdf,2026-04-14,,generic_pdf,F 05 20 BMO Transactions 100625 110525,,2026-06-07,false,new,
2026-04-14_attachments_f_05_21_bmo_transactions_110625_120525,970c1f346519a361f3ed62521c22fd957b92d4d690b865c6f0e4b45726661059,data/raw/board_packets/2026-04-14_Board_of_Directors/attachments/F_05_21_BMO Transactions 110625-120525.pdf,2026-04-14,,generic_pdf,F 05 21 BMO Transactions 110625 120525,,2026-06-07,false,new,
2026-04-14_attachments_f_05_22_bmo_transactions_120623_010524,c90abb439e9b58a3d15a7817b18d44a951c140e8083ae2d2a7a18caa97151cd8,data/raw/board_packets/2026-04-14_Board_of_Directors/attachments/F_05_22_BMO Transactions 120623-010524.pdf,2026-04-14,,generic_pdf,F 05 22 BMO Transactions 120623 010524,,2026-06-07,false,new,
2026-04-14_attachments_f_05_23_bmo_transactions_010624_020524,296f5c4ad43ac0d096f4942edb548e721c610e1e1b9fce3284a34e754f1ac7b0,data/raw/board_packets/2026-04-14_Board_of_Directors/attachments/F_05_23_BMO Transactions 010624-020524.pdf,2026-04-14,,generic_pdf,F 05 23 BMO Transactions 010624 020524,,2026-06-07,false,new,
2026-04-14_attachments_f_05_24_bmo_transactions_020624_030524,5963075b88611add8d24813c2f722b66b9eb057222d13e2f547aa1029e661d8a,data/raw/board_packets/2026-04-14_Board_of_Directors/attachments/F_05_24_BMO Transactions 020624-030524.pdf,2026-04-14,,generic_pdf,F 05 24 BMO Transactions 020624 030524,,2026-06-07,false,new,
2026-04-14_attachments_f_05_25_bmo_transactions_030624_040524,32d9ee722b8d0f242710fbacc29735cc8cfd7e1806025d1deca6f459ded7b980,data/raw/board_packets/2026-04-14_Board_of_Directors/attachments/F_05_25_BMO Transactions 030624-040524.pdf,2026-04-14,,generic_pdf,F 05 25 BMO Transactions 030624 040524,,2026-06-07,false,new,
2026-04-14_attachments_f_05_26_bmo_transactions_040624_050524,3c52fb2d317e9dca38a0cc22b45749c925d6222e3162da0c5836e5655279e183,data/raw/board_packets/2026-04-14_Board_of_Directors/attachments/F_05_26_BMO Transactions 040624-050524.pdf,2026-04-14,,generic_pdf,F 05 26 BMO Transactions 040624 050524,,2026-06-07,false,new,
2026-04-14_attachments_f_05_27_bmo_transactions_050624_060524,d87b5daef59519dceb603dd6bc2b0618517ca652c57401388e96ee6ac968231e,data/raw/board_packets/2026-04-14_Board_of_Directors/attachments/F_05_27_BMO Transactions 050624-060524.pdf,2026-04-14,,generic_pdf,F 05 27 BMO Transactions 050624 060524,,2026-06-07,false,new,
2026-04-14_attachments_f_05_28_bmo_transactions_060624_070524,a71cb8579521f8c050c07f6f31e2ce92d68e2af6f0058965f83e532d7e83e91b,data/raw/board_packets/2026-04-14_Board_of_Directors/attachments/F_05_28_BMO Transactions 060624-070524.pdf,2026-04-14,,generic_pdf,F 05 28 BMO Transactions 060624 070524,,2026-06-07,false,new,
2026-04-14_attachments_f_05_29_bmo_transactions_070624_080524,658f3a9ecb0a6aef218c7b16761ec37daef91b419d327bfcede567315841f14d,data/raw/board_packets/2026-04-14_Board_of_Directors/attachments/F_05_29_BMO Transactions 070624-080524.pdf,2026-04-14,,generic_pdf,F 05 29 BMO Transactions 070624 080524,,2026-06-07,false,new,
2026-04-14_attachments_f_05_30_bmo_transactions_080624_090524,1b079187f21e27d0b3c1d953bd00a4a24c83faa80b7a041767c9f0f66134d039,data/raw/board_packets/2026-04-14_Board_of_Directors/attachments/F_05_30_BMO Transactions 080624-090524.pdf,2026-04-14,,generic_pdf,F 05 30 BMO Transactions 080624 090524,,2026-06-07,false,new,
2026-04-14_attachments_f_05_31_bmo_transactions_090624_100524,1603bab2b8296cd5a6a28ff2662ff2c15e87fc9fbd988f69fc3617ec36cea54c,data/raw/board_packets/2026-04-14_Board_of_Directors/attachments/F_05_31_BMO Transactions 090624-100524.pdf,2026-04-14,,generic_pdf,F 05 31 BMO Transactions 090624 100524,,2026-06-07,false,new,
2026-04-14_attachments_f_05_32_bmo_transactions_100624_110524,ad6525bfb7eb734bb5b8a18bd9ce03e270547cea6661fd781e149abb3f74bb08,data/raw/board_packets/2026-04-14_Board_of_Directors/attachments/F_05_32_BMO Transactions 100624-110524.pdf,2026-04-14,,generic_pdf,F 05 32 BMO Transactions 100624 110524,,2026-06-07,false,new,
2026-04-14_attachments_f_05_33_bmo_transactions_110624_120524,05ef825ca5f0d904c0b39b9cebff44c8fd187f84f977acf13667397c4d740aea,data/raw/board_packets/2026-04-14_Board_of_Directors/attachments/F_05_33_BMO Transactions 110624-120524.pdf,2026-04-14,,generic_pdf,F 05 33 BMO Transactions 110624 120524,,2026-06-07,false,new,
2026-04-14_attachments_f_05_34_bmo_transactions_070623_080523,eaf8cf37e04c4c18259ae92aea4ef3150cd1827c1626ce8f160886728cb0f365,data/raw/board_packets/2026-04-14_Board_of_Directors/attachments/F_05_34_BMO Transactions 070623-080523.pdf,2026-04-14,,generic_pdf,F 05 34 BMO Transactions 070623 080523,,2026-06-07,false,new,
2026-04-14_attachments_f_05_35_bmo_transactions_080623_090523,237c30a89cf479c7db3d13bf666f83d45ed58550192650a79835a24633709aab,data/raw/board_packets/2026-04-14_Board_of_Directors/attachments/F_05_35_BMO Transactions 080623-090523.pdf,2026-04-14,,generic_pdf,F 05 35 BMO Transactions 080623 090523,,2026-06-07,false,new,
2026-04-14_attachments_f_05_36_bmo_transactions_100623_110523,33464bc7701aa457ade7ef256d42a85392eab3e4565c95b4d57e1e4dfce0afcf,data/raw/board_packets/2026-04-14_Board_of_Directors/attachments/F_05_36_BMO Transactions 100623-110523.pdf,2026-04-14,,generic_pdf,F 05 36 BMO Transactions 100623 110523,,2026-06-07,false,new,
2026-04-14_attachments_f_05_37_bmo_transactions_100623_110523_1,99c3fdfc959442b2d1efc3f5eb4b5d49cde8586123fcac5222919aafa4ab1bf4,data/raw/board_packets/2026-04-14_Board_of_Directors/attachments/F_05_37_BMO Transactions 100623-110523 (1).pdf,2026-04-14,,generic_pdf,F 05 37 BMO Transactions 100623 110523 (1),,2026-06-07,false,new,
2026-04-14_attachments_f_05_38_bmo_transactions_110623_120523,1f8fb2a992ba7035db22967935b85a8847a4600f77000745b643537e91704bbe,data/raw/board_packets/2026-04-14_Board_of_Directors/attachments/F_05_38_BMO Transactions 110623-120523.pdf,2026-04-14,,generic_pdf,F 05 38 BMO Transactions 110623 120523,,2026-06-07,false,new,
2026-04-14_attachments_f_06_01_april_14_2026_board_agenda,66bea8efea29c896d64807b1decea6f0dbde36b5f954bb26403d68fe70a509bd,"data/raw/board_packets/2026-04-14_Board_of_Directors/attachments/F_06_01_April 14, 2026 Board Agenda.pdf",2026-04-14,,board_packet,"F 06 01 April 14, 2026 Board Agenda",,2026-06-07,false,new,
2026-04-14_attachments_f_07_01_4_14_2026_board_meeting_oe_25_26,a85dae07b835d59828f230f365724157a41dcd87527845bd62831be9f4ba20d6,data/raw/board_packets/2026-04-14_Board_of_Directors/attachments/F_07_01_4-14-2026 Board Meeting OE (25-26).pdf,2026-04-14,,generic_pdf,F 07 01 4 14 2026 Board Meeting OE (25 26),,2026-06-07,false,new,
2026-04-14_attachments_f_07_02_4_14_2026_board_meeting_oe_26_27,2130703279e8e094daee3b2b71d5a1e8e4c2b752437378430bb514d09620b22a,data/raw/board_packets/2026-04-14_Board_of_Directors/attachments/F_07_02_4-14-2026 Board Meeting OE (26-27)-.pdf,2026-04-14,,generic_pdf,F 07 02 4 14 2026 Board Meeting OE (26 27),,2026-06-07,false,new,
2026-04-14_attachments_f_08_01_6s0168_updated_iowa_city_schools_deaf_language_coach_srvcs,b946373d6085c6eb1f1a0b97bc0dea6d954d56c058785a069d3d1cc492e3ad1d,data/raw/board_packets/2026-04-14_Board_of_Directors/attachments/F_08_01_6S0168 - Updated - Iowa City Schools - Deaf Language Coach Srvcs.pdf,2026-04-14,,generic_pdf,F 08 01 6S0168   Updated   Iowa City Schools   Deaf Language Coach Srvcs,,2026-06-07,false,new,
2026-04-14_attachments_f_09_01_mkv_interdistrict_transport_agreement_west_liberty_iccsd,2b0f51cee7db6dc6344c31d9ade583d291532b6131ea85702e2ed01111f2a9b8,data/raw/board_packets/2026-04-14_Board_of_Directors/attachments/F_09_01_MKV Interdistrict Transport Agreement West Liberty ICCSD.pdf,2026-04-14,,generic_pdf,F 09 01 MKV Interdistrict Transport Agreement West Liberty ICCSD,,2026-06-07,false,new,
2026-04-14_attachments_f_10_01_contract_extension_martin_bros_sy26_27_part_signed,c3395bf3cdfec7193668d301192a329c0fb9c274a0058b1a214ee42fd1f8b1d9,data/raw/board_packets/2026-04-14_Board_of_Directors/attachments/F_10_01_Contract Extension Martin Bros SY26_27 Part Signed.pdf,2026-04-14,,generic_pdf,F 10 01 Contract Extension Martin Bros SY26 27 Part Signed,,2026-06-07,false,new,
2026-04-14_attachments_f_10_02_contract_extension_with_pricing_anderson_erickson_sy26_27_part_signed,500f2b7ab175631351143a1f0a4905feb209f1c1f69b3bbdfdde2169b6a0fd38,data/raw/board_packets/2026-04-14_Board_of_Directors/attachments/F_10_02_Contract Extension with Pricing Anderson Erickson SY26_27 Part Signed.pdf,2026-04-14,,generic_pdf,F 10 02 Contract Extension with Pricing Anderson Erickson SY26 27 Part Signed,,2026-06-07,false,new,
2026-04-14_attachments_f_10_03_contract_extension_bread_sy26_27_part_signed,330bc0e006cd1034ee684101b7f0c959ec4e69d99b24aaf8f372c64acd134a6e,data/raw/board_packets/2026-04-14_Board_of_Directors/attachments/F_10_03_Contract Extension Bread SY26_27 Part Signed.pdf,2026-04-14,,generic_pdf,F 10 03 Contract Extension Bread SY26 27 Part Signed,,2026-06-07,false,new,
2026-04-14_attachments_f_10_04_contract_extension_bread_pricing_sy26_27,d6882f896291923807860880fec5aa57f28d069ec84cbfb3357fcfbb9c67c8c0,data/raw/board_packets/2026-04-14_Board_of_Directors/attachments/F_10_04_Contract Extension Bread Pricing SY26_27.pdf,2026-04-14,,generic_pdf,F 10 04 Contract Extension Bread Pricing SY26 27,,2026-06-07,false,new,
2026-04-14_attachments_f_11_01_verizon_distance_learning_agreement,57edfc022414ce9677ae6a732d74b1b76944d6a2124b82f2298101ebb47d6388,data/raw/board_packets/2026-04-14_Board_of_Directors/attachments/F_11_01_Verizon Distance learning Agreement.pdf,2026-04-14,,generic_pdf,F 11 01 Verizon Distance learning Agreement,,2026-06-07,false,new,
2026-04-14_attachments_f_12_01_iowa_city_schools_ia_internet_services_agreement_s0024999_rene,e9b35cebd5dfeb6709e003848cda43c482256be23d0f840e3fa9c828c00e4fe2,data/raw/board_packets/2026-04-14_Board_of_Directors/attachments/F_12_01_Iowa City Schools (IA) - Internet Services Agreement - S0024999 (Rene.pdf,2026-04-14,,generic_pdf,F 12 01 Iowa City Schools (IA)   Internet Services Agreement   S0024999 (Rene,,2026-06-07,false,new,
2026-04-14_attachments_f_12_02_iccsd_2026_add_355_iowa_ave_imon_business_msa,669b9b8331bca60e070c176da5dcf2b52f0a38373e1854c44b168b76debb1d25,data/raw/board_packets/2026-04-14_Board_of_Directors/attachments/F_12_02_ICCSD - 2026 Add 355 Iowa Ave ImOn Business MSA.pdf,2026-04-14,,generic_pdf,F 12 02 ICCSD   2026 Add 355 Iowa Ave ImOn Business MSA,,2026-06-07,false,new,
2026-04-14_attachments_f_13_01_aercor_quote_drh2608945_iccsd_aruba_9240_gateways_5_yr_form_470,a08156d93a8ba94eb7b19251b29909a1f7502530a4fb04289b33dcd8c70cc24d,data/raw/board_packets/2026-04-14_Board_of_Directors/attachments/F_13_01_Aercor Quote - DRH2608945 - ICCSD-Aruba 9240 Gateways-5 YR_Form 470#.pdf,2026-04-14,,generic_pdf,F 13 01 Aercor Quote   DRH2608945   ICCSD Aruba 9240 Gateways 5 YR Form 470#,,2026-06-07,false,new,
2026-04-14_attachments_f_15_01_summary_of_appendix_9_approval_requests_and_project_updates,eb7f27cb947073c5f1c30324523fc3781cb09bd18852ec4aa9b35141f52ff204,data/raw/board_packets/2026-04-14_Board_of_Directors/attachments/F_15_01_Summary of Appendix 9 Approval Requests and Project Updates.pdf,2026-04-14,,generic_pdf,F 15 01 Summary of Appendix 9 Approval Requests and Project Updates,,2026-06-07,false,new,
2026-04-14_attachments_f_15_02_city_hs_auditorium_upgrades,aaebe6bf757daaac25f0a92a31dc6d5fffaff55f4cd5a11a0feab8def9895976,data/raw/board_packets/2026-04-14_Board_of_Directors/attachments/F_15_02_City HS Auditorium Upgrades.pdf,2026-04-14,,audit,F 15 02 City HS Auditorium Upgrades,,2026-06-07,false,new,
2026-04-14_attachments_f_15_03_city_hs_addition_phase_3,0394cb7deb19e80f113662f35dad21fdd001630c3786d46527e9faddc052ee56,data/raw/board_packets/2026-04-14_Board_of_Directors/attachments/F_15_03_City HS Addition - Phase 3.pdf,2026-04-14,,generic_pdf,F 15 03 City HS Addition   Phase 3,,2026-06-07,false,new,
2026-04-14_attachments_f_15_04_liberty_hs_soccer_field_lighting,07470e2a0f106e3f4327bccb9dd2e81ebebcb321ed9907bbb9bf52de2212726f,data/raw/board_packets/2026-04-14_Board_of_Directors/attachments/F_15_04_Liberty HS Soccer Field Lighting.pdf,2026-04-14,,generic_pdf,F 15 04 Liberty HS Soccer Field Lighting,,2026-06-07,false,new,
2026-04-14_attachments_f_15_05_ncjh_middle_school_addition,aa59cca1252a4062f783db42d365fbd8258f879ff1a37aae71e947985d08f160,data/raw/board_packets/2026-04-14_Board_of_Directors/attachments/F_15_05_NCJH Middle School Addition.pdf,2026-04-14,,generic_pdf,F 15 05 NCJH Middle School Addition,,2026-06-07,false,new,
2026-04-14_attachments_f_15_06_combined_appendix_9_approval_requests_and_project_updates,1e8f201a003bc4f0ca3313f1c0efd7938186e9b031fb6ce02883488ffd629d9d,data/raw/board_packets/2026-04-14_Board_of_Directors/attachments/F_15_06_Combined Appendix 9 Approval Requests and Project Updates.pdf,2026-04-14,,generic_pdf,F 15 06 Combined Appendix 9 Approval Requests and Project Updates,,2026-06-07,false,new,
2026-04-14_attachments_f_15_07_capital_projects_status_report,8f03899b9148131219ca5b9489c95adf03dbd155920ea53bd565ddfce74afaa2,data/raw/board_packets/2026-04-14_Board_of_Directors/attachments/F_15_07_Capital Projects Status Report.pdf,2026-04-14,,capital_project_update,F 15 07 Capital Projects Status Report,,2026-06-07,false,new,
2026-04-14_attachments_g_01_01_1_first_board_resolution_iowa_city,c01ddda5d087ef5ea9a357cc75ec26f70b41e3b1d051a9a4af20b5051e8e7bd4,data/raw/board_packets/2026-04-14_Board_of_Directors/attachments/G_01_01_(1) First Board Resolution - Iowa City.pdf,2026-04-14,,generic_pdf,G 01 01 (1) First Board Resolution   Iowa City,,2026-06-07,false,new,
2026-04-14_attachments_g_01_02_2_signed_notice_of_public_hearing_iowa_city,99382259d1bc197f65c12fa118eebe5df1c60a09dd998a05729649f4d5e4981a,data/raw/board_packets/2026-04-14_Board_of_Directors/attachments/G_01_02_(2) Signed Notice of Public Hearing - Iowa City.pdf,2026-04-14,,generic_pdf,G 01 02 (2) Signed Notice of Public Hearing   Iowa City,,2026-06-07,false,new,
2026-04-14_attachments_i_01_01_700_policies_noninstructional_operations_business_services,087dbdce7b535cdb61ee78aa1093269a5c455a3071f1b20ec7327b6f0f65dd79,data/raw/board_packets/2026-04-14_Board_of_Directors/attachments/I_01_01_700 Policies – Noninstructional Operations & Business Services.pdf,2026-04-14,,generic_pdf,I 01 01 700 Policies – Noninstructional Operations & Business Services,,2026-06-07,false,new,
2026-04-14_attachments_j_02_01_personal_device_screen_time_software_feedback_4_14_26,0130ba38dfac83430a93790019d387f605fc157ea1b5bee56f150e4fc7e3fd2d,"data/raw/board_packets/2026-04-14_Board_of_Directors/attachments/J_02_01_Personal Device, Screen Time, & Software Feedback (4-14-26).pdf",2026-04-14,,generic_pdf,"J 02 01 Personal Device, Screen Time, & Software Feedback (4 14 26)",,2026-06-07,false,new,
2026-04-14_attachments_j_02_02_draft_cell_phone_screen_time_software_survey_april_2026,958a66dc4ef868df495e93c6c648a24d10e5a6fd91b615e8fe671f32d52d2704,"data/raw/board_packets/2026-04-14_Board_of_Directors/attachments/J_02_02_DRAFT Cell Phone, Screen Time, Software Survey (April 2026).pdf",2026-04-14,,generic_pdf,"J 02 02 DRAFT Cell Phone, Screen Time, Software Survey (April 2026)",,2026-06-07,false,new,
2026-04-14_attachments_k_01_01_interim_chief_financial_officer_report_4_10_26,5571b34d75e72fd5fa0a09f72ccf85973b05fdc972cd92447820286be95c1251,data/raw/board_packets/2026-04-14_Board_of_Directors/attachments/K_01_01_Interim Chief Financial Officer Report 4.10.26.pdf,2026-04-14,,cfo_update,K 01 01 Interim Chief Financial Officer Report 4.10.26,,2026-06-07,false,new,document_type manually set (auto guess: quarterly_financial_report)
2026-04-14_attachments_k_01_02_interim_chief_financial_officer_report_4_3_26,1af203fc44e13208dc94c650611e40a08fa3d1eca88c1fc3f3d307a80565ab2b,data/raw/board_packets/2026-04-14_Board_of_Directors/attachments/K_01_02_Interim Chief Financial Officer Report 4.3.26.pdf,2026-04-14,,cfo_update,K 01 02 Interim Chief Financial Officer Report 4.3.26,,2026-06-07,false,new,document_type manually set (auto guess: quarterly_financial_report)
2026-04-14_attachments_k_01_03_summary_4_9_status_chart,a346a66d57d478bfa42908188cbbac43ba737dfa5a1815dfbf5e8e6d4e4c1c4b,data/raw/board_packets/2026-04-14_Board_of_Directors/attachments/K_01_03_Summary 4-9 Status Chart.pdf,2026-04-14,,generic_pdf,K 01 03 Summary 4 9 Status Chart,,2026-06-07,false,new,
2026-04-14_attachments_k_01_04_fy23_audit_findings_ic_adjustments_4_8_26_memo,0338e2b39e25678e90c782acce57f0230a280f50bfdbe7c95cab8c618bde63c5,data/raw/board_packets/2026-04-14_Board_of_Directors/attachments/K_01_04_FY23 Audit Findings & IC Adjustments - 4.8.26 memo.pdf,2026-04-14,,audit,K 01 04 FY23 Audit Findings & IC Adjustments   4.8.26 memo,,2026-06-07,false,new,
2026-04-14_attachments_k_01_05_tax_penalties_assessed_and_paid_from_december_2024_through_february_2,43dc1e6e86e73629e159974fdc8046dfe4a5d7972920acf1b3ca8f954ec8eee4,data/raw/board_packets/2026-04-14_Board_of_Directors/attachments/K_01_05_Tax Penalties Assessed and Paid from December 2024 through February 2.pdf,2026-04-14,,generic_pdf,K 01 05 Tax Penalties Assessed and Paid from December 2024 through February 2,,2026-06-07,false,new,
2026-04-14_attachments_k_02_01_board_financial_leadership_update,6e84e83c8ae436699d5286855c5f9278979fcba3ebda75d31d14ba4d3df48574,data/raw/board_packets/2026-04-14_Board_of_Directors/attachments/K_02_01_Board Financial Leadership Update.pdf,2026-04-14,,board_financial_update,K 02 01 Board Financial Leadership Update,,2026-06-07,false,new,
2026-04-14_attachments_l_01_01_700_policies_noninstructional_operations_business_services,977b2ee3ff9174c66338e856b70572c81f0347627730fe461eab38c4fb230f78,data/raw/board_packets/2026-04-14_Board_of_Directors/attachments/L_01_01_700 Policies – Noninstructional Operations & Business Services.pdf,2026-04-14,,generic_pdf,L 01 01 700 Policies – Noninstructional Operations & Business Services,,2026-06-07,false,new,
2026-04-14_attachments_m_03_01_4_23_26_special_meeting_of_the_board_of_directors_draft,6e2ff9815b59aaee093ac70a01f4a7a5ffad1875a0369e367fef8c5d1620d55a,data/raw/board_packets/2026-04-14_Board_of_Directors/attachments/M_03_01_4.23.26 Special Meeting of the Board of Directors - DRAFT.pdf,2026-04-14,,generic_pdf,M 03 01 4.23.26 Special Meeting of the Board of Directors   DRAFT,,2026-06-07,false,new,
2026-04-14_attachments_m_03_02_4_28_26_policy_governance_committee_meeting_draft,094dedbc7e8ed88ca5036483e6353e66cfb43eb5f5584b92eb2c10a1fa6cda5d,data/raw/board_packets/2026-04-14_Board_of_Directors/attachments/M_03_02_4.28.26 Policy & Governance Committee Meeting - DRAFT.pdf,2026-04-14,,generic_pdf,M 03 02 4.28.26 Policy & Governance Committee Meeting   DRAFT,,2026-06-07,false,new,
2026-04-14_attachments_m_03_03_4_28_26_regular_meeting_of_the_board_of_directors_draft,2fd2f8e6b06b88617c6709b68a52593200580de02e3a913b53fee0d5a934e488,data/raw/board_packets/2026-04-14_Board_of_Directors/attachments/M_03_03_4.28.26 Regular Meeting of the Board of Directors - DRAFT.pdf,2026-04-14,,generic_pdf,M 03 03 4.28.26 Regular Meeting of the Board of Directors   DRAFT,,2026-06-07,false,new,
2026-04-14_2026_04_14_board_of_directors_transcript,7e077c0f6e299230663f8833bbc530a8854030b2df010fa0be894720fbece05e,data/raw/board_packets/2026-04-14_Board_of_Directors/transcript.json,2026-04-14,,transcript,transcript,,2026-06-07,false,new,
2026-04-14_attachments_b_01_01_200_3g4_financial_oversight_committee_charter,3f021e54b29ec1ecebe26d8e0f31bb9a0f6740c2cf368dcc3f0ec0fa8d97fd11,data/raw/board_packets/2026-04-14_Financial_Oversight_Committee/attachments/B_01_01_200.3G4 - Financial Oversight Committee Charter.pdf,2026-04-14,,generic_pdf,B 01 01 200.3G4   Financial Oversight Committee Charter,,2026-06-07,false,new,
2026-04-14_attachments_b_01_02_iccsd_financial_oversight_charter_proposal_2026_04_01,09af859a12112100feca299d5e1076fdb50dae494fc03e651530994530efbe92,data/raw/board_packets/2026-04-14_Financial_Oversight_Committee/attachments/B_01_02_ICCSD Financial Oversight Charter Proposal_2026 04 01.pdf,2026-04-14,,generic_pdf,B 01 02 ICCSD Financial Oversight Charter Proposal 2026 04 01,,2026-06-07,false,new,
2026-04-14_attachments_b_01_03_iccsd_financial_oversight_committee_charter_200_3g4_financial_oversig,62b43ee43ebf2d42ad4b001c98bd5837f3ea042602d878273199d9621786e074,data/raw/board_packets/2026-04-14_Financial_Oversight_Committee/attachments/B_01_03_ICCSD Financial Oversight Committee Charter_200.3G4 - Financial Oversig.pdf,2026-04-14,,generic_pdf,B 01 03 ICCSD Financial Oversight Committee Charter 200.3G4   Financial Oversig,,2026-06-07,false,new,
2026-04-14_attachments_b_01_04_iasb_regulation_112_r_1_auditfinance_committee,8fca455e6fda0e743ee5fae0f479025daeed7a9dd3c16b948e9fbc3c8b6f5aec,data/raw/board_packets/2026-04-14_Financial_Oversight_Committee/attachments/B_01_04_IASB_Regulation 112-R(1) AuditFinance Committee.pdf,2026-04-14,,audit,B 01 04 IASB Regulation 112 R(1) AuditFinance Committee,,2026-06-07,false,new,
2026-04-14_attachments_b_01_05_iasb_regulation_112_r_2_auditfinance_committee_annual_budget_and_3_y,4ed338667cabc8d23dcc4197357ef6dbf68aeb2eecf60ef34955c954ae8423e4,data/raw/board_packets/2026-04-14_Financial_Oversight_Committee/attachments/B_01_05_IASB_Regulation 112-R(2) AuditFinance Committee - Annual Budget and 3 Y.pdf,2026-04-14,,audit,B 01 05 IASB Regulation 112 R(2) AuditFinance Committee   Annual Budget and 3 Y,,2026-06-07,false,new,
2026-04-14_attachments_b_01_06_des_moines_public_schools_audit_committee_charter_in_process_of_updat,be211382062d253826bcc55ad9ce409384a889b9ca0f22ed2d0ccd0167acd5c4,data/raw/board_packets/2026-04-14_Financial_Oversight_Committee/attachments/B_01_06_DES MOINES PUBLIC SCHOOLS AUDIT COMMITTEE CHARTER - in process of updat.pdf,2026-04-14,,audit,B 01 06 DES MOINES PUBLIC SCHOOLS AUDIT COMMITTEE CHARTER   in process of updat,,2026-06-07,false,new,
2026-04-14_attachments_b_01_07_auditcommitte_cedar_rapids_schools,2411cd9e3b7839689862caee568ed7b16539860f6dc64d066cb5ba6f39834cef,data/raw/board_packets/2026-04-14_Financial_Oversight_Committee/attachments/B_01_07_AuditCommitte - Cedar Rapids Schools.pdf,2026-04-14,,audit,B 01 07 AuditCommitte   Cedar Rapids Schools,,2026-06-07,false,new,
2026-04-14_attachments_b_01_08_cedar_rapids_schools_auditcommitteapprovedcharter_matrix_5_01_19,e5b06bc0b989417d9f600c4fb42a8073fd6a4603cc99f71fa0285e762e4ad45f,data/raw/board_packets/2026-04-14_Financial_Oversight_Committee/attachments/B_01_08_Cedar Rapids Schools_AuditCommitteApprovedCharter.Matrix_5-01-19.pdf,2026-04-14,,audit,B 01 08 Cedar Rapids Schools AuditCommitteApprovedCharter.Matrix 5 01 19,,2026-06-07,false,new,
2026-04-14_attachments_b_01_09_waterloo_committee_structure,043ea28b919809ec33c65e56ef9b4e33d24ccc472ec15bdb8fb5256fde812dee,data/raw/board_packets/2026-04-14_Financial_Oversight_Committee/attachments/B_01_09_Waterloo committee structure.pdf,2026-04-14,,generic_pdf,B 01 09 Waterloo committee structure,,2026-06-07,false,new,
2026-04-14_attachments_b_01_10_waukee,98c0913741072b65f28b4a403afd986254f8830169c346398c5d2791b6f25b80,data/raw/board_packets/2026-04-14_Financial_Oversight_Committee/attachments/B_01_10_Waukee.pdf,2026-04-14,,generic_pdf,B 01 10 Waukee,,2026-06-07,false,new,
2026-04-14_attachments_b_02_01_208_r1_board_committees_regulation,f680fce6276fe033a4d4db50a0c96685758fb0073c4be96bbc3b384082297ffb,data/raw/board_packets/2026-04-14_Financial_Oversight_Committee/attachments/B_02_01_208.R1 - Board Committees - Regulation _.pdf,2026-04-14,,generic_pdf,B 02 01 208.R1   Board Committees   Regulation,,2026-06-07,false,new,
2026-04-14_attachments_b_03_01_board_financial_leadership_update,db88d5b67dd51fbd95308043a61cb9a8ecfbff2d4b50b0bb67486e0a8a7f46cf,data/raw/board_packets/2026-04-14_Financial_Oversight_Committee/attachments/B_03_01_Board Financial Leadership Update.pdf,2026-04-14,,board_financial_update,B 03 01 Board Financial Leadership Update,,2026-06-07,false,new,
2026-04-14_attachments_b_04_01_700_policies_noninstructional_operations_business_services,76a2ab3dfc8a882677985f39db310e9441ee243ea1d2a9ffb38a1b316979d732,data/raw/board_packets/2026-04-14_Financial_Oversight_Committee/attachments/B_04_01_700 Policies – Noninstructional Operations & Business Services.pdf,2026-04-14,,generic_pdf,B 04 01 700 Policies – Noninstructional Operations & Business Services,,2026-06-07,false,new,
2026-04-14_2026_04_14_financial_oversight_committee_transcript,cd670306fc005d21f868e107dfd3cfb813410bd4d576edd0f5aa6c6dbba25ea6,data/raw/board_packets/2026-04-14_Financial_Oversight_Committee/transcript.json,2026-04-14,,transcript,transcript,,2026-06-07,false,new,
2026-04-28_attachments_d_01_01_sems_choir_board_meeting_presentation,06f7e053f296df37e3690fc845073f8391c70c42c03e49ae48b97cbe3ce6e3d7,data/raw/board_packets/2026-04-28_Board_of_Directors/attachments/D_01_01_SEMS Choir Board Meeting Presentation.pdf,2026-04-28,,generic_pdf,D 01 01 SEMS Choir Board Meeting Presentation,,2026-06-07,false,new,
2026-04-28_attachments_e_01_01_iow_12239022,5e6aa5832277b8a4c7650d01538e2573b1050046cae36bc85810a463c1aea79c,data/raw/board_packets/2026-04-28_Board_of_Directors/attachments/E_01_01_IOW 12239022.pdf,2026-04-28,,generic_pdf,E 01 01 IOW 12239022,,2026-06-07,false,new,
2026-04-28_attachments_e_02_01_affidavit_of_publication_12237023,e9e74f8b3abf8d0081547cfd8b53c73b89dd7a9a80b5adb814977860806fc568,data/raw/board_packets/2026-04-28_Board_of_Directors/attachments/E_02_01_Affidavit of Publication 12237023.pdf,2026-04-28,,property_sale_document,E 02 01 Affidavit of Publication 12237023,,2026-06-07,false,new,document_type manually set (auto guess: generic_pdf)
2026-04-28_attachments_e_02_02_notice_of_public_hearing_to_pc,cdec8388d45fba86a51fb1f310b6e32c984df6c72479ec2ed4f919089a06b167,data/raw/board_packets/2026-04-28_Board_of_Directors/attachments/E_02_02_Notice of Public Hearing to PC.pdf,2026-04-28,,generic_pdf,E 02 02 Notice of Public Hearing to PC,,2026-06-07,false,new,
2026-04-28_attachments_e_02_03_frist_resolution_1725_n_dodge_signed,8e3bbe90df12f795e07629fc512beed5bf6cd2cc1f98bb951770037eab5c00b7,data/raw/board_packets/2026-04-28_Board_of_Directors/attachments/E_02_03_Frist Resolution 1725 N Dodge - Signed.pdf,2026-04-28,,generic_pdf,E 02 03 Frist Resolution 1725 N Dodge   Signed,,2026-06-07,false,new,
2026-04-28_attachments_f_05_01_march_2026_p_card,120d3df0c22721f30b205f4d16a6a008ee324f3bc550423457fd83566fffd8d5,data/raw/board_packets/2026-04-28_Board_of_Directors/attachments/F_05_01_March 2026 P Card.pdf,2026-04-28,,generic_pdf,F 05 01 March 2026 P Card,,2026-06-07,false,new,
2026-04-28_attachments_f_05_02_4_21_2026_boardreport10003,f951dbecc866f8b175426a0624c86aa5a1432085d7c5880ba43a4cc0981107f5,data/raw/board_packets/2026-04-28_Board_of_Directors/attachments/F_05_02_4-21-2026_BoardReport10003.pdf,2026-04-28,,accounts_payable_report,F 05 02 4 21 2026 BoardReport10003,,2026-06-07,false,new,document_type manually set (auto guess: generic_pdf)
2026-04-28_attachments_f_05_03_accounts_payable_summaries_20260428,a3d18dc83eb2bbcf9d22070f4ee3030f8b8b017f3c9d41f96159a2a22e2f1ad3,data/raw/board_packets/2026-04-28_Board_of_Directors/attachments/F_05_03_Accounts Payable Summaries 20260428.pdf,2026-04-28,,accounts_payable_report,F 05 03 Accounts Payable Summaries 20260428,,2026-06-07,false,new,document_type manually set (auto guess: generic_pdf)
2026-04-28_attachments_f_05_04_4_14_2026_boardreport10003,6e77b768c730b79d6df1196361b45d9f86b164425636003ddb3007cab9134922,data/raw/board_packets/2026-04-28_Board_of_Directors/attachments/F_05_04_4-14-2026_BoardReport10003.pdf,2026-04-28,,accounts_payable_report,F 05 04 4 14 2026 BoardReport10003,,2026-06-07,false,new,document_type manually set (auto guess: generic_pdf)
2026-04-28_attachments_f_06_01_april_28_2026_board_agenda_1,46b7fca700615f2a277f91cfeda6b0243f2701f55d0438e8300fbf375bc6d12c,"data/raw/board_packets/2026-04-28_Board_of_Directors/attachments/F_06_01_April 28, 2026 Board Agenda (1).pdf",2026-04-28,,board_packet,"F 06 01 April 28, 2026 Board Agenda (1)",,2026-06-07,false,new,
2026-04-28_attachments_f_07_01_4_28_26_board_meeting_oe_25_26,24f0e65a023320d84bbdad26a404079bcbf4037a81c407a440863d4db8cd0971,data/raw/board_packets/2026-04-28_Board_of_Directors/attachments/F_07_01_4.28.26 Board Meeting OE (25-26).pdf,2026-04-28,,generic_pdf,F 07 01 4.28.26 Board Meeting OE (25 26),,2026-06-07,false,new,
2026-04-28_attachments_f_07_02_4_28_2026_board_meeting_oe_26_27,bc2435e43fc8b579bed8eeea070a331ffe561494348a8d9634f150478fac881e,data/raw/board_packets/2026-04-28_Board_of_Directors/attachments/F_07_02_4-28-2026 Board Meeting OE (26-27)-.pdf,2026-04-28,,generic_pdf,F 07 02 4 28 2026 Board Meeting OE (26 27),,2026-06-07,false,new,
2026-04-28_attachments_f_08_01_docusign_agreement,d409969e392053cd1087ab0f725de5764a9b9064b00415219d44a6bcebfec6e9,data/raw/board_packets/2026-04-28_Board_of_Directors/attachments/F_08_01_Docusign Agreement.pdf,2026-04-28,,generic_pdf,F 08 01 Docusign Agreement,,2026-06-07,false,new,
2026-04-28_attachments_f_09_01_proposed_pay_to_ride_fee_2026_2027,bcb5e13f2ab082c2a3701924df670a2cf83d42725f7048d3cd62017bb64a42c1,data/raw/board_packets/2026-04-28_Board_of_Directors/attachments/F_09_01_Proposed Pay to Ride Fee 2026-2027.pdf,2026-04-28,,generic_pdf,F 09 01 Proposed Pay to Ride Fee 2026 2027,,2026-06-07,false,new,
2026-04-28_attachments_f_10_01_dsa_iowa_city_community_1,667048f1c6f8b439ec3c50da3a76db5a47e9c1e4fbc811f4c998b145d40f9f43,data/raw/board_packets/2026-04-28_Board_of_Directors/attachments/F_10_01_DSA Iowa City Community (1).pdf,2026-04-28,,generic_pdf,F 10 01 DSA Iowa City Community (1),,2026-06-07,false,new,
2026-04-28_attachments_f_12_01_summary_of_appendix_9_approval_requests_and_project,67f2181840fc5fe33c75cc76b0c6024dde6aa54313eaaae434e518157456616c,data/raw/board_packets/2026-04-28_Board_of_Directors/attachments/F_12_01_Summary of Appendix 9 Approval Requests and Project.pdf,2026-04-28,,generic_pdf,F 12 01 Summary of Appendix 9 Approval Requests and Project,,2026-06-07,false,new,
2026-04-28_attachments_f_12_02_center_for_innovation_2025_dream_accelerator,0c3efe70a835f3abfd4259d23a62487aa0a5b0b1a23e9103811147feedc0171d,data/raw/board_packets/2026-04-28_Board_of_Directors/attachments/F_12_02_Center for Innovation 2025 Dream Accelerator.pdf,2026-04-28,,generic_pdf,F 12 02 Center for Innovation 2025 Dream Accelerator,,2026-06-07,false,new,
2026-04-28_attachments_f_12_03_city_hs_2025_opstad_theater_lighting,afbd27257a584c11a21a3ebd0d6e880adcc290d1cabdd23231cb040b19cce032,data/raw/board_packets/2026-04-28_Board_of_Directors/attachments/F_12_03_City HS 2025 Opstad Theater Lighting.pdf,2026-04-28,,generic_pdf,F 12 03 City HS 2025 Opstad Theater Lighting,,2026-06-07,false,new,
2026-04-28_attachments_f_12_04_city_hs_2025_baseball_softball_field_improvements,810b01970fce0554c04aa91913231657847e56311492690a82cc91700133a1e2,data/raw/board_packets/2026-04-28_Board_of_Directors/attachments/F_12_04_City HS 2025 Baseball & Softball Field Improvements.pdf,2026-04-28,,generic_pdf,F 12 04 City HS 2025 Baseball & Softball Field Improvements,,2026-06-07,false,new,
2026-04-28_attachments_f_12_05_capital_projects_status_report,76dcfad27ab91720b1a8092f6225012119b08c86fbcac0e483bff6497693bd6a,data/raw/board_packets/2026-04-28_Board_of_Directors/attachments/F_12_05_Capital Projects Status Report.pdf,2026-04-28,,capital_project_update,F 12 05 Capital Projects Status Report,,2026-06-07,false,new,
2026-04-28_attachments_f_12_06_combined_appendix_9_approval_requests_and_project_up,72d8201b6196138f7fa92a147ae985ce9a550eb3b3ab9562fd1dc1b66f27a3f1,data/raw/board_packets/2026-04-28_Board_of_Directors/attachments/F_12_06_Combined Appendix 9 Approval Requests and Project Up.pdf,2026-04-28,,generic_pdf,F 12 06 Combined Appendix 9 Approval Requests and Project Up,,2026-06-07,false,new,
2026-04-28_attachments_i_01_01_800_policies_buildings_sites,cfc8c4c6ab66d24e04721b98f9d83fde04b725748c692ee713c101eef053746a,data/raw/board_packets/2026-04-28_Board_of_Directors/attachments/I_01_01_800 Policies Buildings & Sites.pdf,2026-04-28,,generic_pdf,I 01 01 800 Policies Buildings & Sites,,2026-06-07,false,new,
2026-04-28_attachments_i_02_01_700_policies,7d06d2c4dc9674e7eb45ee902a21b63e6b528d5da8ace2b73c992d23a07d0d66,data/raw/board_packets/2026-04-28_Board_of_Directors/attachments/I_02_01_700 Policies.pdf,2026-04-28,,generic_pdf,I 02 01 700 Policies,,2026-06-07,false,new,
2026-04-28_attachments_i_03_01_policy_primers,61e01890c4f13427b2d15d7c00dd3c500d5adee1575b56c94f79198c20eb4c42,data/raw/board_packets/2026-04-28_Board_of_Directors/attachments/I_03_01_Policy Primers.pdf,2026-04-28,,generic_pdf,I 03 01 Policy Primers,,2026-06-07,false,new,
2026-04-28_attachments_i_04_01_policy_207_board_of_directors_legal_counsel,fb463d48a83132a3ea7e8b46a0dee9f846bba5dbdfb59344d05e3b8b0b559a93,data/raw/board_packets/2026-04-28_Board_of_Directors/attachments/I_04_01_Policy 207 Board of Directors Legal Counsel.pdf,2026-04-28,,generic_pdf,I 04 01 Policy 207 Board of Directors Legal Counsel,,2026-06-07,false,new,
2026-04-28_attachments_i_05_01_303_2_administrator_qualifications_recruitment_a,ee76d17e9a21a641b9e0ffbbc6ed9b77697f3af0d299a6e60e7537a3f470b3a4,"data/raw/board_packets/2026-04-28_Board_of_Directors/attachments/I_05_01_303.2 - Administrator Qualifications, Recruitment, A.pdf",2026-04-28,,generic_pdf,"I 05 01 303.2   Administrator Qualifications, Recruitment, A",,2026-06-07,false,new,
2026-04-28_attachments_i_06_01_303_4_administrator_salary_and_other_compensation,2774708c28cf40dc76aa9629327db1e56bf260054478fa2546820e7fc3b3e200,data/raw/board_packets/2026-04-28_Board_of_Directors/attachments/I_06_01_303.4 Administrator Salary and Other Compensation.pdf,2026-04-28,,generic_pdf,I 06 01 303.4 Administrator Salary and Other Compensation,,2026-06-07,false,new,
2026-04-28_attachments_i_06_02_303_4_administrator_salary_and_other_compensation,c02b033fc4578ccd600b6ab8196b549e825e5b0738f248ff7612cbddb77deb2a,data/raw/board_packets/2026-04-28_Board_of_Directors/attachments/I_06_02_303.4 - Administrator Salary and Other Compensation.pdf,2026-04-28,,generic_pdf,I 06 02 303.4   Administrator Salary and Other Compensation,,2026-06-07,false,new,
2026-04-28_attachments_j_01_01_pfm_presentation_iccsd_ytd_genfund_fiscal_progress_a,fa7d321555f1d306076a38917ab8d90d60bd160d433f6090276a9e6bf77c1df2,data/raw/board_packets/2026-04-28_Board_of_Directors/attachments/J_01_01_PFM_Presentation_ICCSD_YTD_GenFund_Fiscal_Progress_a.pdf,2026-04-28,,board_financial_update,J 01 01 PFM Presentation ICCSD YTD GenFund Fiscal Progress a,,2026-06-07,false,new,document_type manually set (auto guess: generic_pdf)
2026-04-28_attachments_j_01_02_pfm_presentation_iccsd_ytd_genfund_fiscal_progress_a,8bf84905d11e312358963bff2fdbac1acb769b13ac25b5c82075407e167ae94b,data/raw/board_packets/2026-04-28_Board_of_Directors/attachments/J_01_02_PFM_Presentation_ICCSD_YTD_GenFund_Fiscal_Progress_a.pdf,2026-04-28,,board_financial_update,J 01 02 PFM Presentation ICCSD YTD GenFund Fiscal Progress a,,2026-06-07,false,new,document_type manually set (auto guess: generic_pdf)
2026-04-28_attachments_j_02_01_interim_chief_financial_report_4_17_26,e41aedd13f1fe6c30df44875e790648db939455e20cbdbbeed5ce5fe4aefa6fd,data/raw/board_packets/2026-04-28_Board_of_Directors/attachments/J_02_01_Interim Chief Financial Report 4.17.26.pdf,2026-04-28,,cfo_update,J 02 01 Interim Chief Financial Report 4.17.26,,2026-06-07,false,new,document_type manually set (auto guess: quarterly_financial_report)
2026-04-28_attachments_j_02_02_summary_4_17_status_of_progress,8c906596e8511b773ad5f6c8c7ecf8798c71400e9d457877efbf5365f451df9d,data/raw/board_packets/2026-04-28_Board_of_Directors/attachments/J_02_02_Summary 4-17 Status of Progress.pdf,2026-04-28,,generic_pdf,J 02 02 Summary 4 17 Status of Progress,,2026-06-07,false,new,
2026-04-28_attachments_j_02_03_financial_iccsd_monthly_close_schedule_as_of_4_17_26,a49b3a965e92b8f0d3468be7befb97635e541ec65a256d62e2436f0c39f78504,data/raw/board_packets/2026-04-28_Board_of_Directors/attachments/J_02_03_Financial ICCSD Monthly Close Schedule as of 4.17.26.pdf,2026-04-28,,monthly_financial_report,J 02 03 Financial ICCSD Monthly Close Schedule as of 4.17.26,,2026-06-07,false,new,
2026-04-28_attachments_j_02_04_interim_chief_financial_report_4_24_26,3c1279b25d583a1b6b49431d2b5f9c435ba4fa133d47f5187ecb34d6054feacd,data/raw/board_packets/2026-04-28_Board_of_Directors/attachments/J_02_04_Interim Chief Financial Report 4.24.26.pdf,2026-04-28,,cfo_update,J 02 04 Interim Chief Financial Report 4.24.26,,2026-06-07,false,new,document_type manually set (auto guess: quarterly_financial_report)
2026-04-28_attachments_j_02_05_summary_4_23_status_of_progress,732443b8a6fdbf2883325a57104f666c3efbaa0ec04b80e3078cfe4f242e4c7b,data/raw/board_packets/2026-04-28_Board_of_Directors/attachments/J_02_05_Summary 4-23 Status of Progress.pdf,2026-04-28,,generic_pdf,J 02 05 Summary 4 23 Status of Progress,,2026-06-07,false,new,
2026-04-28_attachments_j_03_01_board_financial_leadership_update,7302ab4493f89a8c9abd33c084605299541833ca20e4d02a1c38fe9a8a8e3127,data/raw/board_packets/2026-04-28_Board_of_Directors/attachments/J_03_01_Board Financial Leadership Update.pdf,2026-04-28,,board_financial_update,J 03 01 Board Financial Leadership Update,,2026-06-07,false,new,
2026-04-28_attachments_j_04_01_2026_04_28_bod_discussion_community_communications,5d9efc09cda549c819bd9342abc387c9ffad20a48d68f4af0ce2a35deeaa185f,data/raw/board_packets/2026-04-28_Board_of_Directors/attachments/J_04_01_2026-04-28 BoD Discussion_Community Communications.pdf,2026-04-28,,generic_pdf,J 04 01 2026 04 28 BoD Discussion Community Communications,,2026-06-07,false,new,
2026-04-28_attachments_j_05_01_4_28_26_board_meeting_staff_anonymous_reporting_too,d0801dc7c1077a88950318b7779577deac900e5bfd988de51f712bd641f1e63c,data/raw/board_packets/2026-04-28_Board_of_Directors/attachments/J_05_01_4_28_26 Board Meeting_ Staff Anonymous Reporting Too.pdf,2026-04-28,,generic_pdf,J 05 01 4 28 26 Board Meeting  Staff Anonymous Reporting Too,,2026-06-07,false,new,
2026-04-28_attachments_j_06_01_proposed_resolution_on_the_facilities_master_plan,04520adff5fba1c9c5626f176270b214c5e6a4064439148c351cae9df0eb55af,data/raw/board_packets/2026-04-28_Board_of_Directors/attachments/J_06_01_Proposed Resolution on the Facilities Master Plan.pdf,2026-04-28,,generic_pdf,J 06 01 Proposed Resolution on the Facilities Master Plan,,2026-06-07,false,new,
2026-04-28_attachments_l_01_01_700_policies,56de5d4f4b6d953da9745ad10275463e0b307213085e3811aa49f340ac131090,data/raw/board_packets/2026-04-28_Board_of_Directors/attachments/L_01_01_700 Policies.pdf,2026-04-28,,generic_pdf,L 01 01 700 Policies,,2026-06-07,false,new,
2026-04-28_attachments_l_02_01_fy27_certified_budget_discussion,6bfbb9d34ac50d2c045f85418305b19b70b18898d5905160c7b65309c1c7b9aa,data/raw/board_packets/2026-04-28_Board_of_Directors/attachments/L_02_01_FY27 Certified Budget Discussion.pdf,2026-04-28,,certified_budget,L 02 01 FY27 Certified Budget Discussion,,2026-06-07,false,new,
2026-04-28_attachments_l_02_02_nopa_2026_2027_property_tax_levy,592bfbb9f19f6689fa5fae6b05aee3e3169fb982e422670c2be1ff29c4d5dba8,data/raw/board_packets/2026-04-28_Board_of_Directors/attachments/L_02_02_NOPA - 2026-2027 Property Tax Levy.pdf,2026-04-28,,generic_pdf,L 02 02 NOPA   2026 2027 Property Tax Levy,,2026-06-07,false,new,
2026-04-28_attachments_l_02_03_nopa_2026_2027_certified_budget,6e47be586c508d821c420d68f8bb5a05744f48f4692c10f0ee21dea777659037,data/raw/board_packets/2026-04-28_Board_of_Directors/attachments/L_02_03_NOPA - 2026-2027 Certified Budget.pdf,2026-04-28,,certified_budget,L 02 03 NOPA   2026 2027 Certified Budget,,2026-06-07,false,new,
2026-04-28_attachments_l_03_01_affidavit_and_resolution_re_conveyance_of_real_prope,9ae2df757f2b8aca67940e5d83292b6d522b66f6e53361566192366032f96faa,data/raw/board_packets/2026-04-28_Board_of_Directors/attachments/L_03_01_Affidavit and Resolution re Conveyance of Real Prope.pdf,2026-04-28,,property_sale_document,L 03 01 Affidavit and Resolution re Conveyance of Real Prope,,2026-06-07,false,new,document_type manually set (auto guess: generic_pdf)
2026-04-28_attachments_l_03_02_second_resolution_4_28_26_iowa_city,f247af4e81cc9031322dff8ba4091dc191bac49f8814674872ca0fe9d12bc9f3,data/raw/board_packets/2026-04-28_Board_of_Directors/attachments/L_03_02_Second Resolution - 4.28.26 - Iowa City.pdf,2026-04-28,,generic_pdf,L 03 02 Second Resolution   4.28.26   Iowa City,,2026-06-07,false,new,
2026-04-28_attachments_m_02_01_5_12_26_operations_committee_meeting_draft,2e0b37c7c02bc3b70999feb58bc148b0aa8e70d326c9bb2f37be53297f4c82cc,data/raw/board_packets/2026-04-28_Board_of_Directors/attachments/M_02_01_5.12.26 Operations Committee Meeting - DRAFT.pdf,2026-04-28,,generic_pdf,M 02 01 5.12.26 Operations Committee Meeting   DRAFT,,2026-06-07,false,new,
2026-04-28_attachments_m_02_02_5_12_26_regular_meeting_of_the_board_of_directors,5caaf6c73e7c994eb0d3fb29bd58b2befd14d0dff4ffb1863086c177a7b17775,data/raw/board_packets/2026-04-28_Board_of_Directors/attachments/M_02_02_5.12.26 Regular Meeting of the Board of Directors -.pdf,2026-04-28,,generic_pdf,M 02 02 5.12.26 Regular Meeting of the Board of Directors,,2026-06-07,false,new,
2026-04-28_2026_04_28_board_of_directors_transcript,e51949889f976256ae430ae86446e3262db45262074c8e857e48b8b04601ed67,data/raw/board_packets/2026-04-28_Board_of_Directors/transcript.json,2026-04-28,,transcript,transcript,,2026-06-07,false,new,
2026-05-12_attachments_e_01_01_affidavit_of_publication,9db8b9878275ba78bbf9daba8bb07032abec037e814309fb920a0e494419ab7e,data/raw/board_packets/2026-05-12_Board_of_Directors/attachments/E_01_01_Affidavit of Publication.pdf,2026-05-12,,property_sale_document,E 01 01 Affidavit of Publication,,2026-06-07,false,new,document_type manually set (auto guess: generic_pdf)
2026-05-12_attachments_f_06_01_ap_board_report_5_12_2026,bc872bbe453353ec294efeb1ea1f5b6ff57266460a0baf577bd6a5a2c34d4686,data/raw/board_packets/2026-05-12_Board_of_Directors/attachments/F_06_01_AP Board Report 5.12.2026.pdf,2026-05-12,,accounts_payable_report,F 06 01 AP Board Report 5.12.2026,,2026-06-07,false,new,document_type manually set (auto guess: generic_pdf)
2026-05-12_attachments_f_06_02_boardreport10003_1,797766e12d494955ab06fc9c38befc57051e8e6a9d306b5e382fcf39f9b2d839,data/raw/board_packets/2026-05-12_Board_of_Directors/attachments/F_06_02_BoardReport10003 (1).pdf,2026-05-12,,accounts_payable_report,F 06 02 BoardReport10003 (1),,2026-06-07,false,new,document_type manually set (auto guess: generic_pdf)
2026-05-12_attachments_f_06_03_4_28_2026_boardreport10003,316624f42514c0078f048a63159b58f177546c67bb6d2961b7c1a508c905c5ee,data/raw/board_packets/2026-05-12_Board_of_Directors/attachments/F_06_03_4-28-2026_Boardreport10003.pdf,2026-05-12,,accounts_payable_report,F 06 03 4 28 2026 Boardreport10003,,2026-06-07,false,new,document_type manually set (auto guess: generic_pdf)
2026-05-12_attachments_f_07_01_may_12_2026_board_agenda_v3,e7222d2ad84ebe880684fe8d86fe1c5c775a77ea0f300549b753d796e07b10c5,"data/raw/board_packets/2026-05-12_Board_of_Directors/attachments/F_07_01_May 12, 2026 Board Agenda v3.pdf",2026-05-12,,board_packet,"F 07 01 May 12, 2026 Board Agenda v3",,2026-06-07,false,new,
2026-05-12_attachments_f_08_01_5_12_2026_board_meeting_oe_25_26,8f89f366fb5112250e972c1a5d680f5f28dd75ca4a3b62477bc7a79e2ea96498,data/raw/board_packets/2026-05-12_Board_of_Directors/attachments/F_08_01_5-12-2026 Board Meeting OE (25-26)-.pdf,2026-05-12,,generic_pdf,F 08 01 5 12 2026 Board Meeting OE (25 26),,2026-06-07,false,new,
2026-05-12_attachments_f_08_02_5_12_2026_board_meeting_oe_26_27,fe9f9345b9db5634731d965ab93280b9006a06c27c52aebc97f545eb529503ef,data/raw/board_packets/2026-05-12_Board_of_Directors/attachments/F_08_02_5-12-2026 Board Meeting OE (26-27)-.pdf,2026-05-12,,generic_pdf,F 08 02 5 12 2026 Board Meeting OE (26 27),,2026-06-07,false,new,
2026-05-12_attachments_f_09_01_2026_2027_ijag_mou,4069e12ebff9860f4e6b9520f5f20777391f444f239f96efe7e5d7a24091382b,data/raw/board_packets/2026-05-12_Board_of_Directors/attachments/F_09_01_2026-2027 iJAG MOU.pdf,2026-05-12,,generic_pdf,F 09 01 2026 2027 iJAG MOU,,2026-06-07,false,new,
2026-05-12_attachments_f_10_01_abc_recycling,f4adc26c4b1eefb5581b9b8abc14643dbb570569b1579763adf010c7396926f4,data/raw/board_packets/2026-05-12_Board_of_Directors/attachments/F_10_01_ABC Recycling.pdf,2026-05-12,,generic_pdf,F 10 01 ABC Recycling,,2026-06-07,false,new,
2026-05-12_attachments_f_11_01_iowa_city_community_school_district_privacy_dpa_2026_04_01,025d220bd079a012af928833996a481c4c00f3c518a31f03ec48c811a843b6bb,data/raw/board_packets/2026-05-12_Board_of_Directors/attachments/F_11_01_Iowa City Community School District_Privacy_DPA_2026-04-01.pdf,2026-05-12,,generic_pdf,F 11 01 Iowa City Community School District Privacy DPA 2026 04 01,,2026-06-07,false,new,
2026-05-12_attachments_f_12_01_iowastandarddpa_issuebadge,d0b69253ef710f08d8f6821645ddb0ddc33fa07fe433d4818db72542c117f548,data/raw/board_packets/2026-05-12_Board_of_Directors/attachments/F_12_01_IowaStandardDPA_IssueBadge.pdf,2026-05-12,,generic_pdf,F 12 01 IowaStandardDPA IssueBadge,,2026-06-07,false,new,
2026-05-12_attachments_f_13_01_iowasdpa_26_gearlocker,f091f9a05141dd185e488773a89ad6c732d33bb67ea6fa66bf47044a37de69bd,data/raw/board_packets/2026-05-12_Board_of_Directors/attachments/F_13_01_IowaSDPA[26]GearLocker.pdf,2026-05-12,,generic_pdf,F 13 01 IowaSDPA[26]GearLocker,,2026-06-07,false,new,
2026-05-12_attachments_f_14_01_iowasdpa_26_cleverprototypesllc,1fb6335f3c0b0b9a0a0b9a3f0c8cd0686c455dc8c41a39b90b1f8e4c3b353a6e,data/raw/board_packets/2026-05-12_Board_of_Directors/attachments/F_14_01_IowaSDPA[26]CleverPrototypesLLC.pdf,2026-05-12,,generic_pdf,F 14 01 IowaSDPA[26]CleverPrototypesLLC,,2026-06-07,false,new,
2026-05-12_attachments_f_15_01_2026_01_26_hmh_indianolasigned,f2d4fb925156b9537cd86ff60e282dfd4a4e0eb5e89eb09dfc6989e64c4e38ed,data/raw/board_packets/2026-05-12_Board_of_Directors/attachments/F_15_01_2026-01-26_HMH_IndianolaSigned.pdf,2026-05-12,,generic_pdf,F 15 01 2026 01 26 HMH IndianolaSigned,,2026-06-07,false,new,
2026-05-12_attachments_f_15_02_2026_01_26_hmh_signed,fa9c290c7381caa460983247fffb199c7eac9cc319f3d5a1f0b99a95bc7ae031,data/raw/board_packets/2026-05-12_Board_of_Directors/attachments/F_15_02_2026-01-26_HMH_Signed.pdf,2026-05-12,,generic_pdf,F 15 02 2026 01 26 HMH Signed,,2026-06-07,false,new,
2026-05-12_attachments_f_16_01_2025_09_26_11089_1167_signed_agreement_file,62196b8be015e9af275aae88ea743b8b3c013b24a70c91bc5affd8ca1996c488,data/raw/board_packets/2026-05-12_Board_of_Directors/attachments/F_16_01_2025-09-26_11089_1167_signed_agreement_file.pdf,2026-05-12,,generic_pdf,F 16 01 2025 09 26 11089 1167 signed agreement file,,2026-06-07,false,new,
2026-05-12_attachments_f_16_02_vhl_signed_agreement_file,280ee27e3f17051870694a95e70f25e1384f54c062336aa9f6a26ccc1a0b1f3c,data/raw/board_packets/2026-05-12_Board_of_Directors/attachments/F_16_02_VHL_signed_agreement_file.pdf,2026-05-12,,generic_pdf,F 16 02 VHL signed agreement file,,2026-06-07,false,new,
2026-05-12_attachments_f_17_01_contract_invoice_grouped_ci_00006765,7e50c63cd6431fdfb440d7700e99092600ff8f1bd01bfb956875db51c121e7a7,data/raw/board_packets/2026-05-12_Board_of_Directors/attachments/F_17_01_Contract Invoice-Grouped-CI-00006765.pdf,2026-05-12,,generic_pdf,F 17 01 Contract Invoice Grouped CI 00006765,,2026-06-07,false,new,
2026-05-12_attachments_f_18_01_5_12_26_resolution_fixing_date_of_hearings_for_deposit,f9920bb4dfae6f473233c5ba35e772d1548a0134dd8b637ad584e5e12bd0cf25,data/raw/board_packets/2026-05-12_Board_of_Directors/attachments/F_18_01_5.12.26 Resolution Fixing Date of Hearings for Deposit.pdf,2026-05-12,,generic_pdf,F 18 01 5.12.26 Resolution Fixing Date of Hearings for Deposit,,2026-06-07,false,new,
2026-05-12_attachments_f_18_02_hills_property_notice_of_public_hearing_deposit_of_proceeds_to_genera,e7e2c9ff55e50aba8c921cb612540e5bb72725c76e2b91c2fe21997574e2b055,data/raw/board_packets/2026-05-12_Board_of_Directors/attachments/F_18_02_Hills Property Notice of Public Hearing Deposit of Proceeds to Genera.pdf,2026-05-12,,property_sale_document,F 18 02 Hills Property Notice of Public Hearing Deposit of Proceeds to Genera,,2026-06-07,false,new,document_type manually set (auto guess: generic_pdf)
2026-05-12_attachments_f_19_01_5_12_26_resolution_fixing_date_of_hearings_for_deposit,fa772973433bda3afb3393caffd88fca7e44b25cabd754ba026cb3d65a1cb7bf,data/raw/board_packets/2026-05-12_Board_of_Directors/attachments/F_19_01_5.12.26 Resolution Fixing Date of Hearings for Deposit.pdf,2026-05-12,,generic_pdf,F 19 01 5.12.26 Resolution Fixing Date of Hearings for Deposit,,2026-06-07,false,new,
2026-05-12_attachments_f_19_02_1725_n_dodge_street_notice_of_ph_for_deposit_of_proceeds_to_genera,644ee8bcf4ca111a49dda41505eed05a2da10752c505be14dbf445e1f1660c41,data/raw/board_packets/2026-05-12_Board_of_Directors/attachments/F_19_02_1725 N. Dodge Street - Notice of PH for Deposit of Proceeds to Genera.pdf,2026-05-12,,property_sale_document,F 19 02 1725 N. Dodge Street   Notice of PH for Deposit of Proceeds to Genera,,2026-06-07,false,new,document_type manually set (auto guess: generic_pdf)
2026-05-12_attachments_f_20_01_resolution_scanlon_familly_l_l_c,ab1fe3ca179de110db32c1d8df18be2b0dc7a9909f1eaaefbc996da91f1e4bed,"data/raw/board_packets/2026-05-12_Board_of_Directors/attachments/F_20_01_Resolution - Scanlon Familly, L.L.C.pdf",2026-05-12,,generic_pdf,"F 20 01 Resolution   Scanlon Familly, L.L.C",,2026-06-07,false,new,
2026-05-12_attachments_f_20_02_scanlon_property_conveyance_of_real_property_notice_of_public_hea,430b3b7dd242ad61c3af49023211e547fc8a6873cd8308e4a5b98e8a7b5a1102,data/raw/board_packets/2026-05-12_Board_of_Directors/attachments/F_20_02_Scanlon Property - Conveyance of Real Property - Notice of Public Hea.pdf,2026-05-12,,property_sale_document,F 20 02 Scanlon Property   Conveyance of Real Property   Notice of Public Hea,,2026-06-07,false,new,document_type manually set (auto guess: generic_pdf)
2026-05-12_attachments_f_21_01_5_12_26_resolution_fixing_date_of_hearings_for_deposit,eabf04b8ae58d52ccfd24938a821a929245777cb4f06894abe0a69bcae680d6b,data/raw/board_packets/2026-05-12_Board_of_Directors/attachments/F_21_01_5.12.26 Resolution Fixing Date of Hearings for Deposit.pdf,2026-05-12,,generic_pdf,F 21 01 5.12.26 Resolution Fixing Date of Hearings for Deposit,,2026-06-07,false,new,
2026-05-12_attachments_f_21_02_scanlon_property_notice_of_public_hearing,27fb3e5d0e6e31afedf9b17dff6a78aa1d213500029570a11b4559e95492029b,data/raw/board_packets/2026-05-12_Board_of_Directors/attachments/F_21_02_Scanlon Property - Notice of Public Hearing.pdf,2026-05-12,,property_sale_document,F 21 02 Scanlon Property   Notice of Public Hearing,,2026-06-07,false,new,document_type manually set (auto guess: generic_pdf)
2026-05-12_attachments_f_22_01_summary_of_appendix_9_approval_requests_and_project_updates,b55ae9e8b9448ee272eb3cfaca9519cbad4da7781bc36b6f14a926542ab1fab8,data/raw/board_packets/2026-05-12_Board_of_Directors/attachments/F_22_01_Summary of Appendix 9 Approval Requests and Project Updates.pdf,2026-05-12,,generic_pdf,F 22 01 Summary of Appendix 9 Approval Requests and Project Updates,,2026-06-07,false,new,
2026-05-12_attachments_f_22_02_city_hs_2025_opstad_theater_lighting,a251d9153307356962c05d0b680ade38b087b365345c112aab33fd7328e46ef4,data/raw/board_packets/2026-05-12_Board_of_Directors/attachments/F_22_02_City HS 2025 Opstad Theater Lighting.pdf,2026-05-12,,generic_pdf,F 22 02 City HS 2025 Opstad Theater Lighting,,2026-06-07,false,new,
2026-05-12_attachments_f_22_03_hvac_upgrades_2023_lemme_es_hvac_upgrades,1ed54c9c22b45f7b9cf0b64d053ef850510fb17266812e804c41ff2374e360e8,data/raw/board_packets/2026-05-12_Board_of_Directors/attachments/F_22_03_HVAC Upgrades 2023 Lemme ES HVAC Upgrades.pdf,2026-05-12,,generic_pdf,F 22 03 HVAC Upgrades 2023 Lemme ES HVAC Upgrades,,2026-06-07,false,new,
2026-05-12_attachments_f_22_04_west_hs_renovation_phase_3,58ea17f616365b7520c8984379241761c7a30d3536b3f83067a8e5488b995868,data/raw/board_packets/2026-05-12_Board_of_Directors/attachments/F_22_04_West HS Renovation Phase 3.pdf,2026-05-12,,generic_pdf,F 22 04 West HS Renovation Phase 3,,2026-06-07,false,new,
2026-05-12_attachments_f_22_05_capital_projects_status_report,fa5eaa6188effa1b519ee9e21f097b682212b90b17cdad156169513188770995,data/raw/board_packets/2026-05-12_Board_of_Directors/attachments/F_22_05_Capital Projects Status Report.pdf,2026-05-12,,capital_project_update,F 22 05 Capital Projects Status Report,,2026-06-07,false,new,
2026-05-12_attachments_f_22_06_combined_appendix_9_approval_requests_and_project_updates,e01bd54e6ef2a9f93e1e8deef91d2564f141d7592fb8716bd6aa5a25f90bb5b0,data/raw/board_packets/2026-05-12_Board_of_Directors/attachments/F_22_06_Combined Appendix 9 Approval Requests and Project Updates.pdf,2026-05-12,,generic_pdf,F 22 06 Combined Appendix 9 Approval Requests and Project Updates,,2026-06-07,false,new,
2026-05-12_attachments_i_01_01_800_policies_buildings_and_sites,5592482f46e3d9891955739d6891205475f35280649aed4563b74bfbac798763,data/raw/board_packets/2026-05-12_Board_of_Directors/attachments/I_01_01_800 Policies - Buildings and Sites.pdf,2026-05-12,,generic_pdf,I 01 01 800 Policies   Buildings and Sites,,2026-06-07,false,new,
2026-05-12_attachments_i_02_01_policy_primers,34cc4098ae4942d8ce9bcda3fa80c28af6a837ba561c395c30323f27adacad4a,data/raw/board_packets/2026-05-12_Board_of_Directors/attachments/I_02_01_Policy Primers.pdf,2026-05-12,,generic_pdf,I 02 01 Policy Primers,,2026-06-07,false,new,
2026-05-12_attachments_j_01_01_summary_of_progress_5_1_26,5ef9f413def3c83f905e543555f7604ca37f86dc14cbf6cbfd0591fd0f372e42,data/raw/board_packets/2026-05-12_Board_of_Directors/attachments/J_01_01_Summary of progress 5.1.26.pdf,2026-05-12,,generic_pdf,J 01 01 Summary of progress 5.1.26,,2026-06-07,false,new,
2026-05-12_attachments_j_01_02_summary_status_4_30,cebe7b18467be57d821770c0c7088b2cd6ddde71c646ed12430d92a32cbe096e,data/raw/board_packets/2026-05-12_Board_of_Directors/attachments/J_01_02_Summary Status 4.30.pdf,2026-05-12,,generic_pdf,J 01 02 Summary Status 4.30,,2026-06-07,false,new,
2026-05-12_attachments_j_01_03_summary_of_progress_as_of_5_8_26,940cb5ad499923c60b70cc6fc8789faec164aced12d8475e5bf0b017017a3e05,data/raw/board_packets/2026-05-12_Board_of_Directors/attachments/J_01_03_Summary of Progress as of 5.8.26.pdf,2026-05-12,,generic_pdf,J 01 03 Summary of Progress as of 5.8.26,,2026-06-07,false,new,
2026-05-12_attachments_j_01_04_summary_status_5_7,544dc4ae2c6483c1a1908e7a3a888dbc7e8f56cc8ae5f2232f02b514d9d620df,data/raw/board_packets/2026-05-12_Board_of_Directors/attachments/J_01_04_Summary Status 5.7.pdf,2026-05-12,,generic_pdf,J 01 04 Summary Status 5.7,,2026-06-07,false,new,
2026-05-12_attachments_j_02_01_board_financial_leadership_update,dcb1540987553bd37670201a860334a57547bd98d9a7246478c3dfcdb5b305a1,data/raw/board_packets/2026-05-12_Board_of_Directors/attachments/J_02_01_Board Financial Leadership Update.pdf,2026-05-12,,board_financial_update,J 02 01 Board Financial Leadership Update,,2026-06-07,false,new,
2026-05-12_attachments_j_03_01_draft_facilities_master_plan_resolution_revised_docx,5656b7ab1c96607bd118076bb7a7e8710bfee5718a210c879770b0dc28a0980e,data/raw/board_packets/2026-05-12_Board_of_Directors/attachments/J_03_01_DRAFT Facilities Master Plan Resolution - REVISED.docx.pdf,2026-05-12,,generic_pdf,J 03 01 DRAFT Facilities Master Plan Resolution   REVISED.docx,,2026-06-07,false,new,
2026-05-12_attachments_j_04_01_coralville_pool_options_5_8_26_1,20abada15ba13ccd55a26f67d73eeaa52feaf83f53371b200e6fa5b6d5d2252f,data/raw/board_packets/2026-05-12_Board_of_Directors/attachments/J_04_01_Coralville Pool Options - 5.8.26 (1).pdf,2026-05-12,,generic_pdf,J 04 01 Coralville Pool Options   5.8.26 (1),,2026-06-07,false,new,
2026-05-12_attachments_j_05_01_2026_school_district_resolution,3a2fa6108ca6f54718820aa0b1bb09a2e2ef2f59f608bf4e111d0f095ec41538,data/raw/board_packets/2026-05-12_Board_of_Directors/attachments/J_05_01_2026 SCHOOL DISTRICT RESOLUTION.pdf,2026-05-12,,generic_pdf,J 05 01 2026 SCHOOL DISTRICT RESOLUTION,,2026-06-07,false,new,
2026-05-12_attachments_k_01_01_farm_to_school_board_presentation_1,9fdadf55a2905732d015e5e330908cfbe1270c5addb1b5da570c9c09efade211,data/raw/board_packets/2026-05-12_Board_of_Directors/attachments/K_01_01_Farm to School Board Presentation (1).pdf,2026-05-12,,generic_pdf,K 01 01 Farm to School Board Presentation (1),,2026-06-07,false,new,
2026-05-12_attachments_k_02_01_financials_as_of_3_31_26_board_mtg_5_12_26,70d8bc6dfd0df4942498077a1e511c5778d1ea8828645bb057479dd68241a0fa,data/raw/board_packets/2026-05-12_Board_of_Directors/attachments/K_02_01_Financials as of 3.31.26 Board Mtg 5.12.26.pdf,2026-05-12,,monthly_financial_report,K 02 01 Financials as of 3.31.26 Board Mtg 5.12.26,,2026-06-07,false,new,document_type manually set (auto guess: generic_pdf)
2026-05-12_attachments_k_03_01_updated_personal_device_survey_results_board_meeting_5_12_26,20f20533e28ec790b21a81dc8de779e6bae1f0637836c907818fd763997cb02f,data/raw/board_packets/2026-05-12_Board_of_Directors/attachments/K_03_01_Updated Personal Device Survey Results Board Meeting (5-12-26).pdf,2026-05-12,,generic_pdf,K 03 01 Updated Personal Device Survey Results Board Meeting (5 12 26),,2026-06-07,false,new,
2026-05-12_attachments_l_01_01_800_policies_buildings_and_sites,81ba0d649a360775158a4418f1fd66df577e3c8bf632a486f2e4e46da4cca1ca,data/raw/board_packets/2026-05-12_Board_of_Directors/attachments/L_01_01_800 Policies - Buildings and Sites.pdf,2026-05-12,,generic_pdf,L 01 01 800 Policies   Buildings and Sites,,2026-06-07,false,new,
2026-05-12_attachments_l_02_01_policy_primers,ff7a9ecf9d470c32376dfa5b32637c21842ccc26f53744541e3a8aae7ce9b72a,data/raw/board_packets/2026-05-12_Board_of_Directors/attachments/L_02_01_Policy Primers.pdf,2026-05-12,,generic_pdf,L 02 01 Policy Primers,,2026-06-07,false,new,
2026-05-12_attachments_l_03_01_iccsd_cover_letter_3_2026_updated_5_2026,2bdf830772c47e2ab9a114c4ce00ab8016a0ac904e8846ebf75130d5fc73ed4e,data/raw/board_packets/2026-05-12_Board_of_Directors/attachments/L_03_01_ICCSD Cover Letter 3.2026 Updated 5.2026.pdf,2026-05-12,,generic_pdf,L 03 01 ICCSD Cover Letter 3.2026 Updated 5.2026,,2026-06-07,false,new,
2026-05-12_attachments_l_03_02_exhibit_2l_narrative_update_may_2026,0383c5ded4d2fb104512ac52d3e2482e52e88a6ba1dfc1cbe8d05e7b4ac24012,data/raw/board_packets/2026-05-12_Board_of_Directors/attachments/L_03_02_Exhibit 2l - Narrative Update May 2026.pdf,2026-05-12,,generic_pdf,L 03 02 Exhibit 2l   Narrative Update May 2026,,2026-06-07,false,new,
2026-05-12_attachments_l_03_03_exhibit_2m_board_financial_leadership_update_may_12_2026,311b6f4670c7aaa4480f196036b6b535462fdea3bf93cbe62aff2362774df2f1,"data/raw/board_packets/2026-05-12_Board_of_Directors/attachments/L_03_03_Exhibit 2m - Board Financial Leadership Update - May 12, 2026.pdf",2026-05-12,,board_financial_update,"L 03 03 Exhibit 2m   Board Financial Leadership Update   May 12, 2026",,2026-06-07,false,new,
2026-05-12_attachments_l_04_01_anticipated_borrowing_need_memo_update_for_4_28,1b67d47044da315d1b43048dd61f83980f39abe163ccc8f9c179eb7cbbd034ca,data/raw/board_packets/2026-05-12_Board_of_Directors/attachments/L_04_01_Anticipated Borrowing Need Memo Update for 4_28.pdf,2026-05-12,,board_financial_update,L 04 01 Anticipated Borrowing Need Memo Update for 4 28,,2026-06-07,false,new,document_type manually set (auto guess: generic_pdf)
2026-05-12_attachments_l_04_02_resolution_approving_interfund_loan_gf_to_save_iowa_city_csd,9667cc3723af511d61b70bdce7f799777ec64c0ec5ff01dc93d8e4ac754f4a11,data/raw/board_packets/2026-05-12_Board_of_Directors/attachments/L_04_02_Resolution Approving Interfund Loan GF to SAVE Iowa City CSD.pdf,2026-05-12,,interfund_loan_document,L 04 02 Resolution Approving Interfund Loan GF to SAVE Iowa City CSD,,2026-06-07,false,new,
2026-05-12_attachments_l_04_03_pfm_presentation_iccsd_ytd_general_fund_fiscal_progress_add_update_re,8f0e212e1df58a0d7337579c2c4cc2c279214615e46378a521e864a785d9b392,data/raw/board_packets/2026-05-12_Board_of_Directors/attachments/L_04_03_PFM Presentation ICCSD YTD General Fund Fiscal Progress add Update Re.pdf,2026-05-12,,board_financial_update,L 04 03 PFM Presentation ICCSD YTD General Fund Fiscal Progress add Update Re,,2026-06-07,false,new,document_type manually set (auto guess: generic_pdf)
2026-05-12_attachments_l_05_01_draft_facilities_master_plan_resolution_revised_docx,73e2b03fc40fcba253c6129b756f763fcaeac60c810e3111c50bba10313ddabd,data/raw/board_packets/2026-05-12_Board_of_Directors/attachments/L_05_01_DRAFT Facilities Master Plan Resolution - REVISED.docx.pdf,2026-05-12,,generic_pdf,L 05 01 DRAFT Facilities Master Plan Resolution   REVISED.docx,,2026-06-07,false,new,
2026-05-12_attachments_l_06_01_affidavit_of_publication,79b01b8fd0a117e4e666e78fe25f76fdbb422b3a3ee6d80cc37c8d4eb51e0538,data/raw/board_packets/2026-05-12_Board_of_Directors/attachments/L_06_01_Affidavit of Publication.pdf,2026-05-12,,property_sale_document,L 06 01 Affidavit of Publication,,2026-06-07,false,new,document_type manually set (auto guess: generic_pdf)
2026-05-12_attachments_l_06_02_fy26_certified_budget_amendment_public_hearing_notice,7180fe5ed73f44fd01a5cd3a829e8cfec947097af4f5cbeb03d86bd96105d32e,data/raw/board_packets/2026-05-12_Board_of_Directors/attachments/L_06_02_FY26 Certified Budget Amendment Public Hearing Notice.pdf,2026-05-12,,certified_budget,L 06 02 FY26 Certified Budget Amendment Public Hearing Notice,,2026-06-07,false,new,document_type manually set (auto guess: budget_amendment)
2026-05-12_attachments_m_03_01_5_14_26_board_closed_session_iowa_code_chapter_21_5_1_i_draft,e1a66f9c92aba10aff9e7e87826aef56a50dd8bde549edb7745ecded1d991980,data/raw/board_packets/2026-05-12_Board_of_Directors/attachments/M_03_01_5.14.26 Board Closed Session_ Iowa Code Chapter 21.5 (1)(i) - DRAFT.pdf,2026-05-12,,generic_pdf,M 03 01 5.14.26 Board Closed Session  Iowa Code Chapter 21.5 (1)(i)   DRAFT,,2026-06-07,false,new,
2026-05-12_attachments_m_03_02_5_26_26_policy_governance_committee_meeting_draft,acdd7ef434b59799424eebe818fa99e48a534378408958d7b271cca67f94e4c5,data/raw/board_packets/2026-05-12_Board_of_Directors/attachments/M_03_02_5.26.26 Policy & Governance Committee Meeting - DRAFT.pdf,2026-05-12,,generic_pdf,M 03 02 5.26.26 Policy & Governance Committee Meeting   DRAFT,,2026-06-07,false,new,
2026-05-12_attachments_m_03_03_5_26_26_board_meeting_agenda_draft,55ef62ff525db4b8c5e9765a07f1a59297292de4783ed7295113686e26dcaf74,data/raw/board_packets/2026-05-12_Board_of_Directors/attachments/M_03_03_5.26.26 Board Meeting Agenda - DRAFT.pdf,2026-05-12,,board_packet,M 03 03 5.26.26 Board Meeting Agenda   DRAFT,,2026-06-07,false,new,
2026-05-12_2026_05_12_board_of_directors_transcript,2115152000e50a71463d4c80b36c7a405f0c84ac09a23939b08af42773529b5b,data/raw/board_packets/2026-05-12_Board_of_Directors/transcript.json,2026-05-12,,transcript,transcript,,2026-06-07,false,new,
2026-05-26_attachments_e_01_01_affidavit_of_publication_deposit_of_funds,d4f317dfcf3d468572db3491477b33d46cfeda2727adbcc27d12cf5728107d49,data/raw/board_packets/2026-05-26_Board_of_Directors/attachments/E_01_01_Affidavit of Publication - Deposit of Funds.pdf,2026-05-26,,property_sale_document,E 01 01 Affidavit of Publication   Deposit of Funds,,2026-06-07,false,new,document_type manually set (auto guess: generic_pdf)
2026-05-26_attachments_e_01_02_hills_property_notice_of_public_hearing_deposit,1650f47015ff56afb067f8c3807697abc572f08dbef2438d17ea444d9f233f87,data/raw/board_packets/2026-05-26_Board_of_Directors/attachments/E_01_02_Hills Property Notice of Public Hearing Deposit.pdf,2026-05-26,,property_sale_document,E 01 02 Hills Property Notice of Public Hearing Deposit,,2026-06-07,false,new,document_type manually set (auto guess: generic_pdf)
2026-05-26_attachments_e_01_03_5_26_26_iowa_city_csd_resolution_approving_depo,d9bb85e3ed9e5a3eca7415f942ad3ad2fbfb775c1bfa7e08b0b856c8b2e3e41d,data/raw/board_packets/2026-05-26_Board_of_Directors/attachments/E_01_03_5.26.26 Iowa City CSD Resolution Approving Depo.pdf,2026-05-26,,generic_pdf,E 01 03 5.26.26 Iowa City CSD Resolution Approving Depo,,2026-06-07,false,new,
2026-05-26_attachments_e_02_01_affidavit_of_publication_deposit_of_funds_1,3c2884006cd655493d75b0db7d38c91e9fe0ff2c02511557587bc8147849885a,data/raw/board_packets/2026-05-26_Board_of_Directors/attachments/E_02_01_Affidavit of Publication - Deposit of Funds 1.pdf,2026-05-26,,property_sale_document,E 02 01 Affidavit of Publication   Deposit of Funds 1,,2026-06-07,false,new,document_type manually set (auto guess: generic_pdf)
2026-05-26_attachments_e_02_02_5_26_26_iowa_city_csd_resolution_approving_depo,2f98b7ad5dcb357cd6192d54d7b2cbb9acf7bc95d86806eba107e53307816fb1,data/raw/board_packets/2026-05-26_Board_of_Directors/attachments/E_02_02_5.26.26 Iowa City CSD Resolution Approving Depo.pdf,2026-05-26,,generic_pdf,E 02 02 5.26.26 Iowa City CSD Resolution Approving Depo,,2026-06-07,false,new,
2026-05-26_attachments_e_02_03_1725_n_dodge_street_notice_of_ph_for_deposit,5c11818b74c8e722488078f1db9e86ecf4eb509dee70922710ed73db9a54ad92,data/raw/board_packets/2026-05-26_Board_of_Directors/attachments/E_02_03_1725 N. Dodge Street - Notice of PH for Deposit.pdf,2026-05-26,,generic_pdf,E 02 03 1725 N. Dodge Street   Notice of PH for Deposit,,2026-06-07,false,new,
2026-05-26_attachments_e_03_01_affidavit_of_publication_deposit_of_funds,daa90a3fcef3b9b84d534db5f94d0f40f0afe579afae068ea2b5ac1e8c2c40b4,data/raw/board_packets/2026-05-26_Board_of_Directors/attachments/E_03_01_Affidavit of Publication - Deposit of Funds.pdf,2026-05-26,,property_sale_document,E 03 01 Affidavit of Publication   Deposit of Funds,,2026-06-07,false,new,document_type manually set (auto guess: generic_pdf)
2026-05-26_attachments_e_03_02_5_26_26_iowa_city_csd_resolution_approving_depo,99589c46c1848f3d2f401164bfd5d9be8877dad20e60d475bf664b8f27560455,data/raw/board_packets/2026-05-26_Board_of_Directors/attachments/E_03_02_5.26.26 Iowa City CSD Resolution Approving Depo.pdf,2026-05-26,,generic_pdf,E 03 02 5.26.26 Iowa City CSD Resolution Approving Depo,,2026-06-07,false,new,
2026-05-26_attachments_e_03_03_notice_of_public_hearing_deposit_of_funds_42,e5dd58badf6d29bcbdfe8a59ce40084f13f98fe7768b2ff3eeaab6a2374f9cdc,data/raw/board_packets/2026-05-26_Board_of_Directors/attachments/E_03_03_Notice of Public Hearing Deposit of Funds - 42..pdf,2026-05-26,,property_sale_document,E 03 03 Notice of Public Hearing Deposit of Funds   42.,,2026-06-07,false,new,document_type manually set (auto guess: generic_pdf)
2026-05-26_attachments_f_06_01_ap_board_report_5_19_2026,1458cc4f9efb67bd28999298c19dfbd2100eed5d601c2d3482a3772b9a359fc5,data/raw/board_packets/2026-05-26_Board_of_Directors/attachments/F_06_01_AP Board Report - 5.19.2026.pdf,2026-05-26,,accounts_payable_report,F 06 01 AP Board Report   5.19.2026,,2026-06-07,false,new,document_type manually set (auto guess: generic_pdf)
2026-05-26_attachments_f_06_02_5_19_2026_boardreport10003,5fe47d35e0af89a95f7163bc0c25687fb9de4a274f3f420359a3772f0cc05e4c,data/raw/board_packets/2026-05-26_Board_of_Directors/attachments/F_06_02_5-19-2026 BoardReport10003.pdf,2026-05-26,,accounts_payable_report,F 06 02 5 19 2026 BoardReport10003,,2026-06-07,false,new,document_type manually set (auto guess: generic_pdf)
2026-05-26_attachments_f_06_03_april_2026_p_card,f711e8ebd50e56bf0f81a95a7d31deea91e86394c00e2ec635d7ea90b0843dea,data/raw/board_packets/2026-05-26_Board_of_Directors/attachments/F_06_03_April 2026 P Card.pdf,2026-05-26,,generic_pdf,F 06 03 April 2026 P Card,,2026-06-07,false,new,
2026-05-26_attachments_f_06_04_ap_board_report_template_5_12_2026,18a7d37a3fc7638b6ada9dacf056f929c3f701087361a3b6b84b38ed2209edb8,data/raw/board_packets/2026-05-26_Board_of_Directors/attachments/F_06_04_AP Board Report Template - 5.12.2026.pdf,2026-05-26,,accounts_payable_report,F 06 04 AP Board Report Template   5.12.2026,,2026-06-07,false,new,document_type manually set (auto guess: generic_pdf)
2026-05-26_attachments_f_06_05_boardreport10003_2_5_12_26,5831f3d64c6947aa3826a8cfafbbfdd200a9ec59939ae8d7bd7f63b5d102a946,data/raw/board_packets/2026-05-26_Board_of_Directors/attachments/F_06_05_BoardReport10003 (2)5.12.26.pdf,2026-05-26,,accounts_payable_report,F 06 05 BoardReport10003 (2)5.12.26,,2026-06-07,false,new,document_type manually set (auto guess: generic_pdf)
2026-05-26_attachments_f_07_01_5_26_2026_board_meeting_oe_25_26,968eac846b35b82e9147f9f87fa0633139f247fdab246fea54de08ecb780e8e2,data/raw/board_packets/2026-05-26_Board_of_Directors/attachments/F_07_01_5-26-2026 Board Meeting OE (25-26)-.pdf,2026-05-26,,generic_pdf,F 07 01 5 26 2026 Board Meeting OE (25 26),,2026-06-07,false,new,
2026-05-26_attachments_f_07_02_5_26_2026_board_meeting_oe_26_27,06f338345258b8881f3cd31193122d34d9aebcae649991a910050dbcfb0d5f9a,data/raw/board_packets/2026-05-26_Board_of_Directors/attachments/F_07_02_5-26-2026 Board Meeting OE (26-27)-.pdf,2026-05-26,,generic_pdf,F 07 02 5 26 2026 Board Meeting OE (26 27),,2026-06-07,false,new,
2026-05-26_attachments_f_08_01_iowa_city_community_school_district_2026_canv,8f7293ef023741e1b02d273ddae972e34ca14bce853231c270c9ff178659dbf5,data/raw/board_packets/2026-05-26_Board_of_Directors/attachments/F_08_01_Iowa City Community School District - 2026 Canv.pdf,2026-05-26,,generic_pdf,F 08 01 Iowa City Community School District   2026 Canv,,2026-06-07,false,new,
2026-05-26_attachments_f_09_01_iowasdpa_26_fittrackpeupdate1,8098052f9f6a029c6d0ef4ccaee96fb3735bbbce8bc44d289b03fb7ac41fc694,data/raw/board_packets/2026-05-26_Board_of_Directors/attachments/F_09_01_IowaSDPA[26]FitTrackPEupdate1.pdf,2026-05-26,,generic_pdf,F 09 01 IowaSDPA[26]FitTrackPEupdate1,,2026-06-07,false,new,
2026-05-26_attachments_f_10_01_iowastandarddpa_26_characterstrong,c67e64fac3d0e99a80c1338a1a5f117ccd84536591f033bdca31af7a620bee73,data/raw/board_packets/2026-05-26_Board_of_Directors/attachments/F_10_01_IowaStandardDPA[26]CharacterStrong.pdf,2026-05-26,,generic_pdf,F 10 01 IowaStandardDPA[26]CharacterStrong,,2026-06-07,false,new,
2026-05-26_attachments_f_11_01_iowa_city_csd_workspace_plus_3_year,dc870bbc939d3ead58a5eef5d5f1ea9691561102d2fb2f370025194770d3e7d9,data/raw/board_packets/2026-05-26_Board_of_Directors/attachments/F_11_01_Iowa City CSD - Workspace Plus 3 Year.pdf,2026-05-26,,generic_pdf,F 11 01 Iowa City CSD   Workspace Plus 3 Year,,2026-06-07,false,new,
2026-05-26_attachments_f_11_02_iowa_city_community_school_district_gwfe_plus_3,4461fcbc098eb02fc8828c337227e40fb2f6ea8eb5ed32bab8d9defd571dc74d,data/raw/board_packets/2026-05-26_Board_of_Directors/attachments/F_11_02_Iowa City Community School District GWFE Plus 3.pdf,2026-05-26,,generic_pdf,F 11 02 Iowa City Community School District GWFE Plus 3,,2026-06-07,false,new,
2026-05-26_attachments_f_12_01_notice_of_public_hearing,2f096a781216509d90b3cc5b9bdab0745b426184f68b867d794b0475d2b4baca,data/raw/board_packets/2026-05-26_Board_of_Directors/attachments/F_12_01_Notice of Public Hearing.pdf,2026-05-26,,generic_pdf,F 12 01 Notice of Public Hearing,,2026-06-07,false,new,
2026-05-26_attachments_g_01_01_5_26_26_personnel_agenda_updated,7e6b46e754548a6e332ab6937e01aae01a8b1d0bebcda66074f8eff568e4aefe,data/raw/board_packets/2026-05-26_Board_of_Directors/attachments/G_01_01_5.26.26 Personnel Agenda Updated.pdf,2026-05-26,,board_packet,G 01 01 5.26.26 Personnel Agenda Updated,,2026-06-07,false,new,
2026-05-26_attachments_i_01_01_700_policies,5827968a0e6b468e3928dfccdfd718c712eda0bfb456d7b5e50205db41c998c8,data/raw/board_packets/2026-05-26_Board_of_Directors/attachments/I_01_01_700 Policies.pdf,2026-05-26,,generic_pdf,I 01 01 700 Policies,,2026-06-07,false,new,
2026-05-26_attachments_i_02_01_900_policies_school_district_community_relati,95a87847cb257cdc63492008ee056c26be16a4dc415d92a0db248aa6b14308a3,data/raw/board_packets/2026-05-26_Board_of_Directors/attachments/I_02_01_900 Policies - School District Community Relati.pdf,2026-05-26,,generic_pdf,I 02 01 900 Policies   School District Community Relati,,2026-06-07,false,new,
2026-05-26_attachments_i_03_01_proposed_financial_oversight_committee_charter,50a50acef0eb676dbadd781a02fb4cb9651ce8ef84a3fdbec2b2d93d1f4c2476,data/raw/board_packets/2026-05-26_Board_of_Directors/attachments/I_03_01_Proposed Financial Oversight Committee Charter.pdf,2026-05-26,,generic_pdf,I 03 01 Proposed Financial Oversight Committee Charter,,2026-06-07,false,new,
2026-05-26_attachments_i_04_01_policy_207_board_of_directors_legal_counsel,cf0195c7c77fc4bca2f86c60f67777d3ec5276026f7a8138406db719f5d13f85,data/raw/board_packets/2026-05-26_Board_of_Directors/attachments/I_04_01_Policy 207 Board of Directors Legal Counsel.pdf,2026-05-26,,generic_pdf,I 04 01 Policy 207 Board of Directors Legal Counsel,,2026-06-07,false,new,
2026-05-26_attachments_i_05_01_303_2_administrator_qualifications_recruitme,e27b117006ba62996bdc944e5fb40fa56713c71ef992e0465fa8f27df43b5334,"data/raw/board_packets/2026-05-26_Board_of_Directors/attachments/I_05_01_303.2 - Administrator Qualifications, Recruitme.pdf",2026-05-26,,generic_pdf,"I 05 01 303.2   Administrator Qualifications, Recruitme",,2026-06-07,false,new,
2026-05-26_attachments_i_06_01_policy_303_4_administrator_salary_and_other_com,d35d0ef1f443c227cf25164b357b8346f1274deac44caf23eeb90e33f9d557f5,data/raw/board_packets/2026-05-26_Board_of_Directors/attachments/I_06_01_Policy 303.4 Administrator Salary and Other Com.pdf,2026-05-26,,generic_pdf,I 06 01 Policy 303.4 Administrator Salary and Other Com,,2026-06-07,false,new,
2026-05-26_attachments_j_01_01_summary_status_5_14_26,ff292360a1f57158e991424de7aa98bfe178eb039787558f92c196d1260671ee,data/raw/board_packets/2026-05-26_Board_of_Directors/attachments/J_01_01_Summary Status 5.14.26.pdf,2026-05-26,,generic_pdf,J 01 01 Summary Status 5.14.26,,2026-06-07,false,new,
2026-05-26_attachments_j_01_02_summary_of_status_of_progress_as_of_5_15_26,2d3866bb02afa93d1e300b79311085292dd9ac54454ccf2776169cb1c8f5162a,data/raw/board_packets/2026-05-26_Board_of_Directors/attachments/J_01_02_Summary of Status of Progress as of 5.15.26.pdf,2026-05-26,,generic_pdf,J 01 02 Summary of Status of Progress as of 5.15.26,,2026-06-07,false,new,
2026-05-26_attachments_j_01_03_summary_status_5_21_26,94b18032ab9f83dc405d3b73f20109320c17a879ac363247b6b79542930d6c6f,data/raw/board_packets/2026-05-26_Board_of_Directors/attachments/J_01_03_Summary Status 5.21.26.pdf,2026-05-26,,generic_pdf,J 01 03 Summary Status 5.21.26,,2026-06-07,false,new,
2026-05-26_attachments_j_01_04_summary_of_status_of_progress_as_of_5_22_26,15bf10ddd6434181bf41520227212e2500f1613a99393d49774d87112e542378,data/raw/board_packets/2026-05-26_Board_of_Directors/attachments/J_01_04_Summary of Status of Progress as of 5.22.26.pdf,2026-05-26,,generic_pdf,J 01 04 Summary of Status of Progress as of 5.22.26,,2026-06-07,false,new,
2026-05-26_attachments_j_02_01_search_options_comparison_chart,5272691d318edb9c5184a0257ede1baca043c9859e0537c8782b1bb9885ad8d4,data/raw/board_packets/2026-05-26_Board_of_Directors/attachments/J_02_01_Search Options Comparison Chart.pdf,2026-05-26,,generic_pdf,J 02 01 Search Options Comparison Chart,,2026-06-07,false,new,
2026-05-26_attachments_j_02_02_iowa_city_interim_supt_search_proposal_2026,cb16a3e972bfec388230f5b00350e0640db9890eb3f1778b4124f34d42c0b5c4,data/raw/board_packets/2026-05-26_Board_of_Directors/attachments/J_02_02_Iowa City Interim Supt. Search Proposal 2026.pdf,2026-05-26,,generic_pdf,J 02 02 Iowa City Interim Supt. Search Proposal 2026,,2026-06-07,false,new,
2026-05-26_attachments_k_01_01_se_deficit_presentation,05c8d0094f7b25432f0140c044fcd3777261f7e21677da0a3795015e3fb15e1a,data/raw/board_packets/2026-05-26_Board_of_Directors/attachments/K_01_01_SE Deficit Presentation.pdf,2026-05-26,,generic_pdf,K 01 01 SE Deficit Presentation,,2026-06-07,false,new,
2026-05-26_attachments_k_01_02_se_deficit_tables,4df6d30b1eb7a98c2ba88abf0871e986cdb36917acf327165f0b6edc4d7c104b,data/raw/board_packets/2026-05-26_Board_of_Directors/attachments/K_01_02_SE Deficit Tables.pdf,2026-05-26,,generic_pdf,K 01 02 SE Deficit Tables,,2026-06-07,false,new,
2026-05-26_attachments_l_01_01_2026_school_district_resolution,d36c4e1ed27923f4f851b52b1b62f8273c851187f0b3bac470e85f9089686ef7,data/raw/board_packets/2026-05-26_Board_of_Directors/attachments/L_01_01_2026 SCHOOL DISTRICT RESOLUTION.pdf,2026-05-26,,generic_pdf,L 01 01 2026 SCHOOL DISTRICT RESOLUTION,,2026-06-07,false,new,
2026-05-26_attachments_l_02_01_affidavit_of_publication_deposit_of_funds,542dc79471f1bac3160572c1e4bd8a3a7c3d2291b0eece51b139b6acd152a90f,data/raw/board_packets/2026-05-26_Board_of_Directors/attachments/L_02_01_Affidavit of Publication - Deposit of Funds.pdf,2026-05-26,,property_sale_document,L 02 01 Affidavit of Publication   Deposit of Funds,,2026-06-07,false,new,document_type manually set (auto guess: generic_pdf)
2026-05-26_attachments_l_02_02_5_26_26_iowa_city_csd_resolution_approving_depo,3eaaa068edef1e8115fa37ce0a70774dcd0aad58463645646b028bd82bf3010e,data/raw/board_packets/2026-05-26_Board_of_Directors/attachments/L_02_02_5.26.26 Iowa City CSD Resolution Approving Depo.pdf,2026-05-26,,generic_pdf,L 02 02 5.26.26 Iowa City CSD Resolution Approving Depo,,2026-06-07,false,new,
2026-05-26_attachments_l_03_01_secretary_tentative_agreement_26_27,50788055ae3850773d712eca4cb1790be58020d57c37840565becb030b72742d,data/raw/board_packets/2026-05-26_Board_of_Directors/attachments/L_03_01_Secretary Tentative Agreement 26-27.pdf,2026-05-26,,generic_pdf,L 03 01 Secretary Tentative Agreement 26 27,,2026-06-07,false,new,
2026-05-26_attachments_l_04_01_physical_plant_tentative_agreement_26_27_1,dc3338a25117f6906df5f4b59dc2f7b597d284978f80f393e8cf64128825f893,data/raw/board_packets/2026-05-26_Board_of_Directors/attachments/L_04_01_Physical Plant Tentative Agreement 26-27 (1).pdf,2026-05-26,,generic_pdf,L 04 01 Physical Plant Tentative Agreement 26 27 (1),,2026-06-07,false,new,
2026-05-26_attachments_l_05_01_nutrition_tentative_agreement_26_27_1,b76850c16bf6c5bc6a65dfd836283876f6a2b1d86d4b50cf4d47a9221f430909,data/raw/board_packets/2026-05-26_Board_of_Directors/attachments/L_05_01_Nutrition Tentative Agreement 26-27 (1).pdf,2026-05-26,,generic_pdf,L 05 01 Nutrition Tentative Agreement 26 27 (1),,2026-06-07,false,new,
2026-05-26_attachments_l_06_01_paraprofessional_approved_agreement_26_27_1,7264f1cd95698d08017889867fb4d7e76e524a8729f65ae38bef316b3d36bb5a,data/raw/board_packets/2026-05-26_Board_of_Directors/attachments/L_06_01_Paraprofessional Approved Agreement 26-27 (1).pdf,2026-05-26,,generic_pdf,L 06 01 Paraprofessional Approved Agreement 26 27 (1),,2026-06-07,false,new,
2026-05-26_attachments_l_07_01_teacher_tentative_agreement_26_27_1,5a7a057506138e01bf23ddcb560f5c11750bd32a74f1932346829ea28b97a2b5,data/raw/board_packets/2026-05-26_Board_of_Directors/attachments/L_07_01_Teacher Tentative Agreement 26-27 (1).pdf,2026-05-26,,generic_pdf,L 07 01 Teacher Tentative Agreement 26 27 (1),,2026-06-07,false,new,
2026-05-26_attachments_l_08_01_700_policies,6535314459dc4dc5da444a5b73abb00dfe572d87bed897ba202dbca55af269ad,data/raw/board_packets/2026-05-26_Board_of_Directors/attachments/L_08_01_700 Policies.pdf,2026-05-26,,generic_pdf,L 08 01 700 Policies,,2026-06-07,false,new,
2026-05-26_attachments_l_09_01_proposed_financial_oversight_committee_charter,d2010a1964b208bf83b70c84de4f5c2d107c8dfb54577145a0984fefd1469c8d,data/raw/board_packets/2026-05-26_Board_of_Directors/attachments/L_09_01_Proposed Financial Oversight Committee Charter.pdf,2026-05-26,,generic_pdf,L 09 01 Proposed Financial Oversight Committee Charter,,2026-06-07,false,new,
2026-05-26_attachments_l_10_01_policy_207_board_of_directors_legal_counsel,32a1540480d4db283538d7f9488998838216d841b34a5fc423975c5c7199609b,data/raw/board_packets/2026-05-26_Board_of_Directors/attachments/L_10_01_Policy 207 Board of Directors Legal Counsel.pdf,2026-05-26,,generic_pdf,L 10 01 Policy 207 Board of Directors Legal Counsel,,2026-06-07,false,new,
2026-05-26_attachments_l_11_01_303_2_administrator_qualifications_recruitme,51d5a27917ebac277589217c7bfd309d08576c87c7e96c3f39892969cec333fa,"data/raw/board_packets/2026-05-26_Board_of_Directors/attachments/L_11_01_303.2 - Administrator Qualifications, Recruitme.pdf",2026-05-26,,generic_pdf,"L 11 01 303.2   Administrator Qualifications, Recruitme",,2026-06-07,false,new,
2026-05-26_attachments_l_12_01_policy_303_4_administrator_salary_and_other_com,2e9bae8592731181525a3cfc81667dda02afd5dca43a1d0976e94a97ee5b8d97,data/raw/board_packets/2026-05-26_Board_of_Directors/attachments/L_12_01_Policy 303.4 Administrator Salary and Other Com.pdf,2026-05-26,,generic_pdf,L 12 01 Policy 303.4 Administrator Salary and Other Com,,2026-06-07,false,new,
2026-05-26_attachments_m_01_01_6_9_26_board_meeting_agenda_draft,538c9d09aedfe9e07ae5aa79951a41cd184e53b15285134d5d36f756774e5822,data/raw/board_packets/2026-05-26_Board_of_Directors/attachments/M_01_01_6.9.26 Board Meeting Agenda - DRAFT.pdf,2026-05-26,,board_packet,M 01 01 6.9.26 Board Meeting Agenda   DRAFT,,2026-06-07,false,new,
2026-05-26_2026_05_26_board_of_directors_transcript,16823f76b70217790461b9a972d3c0978ddbf55e50aaf8e90c168d50a907ffe9,data/raw/board_packets/2026-05-26_Board_of_Directors/transcript.json,2026-05-26,,transcript,transcript,,2026-06-07,false,new,
2026-06-09_attachments_e_01_01_notice_of_public_hearing,0bd95c975a483cd9c965326cef90893f670c62c4f551446fefe41707e4a4a3a2,data/raw/board_packets/2026-06-09_Board_of_Directors/attachments/E_01_01_Notice of Public Hearing.pdf,2026-06-09,,generic_pdf,E 01 01 Notice of Public Hearing,,2026-06-07,false,new,
2026-06-09_attachments_e_01_02_affidavid_of_publicationiow_12354952_1,cb4b74461ae0622841b1eba5b03efb0baa272e9e771bc66e2d47a3ee86958d2f,data/raw/board_packets/2026-06-09_Board_of_Directors/attachments/E_01_02_Affidavid of PublicationIOW 12354952 (1).pdf,2026-06-09,,generic_pdf,E 01 02 Affidavid of PublicationIOW 12354952 (1),,2026-06-07,false,new,
2026-06-09_attachments_e_01_03_3_second_resolution_scanlon_family_l_l_c,0548576cc7f5a373b68db4224eb373c09e7cba23832833062e130ada2a6dec61,"data/raw/board_packets/2026-06-09_Board_of_Directors/attachments/E_01_03_(3) Second Resolution - Scanlon Family, L.L.C..pdf",2026-06-09,,generic_pdf,"E 01 03 (3) Second Resolution   Scanlon Family, L.L.C.",,2026-06-07,false,new,
2026-06-09_attachments_e_01_04_5817_761_warranty_deed,2bc4d3f4634d5a697b6cfad74405acc4cc084b162af88fb423f2850a0da8e7f5,data/raw/board_packets/2026-06-09_Board_of_Directors/attachments/E_01_04_5817.761 Warranty Deed.pdf,2026-06-09,,generic_pdf,E 01 04 5817.761 Warranty Deed,,2026-06-07,false,new,
2026-06-09_attachments_e_01_05_62_98_1,7b34220843ffd9496ae1d88b5cd8235e0457e9fd94a7428357ae1a9d90fc0e77,data/raw/board_packets/2026-06-09_Board_of_Directors/attachments/E_01_05_62.98 (1).pdf,2026-06-09,,generic_pdf,E 01 05 62.98 (1),,2026-06-07,false,new,
2026-06-09_attachments_f_03_01_boardreport100036_2_26_1,df3b740a2e5255b0be30b62563bfc2c6d93058aa99577eccc6f7fdd57fe0686e,data/raw/board_packets/2026-06-09_Board_of_Directors/attachments/F_03_01_BoardReport100036.2.26 (1).pdf,2026-06-09,,accounts_payable_report,F 03 01 BoardReport100036.2.26 (1),,2026-06-07,false,new,document_type manually set (auto guess: generic_pdf)
2026-06-09_attachments_f_03_02_5_26_2026_board_report_10003,8b68919c0bf35511bd1488a99eb0049e9d0a5c36c8445ac52b0a88fe8876e944,data/raw/board_packets/2026-06-09_Board_of_Directors/attachments/F_03_02_5-26-2026 Board Report 10003.pdf,2026-06-09,,generic_pdf,F 03 02 5 26 2026 Board Report 10003,,2026-06-07,false,new,
2026-06-09_attachments_f_03_03_ap_board_report_6_2_2026,f960b4b74b5746b796591da198a74ca5fa04f5e6e4c3d398515e1c34eaf3201d,data/raw/board_packets/2026-06-09_Board_of_Directors/attachments/F_03_03_AP Board Report 6.2.2026.pdf,2026-06-09,,accounts_payable_report,F 03 03 AP Board Report 6.2.2026,,2026-06-07,false,new,document_type manually set (auto guess: generic_pdf)
2026-06-09_attachments_f_04_01_june_09_2026_board_agenda,5d752d91e20c355c6e13c9744fadeeb083aedc5e3d8d05f8ff24f679a397d8cf,"data/raw/board_packets/2026-06-09_Board_of_Directors/attachments/F_04_01_June 09, 2026 Board Agenda.pdf",2026-06-09,,board_packet,"F 04 01 June 09, 2026 Board Agenda",,2026-06-07,false,new,
2026-06-09_attachments_f_05_01_6_9_2026_board_meeting_oe_25_26,e643d01996f528b53dcfff1f6da59ab9d931754583f40aae62869e5d20c2d0c1,data/raw/board_packets/2026-06-09_Board_of_Directors/attachments/F_05_01_6-9-2026 Board Meeting OE (25-26)-.pdf,2026-06-09,,generic_pdf,F 05 01 6 9 2026 Board Meeting OE (25 26),,2026-06-07,false,new,
2026-06-09_attachments_f_05_02_6_9_2026_board_meeting_oe_26_27,8f7ba41e42bd585c43c5daae8344ee9cb15213a9fb60c94033547ac83bf181fd,data/raw/board_packets/2026-06-09_Board_of_Directors/attachments/F_05_02_6-9-2026 Board Meeting OE (26-27).pdf,2026-06-09,,generic_pdf,F 05 02 6 9 2026 Board Meeting OE (26 27),,2026-06-07,false,new,
2026-06-09_attachments_f_06_01_iccsd_cdd_2026_27,8dfb98ee7bee2b64a43734baba73376db7bdb981a9a3f869ebfca1d00353fc10,data/raw/board_packets/2026-06-09_Board_of_Directors/attachments/F_06_01_ICCSD -CDD 2026-27.pdf,2026-06-09,,generic_pdf,F 06 01 ICCSD  CDD 2026 27,,2026-06-07,false,new,
2026-06-09_attachments_f_07_01_kirkwood_cctc_iccsd_mou,2a44ceb3658ab69476c0d15ba91839745707a63ace6c1269a225608216fdf130,data/raw/board_packets/2026-06-09_Board_of_Directors/attachments/F_07_01_Kirkwood CCTC & ICCSD MOU.pdf,2026-06-09,,generic_pdf,F 07 01 Kirkwood CCTC & ICCSD MOU,,2026-06-07,false,new,
2026-06-09_attachments_f_08_01_iowa_city_community_school_district_proposal,43145463019cfdda05e52ee1b768ab7dd355891b4fce3cc573307af240b20b38,data/raw/board_packets/2026-06-09_Board_of_Directors/attachments/F_08_01_Iowa City Community School District - Proposal.pdf,2026-06-09,,generic_pdf,F 08 01 Iowa City Community School District   Proposal,,2026-06-07,false,new,
2026-06-09_attachments_f_09_01_arc_summer_2026_interagency_agreement_1,c6d5956fa23236f6c74a3e9560a03fd874c8df81b77f3f6101b3e5e055541348,data/raw/board_packets/2026-06-09_Board_of_Directors/attachments/F_09_01_ARC Summer 2026 Interagency Agreement (1).pdf,2026-06-09,,generic_pdf,F 09 01 ARC Summer 2026 Interagency Agreement (1),,2026-06-07,false,new,
2026-06-09_attachments_f_10_01_coralville_parks_rec_2026_interagency_agreeme,d43a5c2728845bdd056b79e6ae06285d60cd99a40e1441f1a74a44f4eb8a34a6,data/raw/board_packets/2026-06-09_Board_of_Directors/attachments/F_10_01_Coralville Parks & Rec 2026 Interagency Agreeme.pdf,2026-06-09,,generic_pdf,F 10 01 Coralville Parks & Rec 2026 Interagency Agreeme,,2026-06-07,false,new,
2026-06-09_attachments_f_10_02_champions_2026_intereagency_agreement,ff4235d3a315cbb920d50b64e705e6d0f256e4e3639b5048b795a627cbd5c592,data/raw/board_packets/2026-06-09_Board_of_Directors/attachments/F_10_02_Champions 2026 Intereagency Agreement.pdf,2026-06-09,,generic_pdf,F 10 02 Champions 2026 Intereagency Agreement,,2026-06-07,false,new,
2026-06-09_attachments_f_10_03_weber_2026_interagency_agreement,3a80836372f3bfee96ecbae4fc30fe2d8e6cc211ed0b9577f1a1e08772f40670,data/raw/board_packets/2026-06-09_Board_of_Directors/attachments/F_10_03_Weber 2026 Interagency Agreement.pdf,2026-06-09,,generic_pdf,F 10 03 Weber 2026 Interagency Agreement,,2026-06-07,false,new,
2026-06-09_attachments_f_10_04_shimek_2026_interagency_agreement,674334368fb635366bf24ba7fd91386606a66cb29e01f6b78590723552ea3c9c,data/raw/board_packets/2026-06-09_Board_of_Directors/attachments/F_10_04_Shimek 2026 Interagency Agreement.pdf,2026-06-09,,generic_pdf,F 10 04 Shimek 2026 Interagency Agreement,,2026-06-07,false,new,
2026-06-09_attachments_f_10_05_penn_2026_interagency_agreement,e5cfab43ba02e101f7d73d12f51fad4b6803f66a076a3c64aa17ce071a0a03b6,data/raw/board_packets/2026-06-09_Board_of_Directors/attachments/F_10_05_Penn 2026 Interagency Agreement.pdf,2026-06-09,,generic_pdf,F 10 05 Penn 2026 Interagency Agreement,,2026-06-07,false,new,
2026-06-09_attachments_f_10_06_mann_basp_2026_interagency_agreement_1,39b46123dda1c566dc3056225b834c762128ddb4b539dba161c0a714d110dbc3,data/raw/board_packets/2026-06-09_Board_of_Directors/attachments/F_10_06_Mann BASP 2026 Interagency Agreement (1).pdf,2026-06-09,,generic_pdf,F 10 06 Mann BASP 2026 Interagency Agreement (1),,2026-06-07,false,new,
2026-06-09_attachments_f_10_07_longfellow_2026_interagency_agreement_1,a55e2398b6c98ae2922098ef4579223d3acf9206e87e417c70d1260d403481d3,data/raw/board_packets/2026-06-09_Board_of_Directors/attachments/F_10_07_Longfellow 2026 Interagency Agreement (1).pdf,2026-06-09,,generic_pdf,F 10 07 Longfellow 2026 Interagency Agreement (1),,2026-06-07,false,new,
2026-06-09_attachments_f_10_08_lincoln_2026_interagency_agreement,8513b188dc3cb96d8181e095d8e0ca789922114907134170dd1e4daf6ccb2ead,data/raw/board_packets/2026-06-09_Board_of_Directors/attachments/F_10_08_Lincoln 2026 Interagency Agreement.pdf,2026-06-09,,generic_pdf,F 10 08 Lincoln 2026 Interagency Agreement,,2026-06-07,false,new,
2026-06-09_attachments_f_10_09_lemme_2026_interagency_agreement,11d99fc30f81eefec88da0e44cd035f8c431abead205905e8d2347d1f033343c,data/raw/board_packets/2026-06-09_Board_of_Directors/attachments/F_10_09_Lemme 2026 Interagency Agreement.pdf,2026-06-09,,generic_pdf,F 10 09 Lemme 2026 Interagency Agreement,,2026-06-07,false,new,
2026-06-09_attachments_f_10_10_kirkwoodkares_202026_20interagency_20agreement,aee4fe24ee54f002f9b02be3988cbde832cfa9d368b62647b4122684cc893090,data/raw/board_packets/2026-06-09_Board_of_Directors/attachments/F_10_10_KirkwoodKares_202026_20Interagency_20Agreement.pdf,2026-06-09,,generic_pdf,F 10 10 KirkwoodKares 202026 20Interagency 20Agreement,,2026-06-07,false,new,
2026-06-09_attachments_f_10_11_coralville_central_2026_interagency_agreement,74c0cf9ab23657d6c88d042bbd6227ce6016e6c2c9533348109e15446ae4cb0e,data/raw/board_packets/2026-06-09_Board_of_Directors/attachments/F_10_11_Coralville Central 2026 Interagency Agreement.pdf,2026-06-09,,generic_pdf,F 10 11 Coralville Central 2026 Interagency Agreement,,2026-06-07,false,new,
2026-06-09_attachments_f_11_01_iccsd_eap_agreement_2026_2027,6988b3599ee63dbde2490c1a351d908f53b35041996d270e0db017aabbabdbd7,data/raw/board_packets/2026-06-09_Board_of_Directors/attachments/F_11_01_ICCSD EAP Agreement 2026-2027.pdf,2026-06-09,,generic_pdf,F 11 01 ICCSD EAP Agreement 2026 2027,,2026-06-07,false,new,
2026-06-09_attachments_f_12_01_iowa_city_csd_fy27_amendment,92e67dcba4dbfe3d7b9a89a86f33bbac962d08a9f39c2d4fce96eabc03d6021f,data/raw/board_packets/2026-06-09_Board_of_Directors/attachments/F_12_01_Iowa City CSD FY27 Amendment.pdf,2026-06-09,,budget_amendment,F 12 01 Iowa City CSD FY27 Amendment,,2026-06-07,false,new,document_type manually set (auto guess: generic_pdf)
2026-06-09_attachments_f_13_01_summary_of_appendix_9_approval_requests_and_pro,994506eb577b3354e5cba668f7a20a663d31a8d9cdc3e4e0876b6b7f208eaf31,data/raw/board_packets/2026-06-09_Board_of_Directors/attachments/F_13_01_Summary of Appendix 9 Approval Requests and Pro.pdf,2026-06-09,,generic_pdf,F 13 01 Summary of Appendix 9 Approval Requests and Pro,,2026-06-07,false,new,
2026-06-09_attachments_f_13_02_center_for_innovation_2024_building_renovation,30c3360389a1d4a2a4ae35ad1554acf559b36697e115979380f40ec0b45d17d6,data/raw/board_packets/2026-06-09_Board_of_Directors/attachments/F_13_02_Center for Innovation 2024 Building Renovation.pdf,2026-06-09,,generic_pdf,F 13 02 Center for Innovation 2024 Building Renovation,,2026-06-07,false,new,
2026-06-09_attachments_f_13_03_city_hs_baseball_softball_at_mercer_park_2025,f4cfab33a21c6fe0c5267444090ff41cb6d1a3c61047c4bee02ecabc125a4b65,data/raw/board_packets/2026-06-09_Board_of_Directors/attachments/F_13_03_City HS Baseball & Softball at Mercer Park 2025.pdf,2026-06-09,,generic_pdf,F 13 03 City HS Baseball & Softball at Mercer Park 2025,,2026-06-07,false,new,
2026-06-09_attachments_f_13_04_hvac_upgrades_2024_wickham_es_hvac_upgrades,022d63d067e1b7135f805949b6733ef89f57d7df5a560abfbf4bf5698962fb87,data/raw/board_packets/2026-06-09_Board_of_Directors/attachments/F_13_04_HVAC Upgrades 2024 Wickham ES HVAC Upgrades.pdf,2026-06-09,,generic_pdf,F 13 04 HVAC Upgrades 2024 Wickham ES HVAC Upgrades,,2026-06-07,false,new,
2026-06-09_attachments_f_13_05_liberty_hs_2025_soccer_field_lighting,a2a15ad764b7340e4640878c5aec35a78f37d48a40b1937f36035c481897efc5,data/raw/board_packets/2026-06-09_Board_of_Directors/attachments/F_13_05_Liberty HS 2025 Soccer Field Lighting.pdf,2026-06-09,,generic_pdf,F 13 05 Liberty HS 2025 Soccer Field Lighting,,2026-06-07,false,new,
2026-06-09_attachments_f_13_06_lucas_es_gym_addition,2b9c6f8c35467cbd27fba05aff05558229e36ae4b6d094d5f730678115bd2b93,data/raw/board_packets/2026-06-09_Board_of_Directors/attachments/F_13_06_Lucas ES Gym Addition.pdf,2026-06-09,,generic_pdf,F 13 06 Lucas ES Gym Addition,,2026-06-07,false,new,
2026-06-09_attachments_f_13_07_capital_projects_status_report,4241e8737ccdc0b0141882e651ccd7fcfc7ae2d2f24babc088d7a42151f6f113,data/raw/board_packets/2026-06-09_Board_of_Directors/attachments/F_13_07_Capital Projects Status Report.pdf,2026-06-09,,capital_project_update,F 13 07 Capital Projects Status Report,,2026-06-07,false,new,
2026-06-09_attachments_f_13_08_combined_appendix_9_approval_requests_and_proje,4b2fc7eccb99fcf7142b5cc03648292d665e4973c7d64abfcb6aeaa5b4d8eee5,data/raw/board_packets/2026-06-09_Board_of_Directors/attachments/F_13_08_Combined Appendix 9 Approval Requests and Proje.pdf,2026-06-09,,generic_pdf,F 13 08 Combined Appendix 9 Approval Requests and Proje,,2026-06-07,false,new,
2026-06-09_attachments_i_01_01_900_policies_school_district_community_relation,9531e9d412874b78a1b346226a1398993f3665272379edd27b363d4ce61d5c64,data/raw/board_packets/2026-06-09_Board_of_Directors/attachments/I_01_01_900 Policies School District Community Relation.pdf,2026-06-09,,generic_pdf,I 01 01 900 Policies School District Community Relation,,2026-06-07,false,new,
2026-06-09_attachments_j_01_01_board_financial_leadership_update,9510a76c1a01a4284b89ff29065c387d0249378db88f5c5fe1dc32849d60b419,data/raw/board_packets/2026-06-09_Board_of_Directors/attachments/J_01_01_Board Financial Leadership Update.pdf,2026-06-09,,board_financial_update,J 01 01 Board Financial Leadership Update,,2026-06-07,false,new,
2026-06-09_attachments_j_02_01_summary_update_for_06_09_26_board_meeting,55fdd93a20c9b4a70c8f90aa8901e42f66c2fae6836cbbdafe142e7b0550ab3f,data/raw/board_packets/2026-06-09_Board_of_Directors/attachments/J_02_01_Summary Update for 06 09 26 Board Meeting.pdf,2026-06-09,,generic_pdf,J 02 01 Summary Update for 06 09 26 Board Meeting,,2026-06-07,false,new,
2026-06-09_attachments_j_02_02_summary_6_4_status_of_progress,6ac5990eeeecfa09781ea3b9a853764c1e7ebb6fe73503bcdfe3f89dddca98d3,data/raw/board_packets/2026-06-09_Board_of_Directors/attachments/J_02_02_Summary 6-4 Status of Progress.pdf,2026-06-09,,generic_pdf,J 02 02 Summary 6 4 Status of Progress,,2026-06-07,false,new,
2026-06-09_attachments_j_03_01_organizational_study_rfp,5d9a704c81199b4f8823ef5e76a384e7ed9e007d2acdac2336d15a6ca14e9449,data/raw/board_packets/2026-06-09_Board_of_Directors/attachments/J_03_01_Organizational Study RFP.pdf,2026-06-09,,generic_pdf,J 03 01 Organizational Study RFP,,2026-06-07,false,new,
2026-06-09_attachments_j_03_02_compensation_study_rfp,3426b81e33fa37d50085edc24e7ce086b90d13aadf0a021862f98e86c180f8d3,data/raw/board_packets/2026-06-09_Board_of_Directors/attachments/J_03_02_Compensation Study - RFP.pdf,2026-06-09,,generic_pdf,J 03 02 Compensation Study   RFP,,2026-06-07,false,new,
2026-06-09_attachments_j_03_03_rfp_demographic_study_enrollment_projection,cd3589cc03aa95742dbaa9a1647dd3f48372c65a0a1f20608eb8d84d68f0cde8,data/raw/board_packets/2026-06-09_Board_of_Directors/attachments/J_03_03_RFP - Demographic Study & Enrollment Projection.pdf,2026-06-09,,generic_pdf,J 03 03 RFP   Demographic Study & Enrollment Projection,,2026-06-07,false,new,
2026-06-09_attachments_k_02_01_pfm_presentation_iccsd_capital_funding_capacity_save_ppel_06092026,60c45a6da22e506bbc0030078bf30e30604d0e42421c974b96ab361462cb6b71,data/raw/board_packets/2026-06-09_Board_of_Directors/attachments/K_02_01_PFM Presentation ICCSD Capital Funding Capacity SAVE & PPEL 06092026.pdf,2026-06-09,,board_financial_update,K 02 01 PFM Presentation ICCSD Capital Funding Capacity SAVE & PPEL 06092026,,2026-06-10,false,new,document_type manually set (auto guess: generic_pdf)
2026-06-09_attachments_l_01_01_900_policies_school_district_community_relation,923d234a23b166e85ca1df3b3a6f359b497e7afb9299ef9a136152a0aac11ed1,data/raw/board_packets/2026-06-09_Board_of_Directors/attachments/L_01_01_900 Policies School District Community Relation.pdf,2026-06-09,,generic_pdf,L 01 01 900 Policies School District Community Relation,,2026-06-07,false,new,
2026-06-09_attachments_l_02_01_2026_2027_board_meeting_schedule,1fe552211d8e6106b7abd074d5f09c8104945f0614f60d606c13eb4a0bb8c33f,data/raw/board_packets/2026-06-09_Board_of_Directors/attachments/L_02_01_2026-2027 Board Meeting Schedule.pdf,2026-06-09,,generic_pdf,L 02 01 2026 2027 Board Meeting Schedule,,2026-06-07,false,new,
2026-06-09_attachments_l_05_01_3_second_resolution_scanlon_family_l_l_c,12891dabf2a060ec4ca96cf99059ff3e73d19623a17a7884560e2957d278b103,"data/raw/board_packets/2026-06-09_Board_of_Directors/attachments/L_05_01_(3) Second Resolution - Scanlon Family, L.L.C..pdf",2026-06-09,,generic_pdf,"L 05 01 (3) Second Resolution   Scanlon Family, L.L.C.",,2026-06-07,false,new,
2026-06-09_attachments_l_05_02_5817_761_warranty_deed,a11d1abd76678878d7e19be24a2f7b17dffd07c418fd197982bb44fbaf14b169,data/raw/board_packets/2026-06-09_Board_of_Directors/attachments/L_05_02_5817.761 Warranty Deed.pdf,2026-06-09,,generic_pdf,L 05 02 5817.761 Warranty Deed,,2026-06-07,false,new,
2026-06-09_attachments_l_05_03_62_98_1,b1d0295d699be1c26860db92b991ad0ba34d0a1a99f5cc1d925e798fc1773320,data/raw/board_packets/2026-06-09_Board_of_Directors/attachments/L_05_03_62.98 (1).pdf,2026-06-09,,generic_pdf,L 05 03 62.98 (1),,2026-06-07,false,new,
2026-06-09_attachments_l_05_04_notice_of_public_hearing,b4a7e3176ce69523401950892eebb413a5dbc544bf1092d9eb1a206e93d2f2cf,data/raw/board_packets/2026-06-09_Board_of_Directors/attachments/L_05_04_Notice of Public Hearing.pdf,2026-06-09,,generic_pdf,L 05 04 Notice of Public Hearing,,2026-06-07,false,new,
2026-06-09_attachments_l_05_05_affidavid_of_publicationiow_12354952_1,542a86090059a43446de3c8df150fd653ad593b3d83f3af2bf7ea07b10dad6a9,data/raw/board_packets/2026-06-09_Board_of_Directors/attachments/L_05_05_Affidavid of PublicationIOW 12354952 (1).pdf,2026-06-09,,generic_pdf,L 05 05 Affidavid of PublicationIOW 12354952 (1),,2026-06-07,false,new,
2026-06-09_attachments_m_01_01_6_23_26_policy_governance_agenda_draft,b3f9c7eec42697f37bb03577bbb212c4a03a59b5fbdef1ede2ecfeda146e780d,data/raw/board_packets/2026-06-09_Board_of_Directors/attachments/M_01_01_6-23-26 Policy & Governance Agenda - DRAFT.pdf,2026-06-09,,board_packet,M 01 01 6 23 26 Policy & Governance Agenda   DRAFT,,2026-06-07,false,new,
2026-06-09_attachments_m_01_02_06_23_2026_board_meeting_agenda_draft,3ebf5976ef0e0b80cd354e8ecdd299d489de6adca071b0babc9c26a652efeb94,data/raw/board_packets/2026-06-09_Board_of_Directors/attachments/M_01_02_06-23-2026 Board Meeting Agenda - DRAFT.pdf,2026-06-09,,board_packet,M 01 02 06 23 2026 Board Meeting Agenda   DRAFT,,2026-06-07,false,new,
undated_audits_iowa_city_csd_2020,e500716e2501fe065c36bc954051727c025acd4061f55f2bf877950a757e48c9,data/raw/district_reports/audits/Iowa City CSD-2020.pdf,,,audit,Iowa City CSD 2020,,2026-06-06,false,new,
undated_audits_iowa_city_csd_2021,cf6dc1cc4e3f9cc6c1e340c0bbdde28f80cc3d851c3210fe6dd1afaf6d35e67f,data/raw/district_reports/audits/Iowa City CSD-2021.pdf,,,audit,Iowa City CSD 2021,,2026-06-06,false,new,
undated_audits_iowa_city_csd_2022,29f7f2f85b770bce65eaad4ecfd38b6e9afc515ac85176cea08967c9303b4112,data/raw/district_reports/audits/Iowa City CSD-2022.pdf,,,audit,Iowa City CSD 2022,,2026-06-06,false,new,
undated_audits_iowa_city_csd_2023,4ab11d40ab8be12c04394a71801ff03dfb1eb7a39e2da05e6b74700a23abafe5,data/raw/district_reports/audits/Iowa City CSD-2023.pdf,,,audit,Iowa City CSD 2023,,2026-06-06,false,new,
undated_district_extractions_iowa_city_csd,8c3fc05deabede6592d22c76ddea653b2d517daa4cc8145604aa3b7bcea7c460,data/raw/manual_uploads/iccsd_advocacy_extractions/district-extractions/Iowa_City_CSD.csv,,,generic_excel,Iowa City CSD,,2026-06-06,false,new,
undated_dom_aea_flowthrough,ac44c7acd1b342e686c018d9b8e30c759ab790cfc61e746b36147dcb74df0b37,data/raw/manual_uploads/iccsd_advocacy_extractions/dom/aea-flowthrough.csv,,,generic_excel,aea flowthrough,,2026-06-06,false,new,
undated_dom_aid_levy_summary,3c9faba207efb9cd6748e772d23bbb878f1014cb3c20204e80f986e88c80dabf,data/raw/manual_uploads/iccsd_advocacy_extractions/dom/aid-levy-summary.csv,,,generic_excel,aid levy summary,,2026-06-06,false,new,
undated_dom_assessed_valuation_latest,0f0867f478d96a814fbdaadfd9414c3d3ea8e957162cf594573925d821fcc64f,data/raw/manual_uploads/iccsd_advocacy_extractions/dom/assessed-valuation-latest.csv,,,generic_excel,assessed valuation latest,,2026-06-06,false,new,
undated_dom_at_risk,e52d37320fd5caa97b36e6745bbbbe560e0e47b7b128d7d8cd396c0f8e6ecfde,data/raw/manual_uploads/iccsd_advocacy_extractions/dom/at-risk.csv,,,generic_excel,at risk,,2026-06-06,false,new,
undated_dom_cash_reserve_levy,c03416766346b678f3e72c5b0708204ad1d8cb45d8f2d954d2c788bc8d8338f3,data/raw/manual_uploads/iccsd_advocacy_extractions/dom/cash-reserve-levy.csv,,,generic_excel,cash reserve levy,,2026-06-06,false,new,
undated_dom_certified_enrollment,f8921be74cd8080c6bff379fb492ad95ae513da8496186d0f1bd5e5714de793f,data/raw/manual_uploads/iccsd_advocacy_extractions/dom/certified-enrollment.csv,,,generic_excel,certified enrollment,,2026-06-06,false,new,
undated_dom_levy_rates_and_valuation,d398c4fd6ee5c0c876c14b630ad0a071bd4566e32d22c81d2dc1ad673c8b9963,data/raw/manual_uploads/iccsd_advocacy_extractions/dom/levy-rates-and-valuation.csv,,,generic_excel,levy rates and valuation,,2026-06-06,false,new,
undated_dom_unspent_authorized_budget,39dcc288f5893c60edbf90df8ad73ede0726841264824f9e0a8bb8c9093edc1e,data/raw/manual_uploads/iccsd_advocacy_extractions/dom/unspent-authorized-budget.csv,,,generic_excel,unspent authorized budget,,2026-06-06,false,new,
undated_notes_extractions_iowa_city_csd,75047b82f0e502c87583ebaacc8bef5b2336946365f96e1deaeb20e387fa4774,data/raw/manual_uploads/iccsd_advocacy_extractions/notes-extractions/Iowa_City_CSD.csv,,,generic_excel,Iowa City CSD,,2026-06-06,false,new,
undated_audits_ankeny_csd_2020,d8cac287b50f598015bc45f279e7bdf26fa6f95f76eb6d0ac7647080ed46e4c3,data/raw/peer_districts/audits/Ankeny CSD-2020.pdf,,,audit,Ankeny CSD 2020,,2026-06-06,false,new,
undated_audits_ankeny_csd_2021,a6dbe36060077eaa77fd9a554f866a0f8f837fb971cd4c48872abff15e809559,data/raw/peer_districts/audits/Ankeny CSD-2021.pdf,,,audit,Ankeny CSD 2021,,2026-06-06,false,new,
undated_audits_ankeny_csd_2022,d992f8e1a76ed339ee3f86e4154966b0ad28fafccba888a62fc0b2c621d3a819,data/raw/peer_districts/audits/Ankeny CSD-2022.pdf,,,audit,Ankeny CSD 2022,,2026-06-06,false,new,
undated_audits_ankeny_csd_2023,3bed75146db533264c7e4c5459ecb459385f1a119d4708afc8c6be83d1e119a9,data/raw/peer_districts/audits/Ankeny CSD-2023.pdf,,,audit,Ankeny CSD 2023,,2026-06-06,false,new,
undated_audits_ankeny_csd_2024,d5efe262321f455c86a30885c688b60621a64236a51c409532d44170877f194b,data/raw/peer_districts/audits/Ankeny CSD-2024.pdf,,,audit,Ankeny CSD 2024,,2026-06-06,false,new,
undated_audits_ankeny_csd_2025,47d407fbd2853bd1b4a562d7e179c4f4fedbb292f40893f1f464c1099c3c402b,data/raw/peer_districts/audits/Ankeny CSD-2025.pdf,,,audit,Ankeny CSD 2025,,2026-06-06,false,new,
undated_audits_burlington_csd_2020,ea545ae5bee3bfa63e8c47ddb8eff4b4ec6672e5a29d894ba1aee6d996462e75,data/raw/peer_districts/audits/Burlington CSD-2020.pdf,,,audit,Burlington CSD 2020,,2026-06-06,false,new,
undated_audits_burlington_csd_2021,cd33d9bdf380a4b72cff1b04160aad818a969f119f973756259727b577838686,data/raw/peer_districts/audits/Burlington CSD-2021.pdf,,,audit,Burlington CSD 2021,,2026-06-06,false,new,
undated_audits_burlington_csd_2022,0766178fd33b7d62257b54e52f5eccad435adaf279593fa3b274cc8bdcd6b7a5,data/raw/peer_districts/audits/Burlington CSD-2022.pdf,,,audit,Burlington CSD 2022,,2026-06-06,false,new,
undated_audits_burlington_csd_2023,774adaab7988a38c50999a15e18b5ca75865e2c3931218dac3e65a8f12a9ad4a,data/raw/peer_districts/audits/Burlington CSD-2023.pdf,,,audit,Burlington CSD 2023,,2026-06-06,false,new,
undated_audits_burlington_csd_2024,9a9da439de3cf96e148e6734549e2bb546667da64ae36eeddbbf3380f83cde6a,data/raw/peer_districts/audits/Burlington CSD-2024.pdf,,,audit,Burlington CSD 2024,,2026-06-06,false,new,
undated_audits_burlington_csd_2025,f8821c1ec4cbf3d6e0c1f79c046c91a45bf29b37c67f30338bca2e9e03343927,data/raw/peer_districts/audits/Burlington CSD-2025.pdf,,,audit,Burlington CSD 2025,,2026-06-06,false,new,
undated_audits_cedar_rapids_csd_2020,044fcd6d49b9e3697aa5e1c36980a6b667faa684e9c517939973495d587b1c7d,data/raw/peer_districts/audits/Cedar Rapids CSD-2020.pdf,,,audit,Cedar Rapids CSD 2020,,2026-06-06,false,new,
undated_audits_cedar_rapids_csd_2021,4c54132469db9b412f97e53ede6f84b4b5f2fe5a96682cde0c564eb7085114ca,data/raw/peer_districts/audits/Cedar Rapids CSD-2021.pdf,,,audit,Cedar Rapids CSD 2021,,2026-06-06,false,new,
undated_audits_cedar_rapids_csd_2022,3f703059dd8e7f2d1bc41bace1e88805a3a341a377f6abbe8aae76fa8cbecdb2,data/raw/peer_districts/audits/Cedar Rapids CSD-2022.pdf,,,audit,Cedar Rapids CSD 2022,,2026-06-06,false,new,
undated_audits_cedar_rapids_csd_2023,f27609ac7a49a10543f409f522b3d4e37c46762bd72f82a33b7e4b4532f1900c,data/raw/peer_districts/audits/Cedar Rapids CSD-2023.pdf,,,audit,Cedar Rapids CSD 2023,,2026-06-06,false,new,
undated_audits_cedar_rapids_csd_2024,4cec72079fb47d37ce15e03944574760542641647d09d3d893497059c5787b7b,data/raw/peer_districts/audits/Cedar Rapids CSD-2024.pdf,,,audit,Cedar Rapids CSD 2024,,2026-06-06,false,new,
undated_audits_cedar_rapids_csd_2025,0e5b04ff37d567ea5c0a8bcb93586bf340b1123e80a08c20fe357e9635ce3c36,data/raw/peer_districts/audits/Cedar Rapids CSD-2025.pdf,,,audit,Cedar Rapids CSD 2025,,2026-06-06,false,new,
undated_audits_college_csd_2020,e247249f86a050643348da3277f47341afaff2f74998f8ee2cb7eef765666544,data/raw/peer_districts/audits/College CSD-2020.pdf,,,audit,College CSD 2020,,2026-06-06,false,new,
undated_audits_college_csd_2021,ccf18edfceb2245b1cc37e8b901226a71371dcab7fe15f0fa03352c41388a439,data/raw/peer_districts/audits/College CSD-2021.pdf,,,audit,College CSD 2021,,2026-06-06,false,new,
undated_audits_college_csd_2022,08a499bb32ab680c707a83bb945ec374f9cdfa66b830520203b06aefdcb3286b,data/raw/peer_districts/audits/College CSD-2022.pdf,,,audit,College CSD 2022,,2026-06-06,false,new,
undated_audits_college_csd_2023,bf98cf9359bc402ee30ac159e36408e07ef5cb299a4b0873ccc076a8fb7feddb,data/raw/peer_districts/audits/College CSD-2023.pdf,,,audit,College CSD 2023,,2026-06-06,false,new,
undated_audits_college_csd_2024,fc892f8ec165d2c6ca730b293f2ed35b3dcb2e2a6d84ecc7b73540a726a136f0,data/raw/peer_districts/audits/College CSD-2024.pdf,,,audit,College CSD 2024,,2026-06-06,false,new,
undated_audits_college_csd_2025,169d91e614bc91f614512a60132f42bb09c7dc5e4348b3c0ed0f6d5737adef05,data/raw/peer_districts/audits/College CSD-2025.pdf,,,audit,College CSD 2025,,2026-06-06,false,new,
undated_audits_davenport_csd_2020,c96a725e9ec50b5616a5e87335e90592a4a1b125de1c60955763c0353ad30b52,data/raw/peer_districts/audits/Davenport CSD-2020.pdf,,,audit,Davenport CSD 2020,,2026-06-06,false,new,
undated_audits_davenport_csd_2021,00403221a3a601e0f6bf14b37d1c268303d628c433b8e189718dcd4a2bab3ba2,data/raw/peer_districts/audits/Davenport CSD-2021.pdf,,,audit,Davenport CSD 2021,,2026-06-06,false,new,
undated_audits_davenport_csd_2022,3c90d2c5544edc05962f0d2db0b57896faa4590960de66c04ed36f0d0292b8da,data/raw/peer_districts/audits/Davenport CSD-2022.pdf,,,audit,Davenport CSD 2022,,2026-06-06,false,new,
undated_audits_davenport_csd_2023,d597e16255652a143b4f3b9b383fa74bd02655430d9213c8c166ace4de80de6b,data/raw/peer_districts/audits/Davenport CSD-2023.pdf,,,audit,Davenport CSD 2023,,2026-06-06,false,new,
undated_audits_davenport_csd_2024,330747f284d1dcb04b92b1b544aa8628f61156907de4457904d7fd9ead5c6660,data/raw/peer_districts/audits/Davenport CSD-2024.pdf,,,audit,Davenport CSD 2024,,2026-06-06,false,new,
undated_audits_davenport_csd_2025,7f3d7b8ab80a439f812fb21b74b851f6c472ec13db775c3c0f9cc61515419abe,data/raw/peer_districts/audits/Davenport CSD-2025.pdf,,,audit,Davenport CSD 2025,,2026-06-06,false,new,
undated_audits_des_moines_independent_csd_2020,131efd84d05410baed523a84a49c39b1dad01dc36e8160414c9033abf0fe789f,data/raw/peer_districts/audits/Des Moines Independent CSD-2020.pdf,,,audit,Des Moines Independent CSD 2020,,2026-06-06,false,new,
undated_audits_des_moines_independent_csd_2021,1fd7d2b663160f3ecedf1f078b88d1fa38eb1b2b17d3c7c680bfccb59d4a9e1c,data/raw/peer_districts/audits/Des Moines Independent CSD-2021.pdf,,,audit,Des Moines Independent CSD 2021,,2026-06-06,false,new,
undated_audits_des_moines_independent_csd_2022,9620075e9f56d282151ea76682e8d2f69f15f1331c41640c55488b46bd0aba5f,data/raw/peer_districts/audits/Des Moines Independent CSD-2022.pdf,,,audit,Des Moines Independent CSD 2022,,2026-06-06,false,new,
undated_audits_des_moines_independent_csd_2023,cc5e2bbd2dcd540dbcd6d2fe36ba367dc904208616779eb01f4f3722d41f4433,data/raw/peer_districts/audits/Des Moines Independent CSD-2023.pdf,,,audit,Des Moines Independent CSD 2023,,2026-06-06,false,new,
undated_audits_des_moines_independent_csd_2024,25d6c5a0add4f0dd52e53ce486c37e88ea651aa9eb3910e8b283c53d68fd5cea,data/raw/peer_districts/audits/Des Moines Independent CSD-2024.pdf,,,audit,Des Moines Independent CSD 2024,,2026-06-06,false,new,
undated_audits_des_moines_independent_csd_2025,87b9a2407d0377f5821d43b09f6cf918f3f8f5a49a1aef4c2c1b4a789c32201a,data/raw/peer_districts/audits/Des Moines Independent CSD-2025.pdf,,,audit,Des Moines Independent CSD 2025,,2026-06-06,false,new,
undated_audits_dubuque_csd_2020,06327e7ae49a205677c2d1b0a42e713ca7db8142bdc426231c345c757c4a3c6e,data/raw/peer_districts/audits/Dubuque CSD-2020.pdf,,,audit,Dubuque CSD 2020,,2026-06-06,false,new,
undated_audits_dubuque_csd_2021,a1c8957acc515412864695f012a63e0970ea7fb0c1a4166a9d70744012ee4baa,data/raw/peer_districts/audits/Dubuque CSD-2021.pdf,,,audit,Dubuque CSD 2021,,2026-06-06,false,new,
undated_audits_dubuque_csd_2022,ba48038e9ee684700d0efede579848c6e3ada831282f21a7b660622389ed5234,data/raw/peer_districts/audits/Dubuque CSD-2022.pdf,,,audit,Dubuque CSD 2022,,2026-06-06,false,new,
undated_audits_dubuque_csd_2023,66611c5adfbe1b269b195a694a9d049f4a620b315e057a2517465ce9e1272751,data/raw/peer_districts/audits/Dubuque CSD-2023.pdf,,,audit,Dubuque CSD 2023,,2026-06-06,false,new,
undated_audits_dubuque_csd_2024,3ce32ba7e70aff93513af6df99bde8af9b2d93d1604de0f05bc3069add22d34a,data/raw/peer_districts/audits/Dubuque CSD-2024.pdf,,,audit,Dubuque CSD 2024,,2026-06-06,false,new,
undated_audits_dubuque_csd_2025,e28f3a444d7c776713d891b34301b7807ed765bc1d4d0159d48bab31aa32cb9f,data/raw/peer_districts/audits/Dubuque CSD-2025.pdf,,,audit,Dubuque CSD 2025,,2026-06-06,false,new,
undated_audits_johnston_csd_2020,ecaf4f42a3e7bd6df52ab9f17e4e4a1f98cc98564da393ec971a03d5d83f07d8,data/raw/peer_districts/audits/Johnston CSD-2020.pdf,,,audit,Johnston CSD 2020,,2026-06-06,false,new,
undated_audits_johnston_csd_2021,36e13602b75a779e3ff33a1097dca8c6d8478eb39df268f03bff1c1d66a15fa8,data/raw/peer_districts/audits/Johnston CSD-2021.pdf,,,audit,Johnston CSD 2021,,2026-06-06,false,new,
undated_audits_johnston_csd_2022,7ad8881f7736d17dcb239b3318a2cd9453195d648ec7a9e32afeb5d887211bb9,data/raw/peer_districts/audits/Johnston CSD-2022.pdf,,,audit,Johnston CSD 2022,,2026-06-06,false,new,
undated_audits_johnston_csd_2023,df1a8c7750caf6e7bc25c59ff2c138380df230ff471ee1423f4e53c125c75b85,data/raw/peer_districts/audits/Johnston CSD-2023.pdf,,,audit,Johnston CSD 2023,,2026-06-06,false,new,
undated_audits_johnston_csd_2024,0674ceef91b6cce4ad18ccc89176affe71d374ce13a0ede899e1a855a8a953ab,data/raw/peer_districts/audits/Johnston CSD-2024.pdf,,,audit,Johnston CSD 2024,,2026-06-06,false,new,
undated_audits_johnston_csd_2025,4e3551d44327c7738d0ba5fd4de5272515e4a7708036b56e7622b7263041a110,data/raw/peer_districts/audits/Johnston CSD-2025.pdf,,,audit,Johnston CSD 2025,,2026-06-06,false,new,
undated_audits_linn_mar_csd_2020,844c326a6425c4c5c762898e24f306619fe60026e9aa3e51acf46ba184f3b49f,data/raw/peer_districts/audits/Linn-Mar CSD-2020.pdf,,,audit,Linn Mar CSD 2020,,2026-06-06,false,new,
undated_audits_linn_mar_csd_2021,da1bfdca17769322edcf254318d81817d471cbac87acab769276a768c826488b,data/raw/peer_districts/audits/Linn-Mar CSD-2021.pdf,,,audit,Linn Mar CSD 2021,,2026-06-06,false,new,
undated_audits_linn_mar_csd_2022,fd01472478eb09a102abbbb6166e00777ab19f13fc921f3921aa43cebb12f650,data/raw/peer_districts/audits/Linn-Mar CSD-2022.pdf,,,audit,Linn Mar CSD 2022,,2026-06-06,false,new,
undated_audits_linn_mar_csd_2023,2329d12c806310ae5b119de810637b084de0131bf18bc1da5b88385ee017a2e1,data/raw/peer_districts/audits/Linn-Mar CSD-2023.pdf,,,audit,Linn Mar CSD 2023,,2026-06-06,false,new,
undated_audits_linn_mar_csd_2024,abebf354bafd851a8c44e7daeb7160de07114aef46ff26215d5bcd06503ffdbe,data/raw/peer_districts/audits/Linn-Mar CSD-2024.pdf,,,audit,Linn Mar CSD 2024,,2026-06-06,false,new,
undated_audits_linn_mar_csd_2025,71d695eff666f5ba5c2f9952e2d237730a1d8f0c6c9aedad201ab44a296fe91a,data/raw/peer_districts/audits/Linn-Mar CSD-2025.pdf,,,audit,Linn Mar CSD 2025,,2026-06-06,false,new,
undated_audits_muscatine_csd_2020,d3e969b3eac146a4dca9a06197b427d2be6edf12c4de0805a968043f564d27b1,data/raw/peer_districts/audits/Muscatine CSD-2020.pdf,,,audit,Muscatine CSD 2020,,2026-06-06,false,new,
undated_audits_muscatine_csd_2021,8a38be2ece84d53df94bc9588daee933fd04bdf634fa9682888b89635034d739,data/raw/peer_districts/audits/Muscatine CSD-2021.pdf,,,audit,Muscatine CSD 2021,,2026-06-06,false,new,
undated_audits_muscatine_csd_2022,e47226ddc8755b9867a4dc158c0e879dc43a061eb125d7b3419f7945a7410786,data/raw/peer_districts/audits/Muscatine CSD-2022.pdf,,,audit,Muscatine CSD 2022,,2026-06-06,false,new,
undated_audits_muscatine_csd_2023,0cb5b967a8483441ab69cef6308e92867f15970d363b96e3f6acf5df5e093847,data/raw/peer_districts/audits/Muscatine CSD-2023.pdf,,,audit,Muscatine CSD 2023,,2026-06-06,false,new,
undated_audits_muscatine_csd_2024,0e78c5c9964472ca7f2cf1544bb667d62fa008f79aa8b13d69c8eb2abca79c28,data/raw/peer_districts/audits/Muscatine CSD-2024.pdf,,,audit,Muscatine CSD 2024,,2026-06-06,false,new,
undated_audits_muscatine_csd_2025,0ba87762017de811ccd9316ece94051d03ebc109a9afd20a984909cf13b1d666,data/raw/peer_districts/audits/Muscatine CSD-2025.pdf,,,audit,Muscatine CSD 2025,,2026-06-06,false,new,
undated_audits_pleasant_valley_csd_2020,d9c38c9360d1b2fe3568534e9299094b7f82c640b631dd3f17710813435f2059,data/raw/peer_districts/audits/Pleasant Valley CSD-2020.pdf,,,audit,Pleasant Valley CSD 2020,,2026-06-06,false,new,
undated_audits_pleasant_valley_csd_2021,872e15370c1187d000ca4b3bdda043ec73ff46ec9a831aa4572893c1fdcf2776,data/raw/peer_districts/audits/Pleasant Valley CSD-2021.pdf,,,audit,Pleasant Valley CSD 2021,,2026-06-06,false,new,
undated_audits_pleasant_valley_csd_2022,1065095579ae81b83524ecdd3b15556834bdcd21de21b4661b972898025f2b3f,data/raw/peer_districts/audits/Pleasant Valley CSD-2022.pdf,,,audit,Pleasant Valley CSD 2022,,2026-06-06,false,new,
undated_audits_pleasant_valley_csd_2023,5e8eae5759004813e10bb56863fa93acff9a5d2727341dbdea772a9424d436b8,data/raw/peer_districts/audits/Pleasant Valley CSD-2023.pdf,,,audit,Pleasant Valley CSD 2023,,2026-06-06,false,new,
undated_audits_pleasant_valley_csd_2024,d77dcc21e64b827b319714d5890f7641deaa650ae82914cf9ee91aef8dd46c3b,data/raw/peer_districts/audits/Pleasant Valley CSD-2024.pdf,,,audit,Pleasant Valley CSD 2024,,2026-06-06,false,new,
undated_audits_pleasant_valley_csd_2025,9993d108f2607788ea9ddfcae7bef7179a4f7770c82adc4f6cf38307ca0ccf0e,data/raw/peer_districts/audits/Pleasant Valley CSD-2025.pdf,,,audit,Pleasant Valley CSD 2025,,2026-06-06,false,new,
undated_audits_waterloo_csd_2020,a80d6d03bd09af426093f3b0ddc0ba0daa000a96a85fe57f265901e4f28828ce,data/raw/peer_districts/audits/Waterloo CSD-2020.pdf,,,audit,Waterloo CSD 2020,,2026-06-06,false,new,
undated_audits_waterloo_csd_2021,7b0da075c747af40a3acc4ba9ee3e06add1b089f0bae85f94e6e593b21302a06,data/raw/peer_districts/audits/Waterloo CSD-2021.pdf,,,audit,Waterloo CSD 2021,,2026-06-06,false,new,
undated_audits_waterloo_csd_2022,04d00c67d07eaebc83343c619df15db6dd56bffbdcdc97eb050ec22a931b4f90,data/raw/peer_districts/audits/Waterloo CSD-2022.pdf,,,audit,Waterloo CSD 2022,,2026-06-06,false,new,
undated_audits_waterloo_csd_2023,a6cf22d949cead94d8a24fe023853337ba3b62af6478ff74b0b27e5398c44a94,data/raw/peer_districts/audits/Waterloo CSD-2023.pdf,,,audit,Waterloo CSD 2023,,2026-06-06,false,new,
undated_audits_waterloo_csd_2024,99ca38734a991fecf1868253ee129f509e72869d1071bc8637503adb6e4737e1,data/raw/peer_districts/audits/Waterloo CSD-2024.pdf,,,audit,Waterloo CSD 2024,,2026-06-06,false,new,
undated_audits_waterloo_csd_2025,012a0fb611d8e55221142fb4a035a0615fca68250af13ad26c4975565c3e477d,data/raw/peer_districts/audits/Waterloo CSD-2025.pdf,,,audit,Waterloo CSD 2025,,2026-06-06,false,new,
undated_audits_waukee_csd_2020,0fc54f8e35fd2418c4b1949ee2ca6bcb5495f21a630bfbb96a3b19f06babec8c,data/raw/peer_districts/audits/Waukee CSD-2020.pdf,,,audit,Waukee CSD 2020,,2026-06-06,false,new,
undated_audits_waukee_csd_2021,28ddbe0e98834e20fd0acee0aac89474f9baa4a0be44e7bd2beb8abf11a6119c,data/raw/peer_districts/audits/Waukee CSD-2021.pdf,,,audit,Waukee CSD 2021,,2026-06-06,false,new,
undated_audits_waukee_csd_2022,4335287b665d6411bbcd9f3817b59f733d96f0f2afa90436b15ed268a2e9726a,data/raw/peer_districts/audits/Waukee CSD-2022.pdf,,,audit,Waukee CSD 2022,,2026-06-06,false,new,
undated_audits_waukee_csd_2023,7610e39a93df5e0c5559ebd02ae6a4a1fc30d258af6d107d2d42e4052a41aad8,data/raw/peer_districts/audits/Waukee CSD-2023.pdf,,,audit,Waukee CSD 2023,,2026-06-06,false,new,
undated_audits_waukee_csd_2024,d0f180195b7ca38d5fbbb14ba2dc9c49cca38b3c9cb6510493a72249fd628ac2,data/raw/peer_districts/audits/Waukee CSD-2024.pdf,,,audit,Waukee CSD 2024,,2026-06-06,false,new,
undated_audits_waukee_csd_2025,95f46f0d9805ef77896fd1358ac98d6a0855787989201ae374e23758d0723763,data/raw/peer_districts/audits/Waukee CSD-2025.pdf,,,audit,Waukee CSD 2025,,2026-06-06,false,new,
undated_audits_west_des_moines_csd_2020,cf47af900f8c87fda02b12f5e223ff281e3246e42fdfe13c24747123dabb04d1,data/raw/peer_districts/audits/West Des Moines CSD-2020.pdf,,,audit,West Des Moines CSD 2020,,2026-06-06,false,new,
undated_audits_west_des_moines_csd_2021,ea9ade3e552e3224613262c771fac7871810df99cd4739007185f731a41d3493,data/raw/peer_districts/audits/West Des Moines CSD-2021.pdf,,,audit,West Des Moines CSD 2021,,2026-06-06,false,new,
undated_audits_west_des_moines_csd_2022,663bea588d317997185ceb13ee463ac131fe19fa7beacb343e563ea312882c0e,data/raw/peer_districts/audits/West Des Moines CSD-2022.pdf,,,audit,West Des Moines CSD 2022,,2026-06-06,false,new,
undated_audits_west_des_moines_csd_2023,78d1fe4dfe08495461437db0831905705d69433e5c513f32fd7575c411c4f3b9,data/raw/peer_districts/audits/West Des Moines CSD-2023.pdf,,,audit,West Des Moines CSD 2023,,2026-06-06,false,new,
undated_audits_west_des_moines_csd_2024,89d52d15dc289e1ecc114dd90c9eccf2f1c48b784cc76be5616acb57f51a5abd,data/raw/peer_districts/audits/West Des Moines CSD-2024.pdf,,,audit,West Des Moines CSD 2024,,2026-06-06,false,new,
undated_audits_west_des_moines_csd_2025,7e2c693094172d3ac44cc09bf1baeee74f8a5aa5c9851fa303b88869c427e9d5,data/raw/peer_districts/audits/West Des Moines CSD-2025.pdf,,,audit,West Des Moines CSD 2025,,2026-06-06,false,new,
undated_aea_aea_enrollment_and_cost_detail_fy_2019,bb43158327cabb4b15e68c04ba946e7094359c6d251b8f7481f79ec1824d2eb9,"data/raw/state_reports/dom/AEA/AEA Enrollment and Cost Detail, FY 2019.xlsx",,,generic_excel,"AEA Enrollment and Cost Detail, FY 2019",,2026-06-06,false,new,
undated_aea_aea_enrollment_and_cost_detail_fy_2020,9893e2a882524691384e1a65a6b14ab65ca3ce2186a3bf8255998180663755ab,"data/raw/state_reports/dom/AEA/AEA Enrollment and Cost Detail, FY 2020.xlsx",,,generic_excel,"AEA Enrollment and Cost Detail, FY 2020",,2026-06-06,false,new,
undated_aea_aea_enrollment_and_cost_detail_fy_2021,bc624c48be261f6102b5d831758efce95d5bca406bb31106ecfbcedf30863544,"data/raw/state_reports/dom/AEA/AEA Enrollment and Cost Detail, FY 2021.xlsx",,,generic_excel,"AEA Enrollment and Cost Detail, FY 2021",,2026-06-06,false,new,
undated_aea_aea_enrollment_and_cost_detail_fy_2022,f1d5aa2617f994addfc3222482d37498617b2477f42350e622b2c7bf875b3c15,"data/raw/state_reports/dom/AEA/AEA Enrollment and Cost Detail, FY 2022.xlsx",,,generic_excel,"AEA Enrollment and Cost Detail, FY 2022",,2026-06-06,false,new,
undated_aea_aea_enrollment_and_cost_detail_fy_2023,92e6839159c9609c0017a2a1d21fafd4f9e5ecb5a81c9244c5466acf8d3d07c3,"data/raw/state_reports/dom/AEA/AEA Enrollment and Cost Detail, FY 2023.xlsx",,,generic_excel,"AEA Enrollment and Cost Detail, FY 2023",,2026-06-06,false,new,
undated_aea_aea_enrollment_and_cost_detail_fy_2024,5c91efd1f489ed008372ba1abec466b4f736a02d00d0037950b2fff65e82ec49,"data/raw/state_reports/dom/AEA/AEA Enrollment and Cost Detail, FY 2024.xlsx",,,generic_excel,"AEA Enrollment and Cost Detail, FY 2024",,2026-06-06,false,new,
undated_aea_aea_enrollment_and_cost_detail_fy_2025,491db30aa8642b37e6b8ee4941de73acfe330be43a9239ef3dd18441a2fc6e68,"data/raw/state_reports/dom/AEA/AEA Enrollment and Cost Detail, FY 2025.xlsx",,,generic_excel,"AEA Enrollment and Cost Detail, FY 2025",,2026-06-06,false,new,
undated_aea_aea_enrollment_and_cost_detail_fy_2026,a023828d50569a2c8e15695e8c8f5eb960110969cdf3cabb1dd6411d65e1830d,"data/raw/state_reports/dom/AEA/AEA Enrollment and Cost Detail, FY 2026.xlsx",,,generic_excel,"AEA Enrollment and Cost Detail, FY 2026",,2026-06-06,false,new,
undated_aea_aea_enrollment_and_cost_summary_fy_2019,769733651bf52c2c75f7b8a8a8e4d088eaf6b6c55b6ca5e0e7c1295fef5411cc,"data/raw/state_reports/dom/AEA/AEA Enrollment and Cost Summary, FY 2019.pdf",,,generic_pdf,"AEA Enrollment and Cost Summary, FY 2019",,2026-06-06,false,new,
undated_aea_aea_enrollment_and_cost_summary_fy_2020,d7128a48af36f8ec5d5a5c247346fde33c07bd5c92454c24bf024108d4437aa4,"data/raw/state_reports/dom/AEA/AEA Enrollment and Cost Summary, FY 2020.pdf",,,generic_pdf,"AEA Enrollment and Cost Summary, FY 2020",,2026-06-06,false,new,
undated_aea_aea_enrollment_and_cost_summary_fy_2021,1bac67ebb0f83e4fb2f0d210ad3a255addfbdee4c07bd47ce19edb87b3f196d2,"data/raw/state_reports/dom/AEA/AEA Enrollment and Cost Summary, FY 2021.pdf",,,generic_pdf,"AEA Enrollment and Cost Summary, FY 2021",,2026-06-06,false,new,
undated_aea_aea_enrollment_and_cost_summary_fy_2022,a82072c8505e06e3f9fedb1374c3f5b98b334fd8dbea955b4cdbf3188fbce7f9,"data/raw/state_reports/dom/AEA/AEA Enrollment and Cost Summary, FY 2022.pdf",,,generic_pdf,"AEA Enrollment and Cost Summary, FY 2022",,2026-06-06,false,new,
undated_aea_aea_enrollment_and_cost_summary_fy_2023,769733651bf52c2c75f7b8a8a8e4d088eaf6b6c55b6ca5e0e7c1295fef5411cc,"data/raw/state_reports/dom/AEA/AEA Enrollment and Cost Summary, FY 2023.pdf",,,generic_pdf,"AEA Enrollment and Cost Summary, FY 2023",,2026-06-06,false,new,
undated_aea_aea_enrollment_and_cost_summary_fy_2024,d40d2b0a06ba82806a3c99ff0873aede9a500d872ec664ceb1f9f4a1a3ae2afe,"data/raw/state_reports/dom/AEA/AEA Enrollment and Cost Summary, FY 2024.pdf",,,generic_pdf,"AEA Enrollment and Cost Summary, FY 2024",,2026-06-06,false,new,
undated_aea_aea_enrollment_and_cost_summary_fy_2025,a578cf361e4d85ffe5adec50f62894ef5b80abe754efdc0fd686e3fd465e35b6,"data/raw/state_reports/dom/AEA/AEA Enrollment and Cost Summary, FY 2025.pdf",,,generic_pdf,"AEA Enrollment and Cost Summary, FY 2025",,2026-06-06,false,new,
undated_aidandlevytaxcertification_aid_levy_taxcert_programsummary_a_5_30_26,be38ac25f0f517eae39d727ac09c94478bfa3505954058710066d718da622af8,data/raw/state_reports/dom/AidandLevyTaxCertification/Aid&Levy_TaxCert_ProgramSummary_a_5-30-26.xlsx,,,generic_excel,Aid&Levy TaxCert ProgramSummary a 5 30 26,,2026-06-06,false,new,
undated_atriskformula_at_risk_formula_supplementary_weight_fy_2019,fef47b67ae77ecd46f88801001bb022557ef3b9c98673bc9eed95e74175734b1,"data/raw/state_reports/dom/AtRiskFormula/At-Risk Formula Supplementary Weight, FY 2019.xlsx",,,generic_excel,"At Risk Formula Supplementary Weight, FY 2019",,2026-06-06,false,new,
undated_atriskformula_at_risk_formula_supplementary_weight_fy_2020,d0ce2fa6603a0f993556c1331be33fd8ba02bb03c983dd95af278187edaf115e,"data/raw/state_reports/dom/AtRiskFormula/At-Risk Formula Supplementary Weight, FY 2020.xlsx",,,generic_excel,"At Risk Formula Supplementary Weight, FY 2020",,2026-06-06,false,new,
undated_atriskformula_at_risk_formula_supplementary_weight_fy_2021,c9c265f9f5a07a05d9ef3edbe8ba7ca6c8fc1fc585fd052ab4452c89793dd5c3,"data/raw/state_reports/dom/AtRiskFormula/At-Risk Formula Supplementary Weight, FY 2021.xlsx",,,generic_excel,"At Risk Formula Supplementary Weight, FY 2021",,2026-06-06,false,new,
undated_atriskformula_at_risk_formula_supplementary_weight_fy_2022,9ddc04a5904476d72f0aa9991e33345998b6b113d2662f9fb4177d75dfaf36ab,"data/raw/state_reports/dom/AtRiskFormula/At-Risk Formula Supplementary Weight, FY 2022.xlsx",,,generic_excel,"At Risk Formula Supplementary Weight, FY 2022",,2026-06-06,false,new,
undated_atriskformula_at_risk_formula_supplementary_weight_fy_2023,12d7519ab15d3ee656750b9621a196373babdf4b929c05b51ef1e1b26c032302,"data/raw/state_reports/dom/AtRiskFormula/At-Risk Formula Supplementary Weight, FY 2023.xlsx",,,generic_excel,"At Risk Formula Supplementary Weight, FY 2023",,2026-06-06,false,new,
undated_atriskformula_at_risk_formula_supplementary_weight_fy_2024,97595b6f97fa7cf4a52e2dc6f1e2b9d19513120e406553ddf9965617d44ef07d,"data/raw/state_reports/dom/AtRiskFormula/At-Risk Formula Supplementary Weight, FY 2024.xlsx",,,generic_excel,"At Risk Formula Supplementary Weight, FY 2024",,2026-06-06,false,new,
undated_atriskformula_at_risk_formula_supplementary_weight_fy_2025,0a0ea59553ebf8e3815f0414c31f402a0ff21a7e642ea17afa88ccbaafbe9458,"data/raw/state_reports/dom/AtRiskFormula/At-Risk Formula Supplementary Weight, FY 2025.xlsx",,,generic_excel,"At Risk Formula Supplementary Weight, FY 2025",,2026-06-06,false,new,
undated_atriskformula_at_risk_formula_supplementary_weight_fy_2026,123b0e36f0a1a4e33e2fbeeb20d87c56b8f86f05fa8ccc3a0112d2b4409f2583,"data/raw/state_reports/dom/AtRiskFormula/At-Risk Formula Supplementary Weight, FY 2026.xlsx",,,generic_excel,"At Risk Formula Supplementary Weight, FY 2026",,2026-06-06,false,new,
undated_finalcashreservelevies_final_cash_reserve_levies_fy_2022,7b72af741f86c353be78e9cea9d8f57d6156d18102d1b215ad6d63ebba3c99dc,"data/raw/state_reports/dom/FinalCashReserveLevies/Final Cash Reserve Levies, FY 2022.xlsx",,,generic_excel,"Final Cash Reserve Levies, FY 2022",,2026-06-06,false,new,
undated_finalcashreservelevies_final_cash_reserve_levies_fy_2023,989e5a71dd6fafa3661b8bfacd167b3f3440abfd85eb17848561c71dc3982b1f,"data/raw/state_reports/dom/FinalCashReserveLevies/Final Cash Reserve Levies, FY 2023.xlsx",,,generic_excel,"Final Cash Reserve Levies, FY 2023",,2026-06-06,false,new,
undated_finalcashreservelevies_final_cash_reserve_levies_fy_2024,ed0afb9bb7c98b98801bb80aa380056b6d79c659e230132748596f2577292d64,"data/raw/state_reports/dom/FinalCashReserveLevies/Final Cash Reserve Levies, FY 2024.xlsx",,,generic_excel,"Final Cash Reserve Levies, FY 2024",,2026-06-06,false,new,
undated_finalcashreservelevies_final_cash_reserve_levies_fy_2025,29b39261303d9f30ebb138c8d029d0cdbc8a4879be4e887f84b555512c20acb2,"data/raw/state_reports/dom/FinalCashReserveLevies/Final Cash Reserve Levies, FY 2025.xlsx",,,generic_excel,"Final Cash Reserve Levies, FY 2025",,2026-06-06,false,new,
undated_finalcashreservelevies_final_cash_reserve_levies_fy_2026,e6efaab50abdb442d3c5ce5db002bb19df3349aa73480796ef10cb22c1ef64bd,"data/raw/state_reports/dom/FinalCashReserveLevies/Final Cash Reserve Levies, FY 2026.xlsx",,,generic_excel,"Final Cash Reserve Levies, FY 2026",,2026-06-06,false,new,
undated_propertytaxratefiles_school_tax_rates_historical_fy_2002_fy_2026,0e9e74b8e03fb2b2b6f2015a09169dfc877abadb83fd2eb132d06cd19e2b02ca,"data/raw/state_reports/dom/PropertyTaxRateFiles/School Tax Rates, Historical - FY 2002 - FY 2026.xlsx",,,generic_excel,"School Tax Rates, Historical   FY 2002   FY 2026",,2026-06-06,false,new,
undated_propertyvaluation_school_district_assessed_tif_valuations_by_class_ay2016_fy2018,04d5e162b2e04e7c3c7d42ecad6e185df01d046b4e90a4371a64d8fe9fe682e7,"data/raw/state_reports/dom/PropertyValuation/School District Assessed & TIF Valuations by Class, AY2016-FY2018.xls",,,generic_excel,"School District Assessed & TIF Valuations by Class, AY2016 FY2018",,2026-06-06,false,new,
undated_propertyvaluation_school_district_assessed_tif_valuations_by_class_ay2019_fy2021,1ff87c720f2eb014f406439a296b761fbe90ce86979ab0d0eef7f73b07a4df27,"data/raw/state_reports/dom/PropertyValuation/School District Assessed & TIF Valuations by Class, AY2019-FY2021.xlsx",,,generic_excel,"School District Assessed & TIF Valuations by Class, AY2019 FY2021",,2026-06-06,false,new,
undated_propertyvaluation_school_district_assessed_tif_valuations_by_class_ay2022_fy2024,33a10b651c9a7c319fdd1f142e34b968cb0ef2e240b386ac3062b4166d6ff2ff,"data/raw/state_reports/dom/PropertyValuation/School District Assessed & TIF Valuations by Class, AY2022-FY2024.xlsx",,,generic_excel,"School District Assessed & TIF Valuations by Class, AY2022 FY2024",,2026-06-06,false,new,
undated_propertyvaluation_school_district_assessed_taxable_valuations_by_class_ay2024_fy2026,9007a135d6e604daf6dedd7d002bffd51c2f5a709382701ef1d3e0bcb74676df,"data/raw/state_reports/dom/PropertyValuation/School District Assessed & Taxable Valuations by Class, AY2024-FY2026.xlsx",,,generic_excel,"School District Assessed & Taxable Valuations by Class, AY2024 FY2026",,2026-06-06,false,new,
undated_propertyvaluation_school_district_taxable_tif_valuations_by_class_ay2016_fy2018,543e3615a27b5f18c155855fa6fb2e74bdb89d65d6cf7236bc6dd0299b36d825,"data/raw/state_reports/dom/PropertyValuation/School District Taxable & TIF Valuations by Class, AY2016-FY2018.xls",,,generic_excel,"School District Taxable & TIF Valuations by Class, AY2016 FY2018",,2026-06-06,false,new,
undated_propertyvaluation_school_district_taxable_tif_valuations_by_class_ay2019_fy2021,c9efe28f03d50b3a1cb869f6b46eeec9ceadd2a2ab030b31f6d583bf4255a834,"data/raw/state_reports/dom/PropertyValuation/School District Taxable & TIF Valuations by Class, AY2019-FY2021.xlsx",,,generic_excel,"School District Taxable & TIF Valuations by Class, AY2019 FY2021",,2026-06-06,false,new,
undated_propertyvaluation_school_district_taxable_tif_valuations_by_class_ay2022_fy2024,39992046d5038511c7ca30d456d0d88d694268ec0bacdaec9c4c2ff05646d026,"data/raw/state_reports/dom/PropertyValuation/School District Taxable & TIF Valuations by Class, AY2022-FY2024.xlsx",,,generic_excel,"School District Taxable & TIF Valuations by Class, AY2022 FY2024",,2026-06-06,false,new,
undated_propertyvaluation_school_district_taxable_tif_valuations_by_class_ay2024_fy2026,370d564cf2c0ed2de6bced921eb5c1794cdb9aaf7d756e35449f1bce37dd441e,"data/raw/state_reports/dom/PropertyValuation/School District Taxable & TIF Valuations by Class, AY2024-FY2026.xlsx",,,generic_excel,"School District Taxable & TIF Valuations by Class, AY2024 FY2026",,2026-06-06,false,new,
undated_uab_unspent_authorized_budget_report,5ad0de9babbe975c8f088200067ad5efdcfb15e9a467545dd78deecf44e5cf79,data/raw/state_reports/dom/UAB/Unspent Authorized Budget Report.xlsx,,,generic_excel,Unspent Authorized Budget Report,,2026-06-06,false,new,
