run_date,severity,issue_type,fund_code,document_id,description,recommended_action,status
2026-06-07,warning,duplicate_document,,"2026-04-14_attachments_700_policies_noninstructional_operations_business_services, 2026-04-14_attachments_i_01_01_700_policies_noninstructional_operations_business_services","2 files share identical content: data/raw/board_packets/2026-04-14_Board_of_Directors/attachments/700 Policies – Noninstructional Operations & Business Services.pdf, data/raw/board_packets/2026-04-14_Board_of_Directors/attachments/I_01_01_700 Policies – Noninstructional Operations & Business Services.pdf",Keep one canonical copy or confirm the duplicate is intentional; mark extras as status=duplicate.,open
2026-06-07,warning,duplicate_document,,"2026-04-14_attachments_fy23_internal_control_audit_findings_and_corrective_actions, 2026-04-14_attachments_k_01_04_fy23_audit_findings_ic_adjustments_4_8_26_memo","2 files share identical content: data/raw/board_packets/2026-04-14_Board_of_Directors/attachments/FY23 Internal Control Audit Findings and Corrective Actions.pdf, data/raw/board_packets/2026-04-14_Board_of_Directors/attachments/K_01_04_FY23 Audit Findings & IC Adjustments - 4.8.26 memo.pdf",Keep one canonical copy or confirm the duplicate is intentional; mark extras as status=duplicate.,open
2026-06-07,warning,duplicate_document,,"undated_aea_aea_enrollment_and_cost_summary_fy_2019, undated_aea_aea_enrollment_and_cost_summary_fy_2023","2 files share identical content: data/raw/state_reports/dom/AEA/AEA Enrollment and Cost Summary, FY 2019.pdf, data/raw/state_reports/dom/AEA/AEA Enrollment and Cost Summary, FY 2023.pdf",Keep one canonical copy or confirm the duplicate is intentional; mark extras as status=duplicate.,open
2026-06-07,info,unknown_document_type,,2026-01-13_attachments_d_01_01_tate_high_video_update,Document 'data/raw/board_packets/2026-01-13_Board_of_Directors/attachments/D_01_01_Tate High Video Update.mp4' is unclassified (type=none).,Classify in data/manual/document_classification_manual.csv.,open
2026-06-07,info,missing_source_url,,2026-01-13_attachments_d_01_01_tate_high_video_update,No source_url recorded for 'data/raw/board_packets/2026-01-13_Board_of_Directors/attachments/D_01_01_Tate High Video Update.mp4'.,Record the public URL in the inventory or a source_urls.md.,open
2026-06-07,info,unknown_document_type,,2026-01-13_attachments_e_01_01_newspaper_notice,Document 'data/raw/board_packets/2026-01-13_Board_of_Directors/attachments/E_01_01_Newspaper Notice.pdf' is unclassified (type=generic_pdf).,Classify in data/manual/document_classification_manual.csv.,open
2026-06-07,info,missing_source_url,,2026-01-13_attachments_e_01_01_newspaper_notice,No source_url recorded for 'data/raw/board_packets/2026-01-13_Board_of_Directors/attachments/E_01_01_Newspaper Notice.pdf'.,Record the public URL in the inventory or a source_urls.md.,open
2026-06-07,info,unknown_document_type,,2026-01-13_attachments_e_01_02_second_resolution_electric_equipment_easement,Document 'data/raw/board_packets/2026-01-13_Board_of_Directors/attachments/E_01_02_Second Resolution - Electric Equipment Easement.docx' is unclassified (type=none).,Classify in data/manual/document_classification_manual.csv.,open
2026-06-07,info,missing_source_url,,2026-01-13_attachments_e_01_02_second_resolution_electric_equipment_easement,No source_url recorded for 'data/raw/board_packets/2026-01-13_Board_of_Directors/attachments/E_01_02_Second Resolution - Electric Equipment Easement.docx'.,Record the public URL in the inventory or a source_urls.md.,open
2026-06-07,info,unknown_document_type,,2026-01-13_attachments_e_01_03_first_resolution_electric_equipment_easement,Document 'data/raw/board_packets/2026-01-13_Board_of_Directors/attachments/E_01_03_First Resolution --Electric Equipment Easement.docx' is unclassified (type=none).,Classify in data/manual/document_classification_manual.csv.,open
2026-06-07,info,missing_source_url,,2026-01-13_attachments_e_01_03_first_resolution_electric_equipment_easement,No source_url recorded for 'data/raw/board_packets/2026-01-13_Board_of_Directors/attachments/E_01_03_First Resolution --Electric Equipment Easement.docx'.,Record the public URL in the inventory or a source_urls.md.,open
2026-06-07,info,unknown_document_type,,2026-01-13_attachments_e_01_04_proof_of_publication,Document 'data/raw/board_packets/2026-01-13_Board_of_Directors/attachments/E_01_04_Proof of Publication.pdf' is unclassified (type=generic_pdf).,Classify in data/manual/document_classification_manual.csv.,open
2026-06-07,info,missing_source_url,,2026-01-13_attachments_e_01_04_proof_of_publication,No source_url recorded for 'data/raw/board_packets/2026-01-13_Board_of_Directors/attachments/E_01_04_Proof of Publication.pdf'.,Record the public URL in the inventory or a source_urls.md.,open
2026-06-07,info,missing_source_url,,2026-01-13_attachments_f_05_01_january_13_2026_board_agenda,"No source_url recorded for 'data/raw/board_packets/2026-01-13_Board_of_Directors/attachments/F_05_01_January 13, 2026 Board Agenda.pdf'.",Record the public URL in the inventory or a source_urls.md.,open
2026-06-07,info,unknown_document_type,,2026-01-13_attachments_f_06_01_1_13_2026_board_meeting_oe_25_26,Document 'data/raw/board_packets/2026-01-13_Board_of_Directors/attachments/F_06_01_1-13-2026 Board Meeting OE (25-26).pdf' is unclassified (type=generic_pdf).,Classify in data/manual/document_classification_manual.csv.,open
2026-06-07,info,missing_source_url,,2026-01-13_attachments_f_06_01_1_13_2026_board_meeting_oe_25_26,No source_url recorded for 'data/raw/board_packets/2026-01-13_Board_of_Directors/attachments/F_06_01_1-13-2026 Board Meeting OE (25-26).pdf'.,Record the public URL in the inventory or a source_urls.md.,open
2026-06-07,info,unknown_document_type,,2026-01-13_attachments_f_11_01_first_resolution_public_utility_easement,Document 'data/raw/board_packets/2026-01-13_Board_of_Directors/attachments/F_11_01_First Resolution --Public Utility Easement.pdf' is unclassified (type=generic_pdf).,Classify in data/manual/document_classification_manual.csv.,open
2026-06-07,info,missing_source_url,,2026-01-13_attachments_f_11_01_first_resolution_public_utility_easement,No source_url recorded for 'data/raw/board_packets/2026-01-13_Board_of_Directors/attachments/F_11_01_First Resolution --Public Utility Easement.pdf'.,Record the public URL in the inventory or a source_urls.md.,open
2026-06-07,info,unknown_document_type,,2026-01-13_attachments_f_12_01_west_bank_corporate_resolution,Document 'data/raw/board_packets/2026-01-13_Board_of_Directors/attachments/F_12_01_West Bank Corporate Resolution.pdf' is unclassified (type=generic_pdf).,Classify in data/manual/document_classification_manual.csv.,open
2026-06-07,info,missing_source_url,,2026-01-13_attachments_f_12_01_west_bank_corporate_resolution,No source_url recorded for 'data/raw/board_packets/2026-01-13_Board_of_Directors/attachments/F_12_01_West Bank Corporate Resolution.pdf'.,Record the public URL in the inventory or a source_urls.md.,open
2026-06-07,info,unknown_document_type,,2026-01-13_attachments_f_13_01_marzano_resources_purchase_agreement,Document 'data/raw/board_packets/2026-01-13_Board_of_Directors/attachments/F_13_01_Marzano Resources Purchase Agreement.pdf' is unclassified (type=generic_pdf).,Classify in data/manual/document_classification_manual.csv.,open
2026-06-07,info,missing_source_url,,2026-01-13_attachments_f_13_01_marzano_resources_purchase_agreement,No source_url recorded for 'data/raw/board_packets/2026-01-13_Board_of_Directors/attachments/F_13_01_Marzano Resources Purchase Agreement.pdf'.,Record the public URL in the inventory or a source_urls.md.,open
2026-06-07,info,unknown_document_type,,2026-01-13_attachments_f_14_01_uay_2025_2026_mou,Document 'data/raw/board_packets/2026-01-13_Board_of_Directors/attachments/F_14_01_UAY 2025-2026 MOU.pdf' is unclassified (type=generic_pdf).,Classify in data/manual/document_classification_manual.csv.,open
2026-06-07,info,missing_source_url,,2026-01-13_attachments_f_14_01_uay_2025_2026_mou,No source_url recorded for 'data/raw/board_packets/2026-01-13_Board_of_Directors/attachments/F_14_01_UAY 2025-2026 MOU.pdf'.,Record the public URL in the inventory or a source_urls.md.,open
2026-06-07,info,unknown_document_type,,2026-01-13_attachments_f_15_01_iccsd_26_27_openscied_letters_of_understanding_docx,Document 'data/raw/board_packets/2026-01-13_Board_of_Directors/attachments/F_15_01_ICCSD 26-27 OpenSciEd Letters of Understanding.docx.pdf' is unclassified (type=generic_pdf).,Classify in data/manual/document_classification_manual.csv.,open
2026-06-07,info,missing_source_url,,2026-01-13_attachments_f_15_01_iccsd_26_27_openscied_letters_of_understanding_docx,No source_url recorded for 'data/raw/board_packets/2026-01-13_Board_of_Directors/attachments/F_15_01_ICCSD 26-27 OpenSciEd Letters of Understanding.docx.pdf'.,Record the public URL in the inventory or a source_urls.md.,open
2026-06-07,info,unknown_document_type,,2026-01-13_attachments_f_15_02_iccsd_openscied_upated_2025_26_docx,Document 'data/raw/board_packets/2026-01-13_Board_of_Directors/attachments/F_15_02_ICCSD OpenSciEd Upated 2025-26 .docx.pdf' is unclassified (type=generic_pdf).,Classify in data/manual/document_classification_manual.csv.,open
2026-06-07,info,missing_source_url,,2026-01-13_attachments_f_15_02_iccsd_openscied_upated_2025_26_docx,No source_url recorded for 'data/raw/board_packets/2026-01-13_Board_of_Directors/attachments/F_15_02_ICCSD OpenSciEd Upated 2025-26 .docx.pdf'.,Record the public URL in the inventory or a source_urls.md.,open
2026-06-07,info,unknown_document_type,,2026-01-13_attachments_f_16_01_co_2_nc_parking,Document 'data/raw/board_packets/2026-01-13_Board_of_Directors/attachments/F_16_01_CO#2 - NC Parking.pdf' is unclassified (type=generic_pdf).,Classify in data/manual/document_classification_manual.csv.,open
2026-06-07,info,missing_source_url,,2026-01-13_attachments_f_16_01_co_2_nc_parking,No source_url recorded for 'data/raw/board_packets/2026-01-13_Board_of_Directors/attachments/F_16_01_CO#2 - NC Parking.pdf'.,Record the public URL in the inventory or a source_urls.md.,open
2026-06-07,info,unknown_document_type,,2026-01-13_attachments_f_16_02_1270_377final_acceptance_nc,Document 'data/raw/board_packets/2026-01-13_Board_of_Directors/attachments/F_16_02_1270-377Final Acceptance_NC.pdf' is unclassified (type=generic_pdf).,Classify in data/manual/document_classification_manual.csv.,open
2026-06-07,info,missing_source_url,,2026-01-13_attachments_f_16_02_1270_377final_acceptance_nc,No source_url recorded for 'data/raw/board_packets/2026-01-13_Board_of_Directors/attachments/F_16_02_1270-377Final Acceptance_NC.pdf'.,Record the public URL in the inventory or a source_urls.md.,open
2026-06-07,info,unknown_document_type,,2026-01-13_attachments_f_17_01_iowa_city_schools_gm4010_quote_12_18_25,"Document 'data/raw/board_packets/2026-01-13_Board_of_Directors/attachments/F_17_01_Iowa City Schools GM4010 Quote, 12.18.25.pdf' is unclassified (type=generic_pdf).",Classify in data/manual/document_classification_manual.csv.,open
2026-06-07,info,missing_source_url,,2026-01-13_attachments_f_17_01_iowa_city_schools_gm4010_quote_12_18_25,"No source_url recorded for 'data/raw/board_packets/2026-01-13_Board_of_Directors/attachments/F_17_01_Iowa City Schools GM4010 Quote, 12.18.25.pdf'.",Record the public URL in the inventory or a source_urls.md.,open
2026-06-07,info,missing_source_url,,2026-01-13_attachments_f_18_01_capital_projects_status_report,No source_url recorded for 'data/raw/board_packets/2026-01-13_Board_of_Directors/attachments/F_18_01_Capital Projects Status Report.pdf'.,Record the public URL in the inventory or a source_urls.md.,open
2026-06-07,info,unknown_document_type,,2026-01-13_attachments_f_18_02_west_hs_trojan_track_field_replacement,Document 'data/raw/board_packets/2026-01-13_Board_of_Directors/attachments/F_18_02_West HS Trojan Track & Field Replacement.pdf' is unclassified (type=generic_pdf).,Classify in data/manual/document_classification_manual.csv.,open
2026-06-07,info,missing_source_url,,2026-01-13_attachments_f_18_02_west_hs_trojan_track_field_replacement,No source_url recorded for 'data/raw/board_packets/2026-01-13_Board_of_Directors/attachments/F_18_02_West HS Trojan Track & Field Replacement.pdf'.,Record the public URL in the inventory or a source_urls.md.,open
2026-06-07,info,unknown_document_type,,2026-01-13_attachments_f_18_03_combined_appendix_9_approval_requests_and_project_updates,Document 'data/raw/board_packets/2026-01-13_Board_of_Directors/attachments/F_18_03_Combined Appendix 9 Approval Requests and Project Updates.pdf' is unclassified (type=generic_pdf).,Classify in data/manual/document_classification_manual.csv.,open
2026-06-07,info,missing_source_url,,2026-01-13_attachments_f_18_03_combined_appendix_9_approval_requests_and_project_updates,No source_url recorded for 'data/raw/board_packets/2026-01-13_Board_of_Directors/attachments/F_18_03_Combined Appendix 9 Approval Requests and Project Updates.pdf'.,Record the public URL in the inventory or a source_urls.md.,open
2026-06-07,info,unknown_document_type,,2026-01-13_attachments_f_18_04_roof_management_2026_wickham_es_and_southeast_ms_roof_improvements,Document 'data/raw/board_packets/2026-01-13_Board_of_Directors/attachments/F_18_04_Roof Management 2026 Wickham ES and Southeast MS Roof Improvements.pdf' is unclassified (type=generic_pdf).,Classify in data/manual/document_classification_manual.csv.,open
2026-06-07,info,missing_source_url,,2026-01-13_attachments_f_18_04_roof_management_2026_wickham_es_and_southeast_ms_roof_improvements,No source_url recorded for 'data/raw/board_packets/2026-01-13_Board_of_Directors/attachments/F_18_04_Roof Management 2026 Wickham ES and Southeast MS Roof Improvements.pdf'.,Record the public URL in the inventory or a source_urls.md.,open
2026-06-07,info,unknown_document_type,,2026-01-13_attachments_f_18_05_roof_management_2026_west_hs_roof_improvements,Document 'data/raw/board_packets/2026-01-13_Board_of_Directors/attachments/F_18_05_Roof Management 2026 West HS Roof Improvements.pdf' is unclassified (type=generic_pdf).,Classify in data/manual/document_classification_manual.csv.,open
2026-06-07,info,missing_source_url,,2026-01-13_attachments_f_18_05_roof_management_2026_west_hs_roof_improvements,No source_url recorded for 'data/raw/board_packets/2026-01-13_Board_of_Directors/attachments/F_18_05_Roof Management 2026 West HS Roof Improvements.pdf'.,Record the public URL in the inventory or a source_urls.md.,open
2026-06-07,info,unknown_document_type,,2026-01-13_attachments_f_18_06_roof_management_2026_lucas_es_roof_improvements,Document 'data/raw/board_packets/2026-01-13_Board_of_Directors/attachments/F_18_06_Roof Management 2026 Lucas ES Roof Improvements.pdf' is unclassified (type=generic_pdf).,Classify in data/manual/document_classification_manual.csv.,open
2026-06-07,info,missing_source_url,,2026-01-13_attachments_f_18_06_roof_management_2026_lucas_es_roof_improvements,No source_url recorded for 'data/raw/board_packets/2026-01-13_Board_of_Directors/attachments/F_18_06_Roof Management 2026 Lucas ES Roof Improvements.pdf'.,Record the public URL in the inventory or a source_urls.md.,open
2026-06-07,info,unknown_document_type,,2026-01-13_attachments_f_18_07_city_hs_little_theater_upgrades,Document 'data/raw/board_packets/2026-01-13_Board_of_Directors/attachments/F_18_07_City HS Little Theater Upgrades.pdf' is unclassified (type=generic_pdf).,Classify in data/manual/document_classification_manual.csv.,open
2026-06-07,info,missing_source_url,,2026-01-13_attachments_f_18_07_city_hs_little_theater_upgrades,No source_url recorded for 'data/raw/board_packets/2026-01-13_Board_of_Directors/attachments/F_18_07_City HS Little Theater Upgrades.pdf'.,Record the public URL in the inventory or a source_urls.md.,open
2026-06-07,info,unknown_document_type,,2026-01-13_attachments_f_18_08_cfi_2026_restroom_expansion,Document 'data/raw/board_packets/2026-01-13_Board_of_Directors/attachments/F_18_08_CFI 2026 Restroom Expansion.pdf' is unclassified (type=generic_pdf).,Classify in data/manual/document_classification_manual.csv.,open
2026-06-07,info,missing_source_url,,2026-01-13_attachments_f_18_08_cfi_2026_restroom_expansion,No source_url recorded for 'data/raw/board_packets/2026-01-13_Board_of_Directors/attachments/F_18_08_CFI 2026 Restroom Expansion.pdf'.,Record the public URL in the inventory or a source_urls.md.,open
2026-06-07,info,unknown_document_type,,2026-01-13_attachments_f_18_09_cfi_2025_building_renovations_dream_accelerator,Document 'data/raw/board_packets/2026-01-13_Board_of_Directors/attachments/F_18_09_CFI 2025 Building Renovations - Dream Accelerator.pdf' is unclassified (type=generic_pdf).,Classify in data/manual/document_classification_manual.csv.,open
2026-06-07,info,missing_source_url,,2026-01-13_attachments_f_18_09_cfi_2025_building_renovations_dream_accelerator,No source_url recorded for 'data/raw/board_packets/2026-01-13_Board_of_Directors/attachments/F_18_09_CFI 2025 Building Renovations - Dream Accelerator.pdf'.,Record the public URL in the inventory or a source_urls.md.,open
2026-06-07,info,unknown_document_type,,2026-01-13_attachments_f_18_10_summary_of_appendix_9_approval_requests_and_project_updates,Document 'data/raw/board_packets/2026-01-13_Board_of_Directors/attachments/F_18_10_Summary of Appendix 9 Approval Requests and Project Updates.pdf' is unclassified (type=generic_pdf).,Classify in data/manual/document_classification_manual.csv.,open
2026-06-07,info,missing_source_url,,2026-01-13_attachments_f_18_10_summary_of_appendix_9_approval_requests_and_project_updates,No source_url recorded for 'data/raw/board_packets/2026-01-13_Board_of_Directors/attachments/F_18_10_Summary of Appendix 9 Approval Requests and Project Updates.pdf'.,Record the public URL in the inventory or a source_urls.md.,open
2026-06-07,info,unknown_document_type,,2026-01-13_attachments_g_01_01_first_resolution_temporary_construction_easement_and_quit_claim_de,Document 'data/raw/board_packets/2026-01-13_Board_of_Directors/attachments/G_01_01_First Resolution -- Temporary Construction Easement and Quit Claim De.pdf' is unclassified (type=generic_pdf).,Classify in data/manual/document_classification_manual.csv.,open
2026-06-07,info,missing_source_url,,2026-01-13_attachments_g_01_01_first_resolution_temporary_construction_easement_and_quit_claim_de,No source_url recorded for 'data/raw/board_packets/2026-01-13_Board_of_Directors/attachments/G_01_01_First Resolution -- Temporary Construction Easement and Quit Claim De.pdf'.,Record the public URL in the inventory or a source_urls.md.,open
2026-06-07,info,missing_source_url,,2026-01-13_attachments_g_02_01_accounts_payable_summaries_20260106,No source_url recorded for 'data/raw/board_packets/2026-01-13_Board_of_Directors/attachments/G_02_01_Accounts_Payable_Summaries - 20260106.pdf'.,Record the public URL in the inventory or a source_urls.md.,open
2026-06-07,info,unknown_document_type,,2026-01-13_attachments_g_02_02_12_9_2025boardreport10003,Document 'data/raw/board_packets/2026-01-13_Board_of_Directors/attachments/G_02_02_12-9-2025BoardReport10003.pdf' is unclassified (type=generic_pdf).,Classify in data/manual/document_classification_manual.csv.,open
2026-06-07,info,missing_source_url,,2026-01-13_attachments_g_02_02_12_9_2025boardreport10003,No source_url recorded for 'data/raw/board_packets/2026-01-13_Board_of_Directors/attachments/G_02_02_12-9-2025BoardReport10003.pdf'.,Record the public URL in the inventory or a source_urls.md.,open
2026-06-07,info,unknown_document_type,,2026-01-13_attachments_g_02_03_12_16_2025boardreport10003,Document 'data/raw/board_packets/2026-01-13_Board_of_Directors/attachments/G_02_03_12-16-2025BoardReport10003.pdf' is unclassified (type=generic_pdf).,Classify in data/manual/document_classification_manual.csv.,open
2026-06-07,info,missing_source_url,,2026-01-13_attachments_g_02_03_12_16_2025boardreport10003,No source_url recorded for 'data/raw/board_packets/2026-01-13_Board_of_Directors/attachments/G_02_03_12-16-2025BoardReport10003.pdf'.,Record the public URL in the inventory or a source_urls.md.,open
2026-06-07,info,unknown_document_type,,2026-01-13_attachments_g_02_04_1_6_2026_boardreport10003,Document 'data/raw/board_packets/2026-01-13_Board_of_Directors/attachments/G_02_04_1-6-2026 BoardReport10003.pdf' is unclassified (type=generic_pdf).,Classify in data/manual/document_classification_manual.csv.,open
2026-06-07,info,missing_source_url,,2026-01-13_attachments_g_02_04_1_6_2026_boardreport10003,No source_url recorded for 'data/raw/board_packets/2026-01-13_Board_of_Directors/attachments/G_02_04_1-6-2026 BoardReport10003.pdf'.,Record the public URL in the inventory or a source_urls.md.,open
2026-06-07,info,unknown_document_type,,2026-01-13_attachments_j_01_01_board_presentation_iowa_city_community_sd_1_13_26_1,Document 'data/raw/board_packets/2026-01-13_Board_of_Directors/attachments/J_01_01_Board Presentation - Iowa City Community SD - 1.13.26 (1).pdf' is unclassified (type=generic_pdf).,Classify in data/manual/document_classification_manual.csv.,open
2026-06-07,info,missing_source_url,,2026-01-13_attachments_j_01_01_board_presentation_iowa_city_community_sd_1_13_26_1,No source_url recorded for 'data/raw/board_packets/2026-01-13_Board_of_Directors/attachments/J_01_01_Board Presentation - Iowa City Community SD - 1.13.26 (1).pdf'.,Record the public URL in the inventory or a source_urls.md.,open
2026-06-07,info,unknown_document_type,,2026-01-13_attachments_j_02_01_dcap_board_presentation_1_13_26,Document 'data/raw/board_packets/2026-01-13_Board_of_Directors/attachments/J_02_01_DCAP Board Presentation (1-13-26).pdf' is unclassified (type=generic_pdf).,Classify in data/manual/document_classification_manual.csv.,open
2026-06-07,info,missing_source_url,,2026-01-13_attachments_j_02_01_dcap_board_presentation_1_13_26,No source_url recorded for 'data/raw/board_packets/2026-01-13_Board_of_Directors/attachments/J_02_01_DCAP Board Presentation (1-13-26).pdf'.,Record the public URL in the inventory or a source_urls.md.,open
2026-06-07,info,unknown_document_type,,2026-01-13_attachments_j_03_01_personal_device_policy_board_update_1_13_26,Document 'data/raw/board_packets/2026-01-13_Board_of_Directors/attachments/J_03_01_Personal Device Policy Board Update (1-13-26).pdf' is unclassified (type=generic_pdf).,Classify in data/manual/document_classification_manual.csv.,open
2026-06-07,info,missing_source_url,,2026-01-13_attachments_j_03_01_personal_device_policy_board_update_1_13_26,No source_url recorded for 'data/raw/board_packets/2026-01-13_Board_of_Directors/attachments/J_03_01_Personal Device Policy Board Update (1-13-26).pdf'.,Record the public URL in the inventory or a source_urls.md.,open
2026-06-07,info,unknown_document_type,,2026-01-13_attachments_l_02_01_modified_supplemental_amount_application_dropout_prevention,Document 'data/raw/board_packets/2026-01-13_Board_of_Directors/attachments/L_02_01_Modified Supplemental Amount Application - Dropout Prevention.pdf' is unclassified (type=generic_pdf).,Classify in data/manual/document_classification_manual.csv.,open
2026-06-07,info,missing_source_url,,2026-01-13_attachments_l_02_01_modified_supplemental_amount_application_dropout_prevention,No source_url recorded for 'data/raw/board_packets/2026-01-13_Board_of_Directors/attachments/L_02_01_Modified Supplemental Amount Application - Dropout Prevention.pdf'.,Record the public URL in the inventory or a source_urls.md.,open
2026-06-07,info,unknown_document_type,,2026-01-13_attachments_l_03_01_second_resolution_electric_equipment_easement_9,Document 'data/raw/board_packets/2026-01-13_Board_of_Directors/attachments/L_03_01_Second Resolution - Electric Equipment Easement (9).pdf' is unclassified (type=generic_pdf).,Classify in data/manual/document_classification_manual.csv.,open
2026-06-07,info,missing_source_url,,2026-01-13_attachments_l_03_01_second_resolution_electric_equipment_easement_9,No source_url recorded for 'data/raw/board_packets/2026-01-13_Board_of_Directors/attachments/L_03_01_Second Resolution - Electric Equipment Easement (9).pdf'.,Record the public URL in the inventory or a source_urls.md.,open
2026-06-07,info,unknown_document_type,,2026-01-13_attachments_l_03_02_electric_equipment_easement_iowa_city_schools_redline_11_3_25_app,Document 'data/raw/board_packets/2026-01-13_Board_of_Directors/attachments/L_03_02_ELECTRIC EQUIPMENT EASEMENT - IOWA CITY SCHOOLS redline 11.3.25 - App.pdf' is unclassified (type=generic_pdf).,Classify in data/manual/document_classification_manual.csv.,open
2026-06-07,info,missing_source_url,,2026-01-13_attachments_l_03_02_electric_equipment_easement_iowa_city_schools_redline_11_3_25_app,No source_url recorded for 'data/raw/board_packets/2026-01-13_Board_of_Directors/attachments/L_03_02_ELECTRIC EQUIPMENT EASEMENT - IOWA CITY SCHOOLS redline 11.3.25 - App.pdf'.,Record the public URL in the inventory or a source_urls.md.,open
2026-06-07,info,missing_source_url,,2026-01-13_attachments_m_03_01_1_20_26_education_committee_meeting_agenda_draft,No source_url recorded for 'data/raw/board_packets/2026-01-13_Board_of_Directors/attachments/M_03_01_1.20.26 Education Committee Meeting Agenda - DRAFT.pdf'.,Record the public URL in the inventory or a source_urls.md.,open
2026-06-07,info,missing_source_url,,2026-01-13_attachments_m_03_02_1_27_26_policy_governance_committee_agenda_draft,No source_url recorded for 'data/raw/board_packets/2026-01-13_Board_of_Directors/attachments/M_03_02_1.27.26 Policy & Governance Committee Agenda - DRAFT.pdf'.,Record the public URL in the inventory or a source_urls.md.,open
2026-06-07,info,missing_source_url,,2026-01-13_attachments_m_03_03_1_27_26_board_meeting_agenda_draft,No source_url recorded for 'data/raw/board_packets/2026-01-13_Board_of_Directors/attachments/M_03_03_1.27.26 Board Meeting Agenda - DRAFT.pdf'.,Record the public URL in the inventory or a source_urls.md.,open
2026-06-07,info,missing_source_url,,2026-01-13_2026_01_13_board_of_directors_transcript,No source_url recorded for 'data/raw/board_packets/2026-01-13_Board_of_Directors/transcript.json'.,Record the public URL in the inventory or a source_urls.md.,open
2026-06-07,info,missing_source_url,,2026-01-13_attachments_c_01_01_4_9_24_financial_oversight_committee_meeting_minutes,No source_url recorded for 'data/raw/board_packets/2026-01-13_Financial_Oversight_Committee/attachments/C_01_01_4.9.24 - Financial Oversight Committee Meeting Minutes.pdf'.,Record the public URL in the inventory or a source_urls.md.,open
2026-06-07,info,unknown_document_type,,2026-01-13_attachments_d_01_01_building_level_general_fund_expenditure_review,Document 'data/raw/board_packets/2026-01-13_Financial_Oversight_Committee/attachments/D_01_01_Building Level General Fund Expenditure Review.pdf' is unclassified (type=generic_pdf).,Classify in data/manual/document_classification_manual.csv.,open
2026-06-07,info,missing_source_url,,2026-01-13_attachments_d_01_01_building_level_general_fund_expenditure_review,No source_url recorded for 'data/raw/board_packets/2026-01-13_Financial_Oversight_Committee/attachments/D_01_01_Building Level General Fund Expenditure Review.pdf'.,Record the public URL in the inventory or a source_urls.md.,open
2026-06-07,info,missing_source_url,,2026-01-13_2026_01_13_financial_oversight_committee_transcript,No source_url recorded for 'data/raw/board_packets/2026-01-13_Financial_Oversight_Committee/transcript.json'.,Record the public URL in the inventory or a source_urls.md.,open
2026-06-07,info,unknown_document_type,,2026-01-27_attachments_e_05_01_temporary_construction_easement_proof_of_publication,Document 'data/raw/board_packets/2026-01-27_Board_of_Directors/attachments/E_05_01_Temporary Construction Easement Proof of Publication.pdf' is unclassified (type=generic_pdf).,Classify in data/manual/document_classification_manual.csv.,open
2026-06-07,info,missing_source_url,,2026-01-27_attachments_e_05_01_temporary_construction_easement_proof_of_publication,No source_url recorded for 'data/raw/board_packets/2026-01-27_Board_of_Directors/attachments/E_05_01_Temporary Construction Easement Proof of Publication.pdf'.,Record the public URL in the inventory or a source_urls.md.,open
2026-06-07,info,unknown_document_type,,2026-01-27_attachments_e_05_02_forevergreen_rd_temporary_construction_easement_resolution_1,Document 'data/raw/board_packets/2026-01-27_Board_of_Directors/attachments/E_05_02_Forevergreen Rd. Temporary Construction Easement Resolution 1.pdf' is unclassified (type=generic_pdf).,Classify in data/manual/document_classification_manual.csv.,open
2026-06-07,info,missing_source_url,,2026-01-27_attachments_e_05_02_forevergreen_rd_temporary_construction_easement_resolution_1,No source_url recorded for 'data/raw/board_packets/2026-01-27_Board_of_Directors/attachments/E_05_02_Forevergreen Rd. Temporary Construction Easement Resolution 1.pdf'.,Record the public URL in the inventory or a source_urls.md.,open
2026-06-07,info,unknown_document_type,,2026-01-27_attachments_e_06_01_utility_easement_proof_of_publication,Document 'data/raw/board_packets/2026-01-27_Board_of_Directors/attachments/E_06_01_Utility Easement - Proof of Publication.pdf' is unclassified (type=generic_pdf).,Classify in data/manual/document_classification_manual.csv.,open
2026-06-07,info,missing_source_url,,2026-01-27_attachments_e_06_01_utility_easement_proof_of_publication,No source_url recorded for 'data/raw/board_packets/2026-01-27_Board_of_Directors/attachments/E_06_01_Utility Easement - Proof of Publication.pdf'.,Record the public URL in the inventory or a source_urls.md.,open
2026-06-07,info,unknown_document_type,,2026-01-27_attachments_e_06_02_forevergreen_rd_public_utilities_easement_resolution_1,Document 'data/raw/board_packets/2026-01-27_Board_of_Directors/attachments/E_06_02_Forevergreen Rd. Public Utilities Easement Resolution 1.pdf' is unclassified (type=generic_pdf).,Classify in data/manual/document_classification_manual.csv.,open
2026-06-07,info,missing_source_url,,2026-01-27_attachments_e_06_02_forevergreen_rd_public_utilities_easement_resolution_1,No source_url recorded for 'data/raw/board_packets/2026-01-27_Board_of_Directors/attachments/E_06_02_Forevergreen Rd. Public Utilities Easement Resolution 1.pdf'.,Record the public URL in the inventory or a source_urls.md.,open
2026-06-07,info,missing_source_url,,2026-01-27_attachments_f_02_01_accounts_payable_summaries_20260120,No source_url recorded for 'data/raw/board_packets/2026-01-27_Board_of_Directors/attachments/F_02_01_Accounts_Payable_Summaries - 20260120.pdf'.,Record the public URL in the inventory or a source_urls.md.,open
2026-06-07,info,unknown_document_type,,2026-01-27_attachments_f_02_02_1_13_26boardreport10003,Document 'data/raw/board_packets/2026-01-27_Board_of_Directors/attachments/F_02_02_1-13-26BoardReport10003.pdf' is unclassified (type=generic_pdf).,Classify in data/manual/document_classification_manual.csv.,open
2026-06-07,info,missing_source_url,,2026-01-27_attachments_f_02_02_1_13_26boardreport10003,No source_url recorded for 'data/raw/board_packets/2026-01-27_Board_of_Directors/attachments/F_02_02_1-13-26BoardReport10003.pdf'.,Record the public URL in the inventory or a source_urls.md.,open
2026-06-07,info,unknown_document_type,,2026-01-27_attachments_f_02_03_2026_1_20boardreport10003,Document 'data/raw/board_packets/2026-01-27_Board_of_Directors/attachments/F_02_03_2026-1-20BoardReport10003.pdf' is unclassified (type=generic_pdf).,Classify in data/manual/document_classification_manual.csv.,open
2026-06-07,info,missing_source_url,,2026-01-27_attachments_f_02_03_2026_1_20boardreport10003,No source_url recorded for 'data/raw/board_packets/2026-01-27_Board_of_Directors/attachments/F_02_03_2026-1-20BoardReport10003.pdf'.,Record the public URL in the inventory or a source_urls.md.,open
2026-06-07,info,missing_source_url,,2026-01-27_attachments_f_03_01_january_27_2026_board_agenda_google_sheets,"No source_url recorded for 'data/raw/board_packets/2026-01-27_Board_of_Directors/attachments/F_03_01_January 27, 2026 Board Agenda - Google Sheets.pdf'.",Record the public URL in the inventory or a source_urls.md.,open
2026-06-07,info,unknown_document_type,,2026-01-27_attachments_f_04_01_1_27_2026_board_meeting_oe_25_26,Document 'data/raw/board_packets/2026-01-27_Board_of_Directors/attachments/F_04_01_1-27-2026 Board Meeting OE (25-26).pdf' is unclassified (type=generic_pdf).,Classify in data/manual/document_classification_manual.csv.,open
2026-06-07,info,missing_source_url,,2026-01-27_attachments_f_04_01_1_27_2026_board_meeting_oe_25_26,No source_url recorded for 'data/raw/board_packets/2026-01-27_Board_of_Directors/attachments/F_04_01_1-27-2026 Board Meeting OE (25-26).pdf'.,Record the public URL in the inventory or a source_urls.md.,open
2026-06-07,info,unknown_document_type,,2026-01-27_attachments_f_05_01_iowasdpa_25_accredible_12152025_final,Document 'data/raw/board_packets/2026-01-27_Board_of_Directors/attachments/F_05_01_IowaSDPA[25]Accredible 12152025 FINAL.pdf' is unclassified (type=generic_pdf).,Classify in data/manual/document_classification_manual.csv.,open
2026-06-07,info,missing_source_url,,2026-01-27_attachments_f_05_01_iowasdpa_25_accredible_12152025_final,No source_url recorded for 'data/raw/board_packets/2026-01-27_Board_of_Directors/attachments/F_05_01_IowaSDPA[25]Accredible 12152025 FINAL.pdf'.,Record the public URL in the inventory or a source_urls.md.,open
2026-06-07,info,unknown_document_type,,2026-01-27_attachments_f_06_01_dlr_group_iowa_city_csd_kitchen_renovations_proposal_letter,Document 'data/raw/board_packets/2026-01-27_Board_of_Directors/attachments/F_06_01_DLR Group-Iowa City CSD-Kitchen Renovations-Proposal Letter.pdf' is unclassified (type=generic_pdf).,Classify in data/manual/document_classification_manual.csv.,open
2026-06-07,info,missing_source_url,,2026-01-27_attachments_f_06_01_dlr_group_iowa_city_csd_kitchen_renovations_proposal_letter,No source_url recorded for 'data/raw/board_packets/2026-01-27_Board_of_Directors/attachments/F_06_01_DLR Group-Iowa City CSD-Kitchen Renovations-Proposal Letter.pdf'.,Record the public URL in the inventory or a source_urls.md.,open
2026-06-07,info,unknown_document_type,,2026-01-27_attachments_f_07_01_combined_appendix_9_approval_requests_and_project_updates,Document 'data/raw/board_packets/2026-01-27_Board_of_Directors/attachments/F_07_01_Combined Appendix 9 Approval Requests and Project Updates.pdf' is unclassified (type=generic_pdf).,Classify in data/manual/document_classification_manual.csv.,open
2026-06-07,info,missing_source_url,,2026-01-27_attachments_f_07_01_combined_appendix_9_approval_requests_and_project_updates,No source_url recorded for 'data/raw/board_packets/2026-01-27_Board_of_Directors/attachments/F_07_01_Combined Appendix 9 Approval Requests and Project Updates.pdf'.,Record the public URL in the inventory or a source_urls.md.,open
2026-06-07,info,missing_source_url,,2026-01-27_attachments_f_07_02_capital_projects_status_report,No source_url recorded for 'data/raw/board_packets/2026-01-27_Board_of_Directors/attachments/F_07_02_Capital Projects Status Report.pdf'.,Record the public URL in the inventory or a source_urls.md.,open
2026-06-07,info,missing_source_url,,2026-01-27_attachments_f_07_03_west_hs_auditorium_improvements,No source_url recorded for 'data/raw/board_packets/2026-01-27_Board_of_Directors/attachments/F_07_03_West HS Auditorium Improvements.pdf'.,Record the public URL in the inventory or a source_urls.md.,open
2026-06-07,info,unknown_document_type,,2026-01-27_attachments_f_07_04_hvac_upgrades_2023_weber_es_hvac_upgrades,Document 'data/raw/board_packets/2026-01-27_Board_of_Directors/attachments/F_07_04_HVAC Upgrades 2023 Weber ES HVAC Upgrades.pdf' is unclassified (type=generic_pdf).,Classify in data/manual/document_classification_manual.csv.,open
2026-06-07,info,missing_source_url,,2026-01-27_attachments_f_07_04_hvac_upgrades_2023_weber_es_hvac_upgrades,No source_url recorded for 'data/raw/board_packets/2026-01-27_Board_of_Directors/attachments/F_07_04_HVAC Upgrades 2023 Weber ES HVAC Upgrades.pdf'.,Record the public URL in the inventory or a source_urls.md.,open
2026-06-07,info,unknown_document_type,,2026-01-27_attachments_f_07_05_roof_management_2025_wood_es_roof_replacement,Document 'data/raw/board_packets/2026-01-27_Board_of_Directors/attachments/F_07_05_Roof Management 2025 Wood ES Roof Replacement.pdf' is unclassified (type=generic_pdf).,Classify in data/manual/document_classification_manual.csv.,open
2026-06-07,info,missing_source_url,,2026-01-27_attachments_f_07_05_roof_management_2025_wood_es_roof_replacement,No source_url recorded for 'data/raw/board_packets/2026-01-27_Board_of_Directors/attachments/F_07_05_Roof Management 2025 Wood ES Roof Replacement.pdf'.,Record the public URL in the inventory or a source_urls.md.,open
2026-06-07,info,unknown_document_type,,2026-01-27_attachments_f_07_06_roof_management_2025_west_hs_roof_replacement,Document 'data/raw/board_packets/2026-01-27_Board_of_Directors/attachments/F_07_06_Roof Management 2025 West HS Roof Replacement.pdf' is unclassified (type=generic_pdf).,Classify in data/manual/document_classification_manual.csv.,open
2026-06-07,info,missing_source_url,,2026-01-27_attachments_f_07_06_roof_management_2025_west_hs_roof_replacement,No source_url recorded for 'data/raw/board_packets/2026-01-27_Board_of_Directors/attachments/F_07_06_Roof Management 2025 West HS Roof Replacement.pdf'.,Record the public URL in the inventory or a source_urls.md.,open
2026-06-07,info,unknown_document_type,,2026-01-27_attachments_f_07_07_city_hs_addition_phase_3,Document 'data/raw/board_packets/2026-01-27_Board_of_Directors/attachments/F_07_07_City HS Addition Phase 3.pdf' is unclassified (type=generic_pdf).,Classify in data/manual/document_classification_manual.csv.,open
2026-06-07,info,missing_source_url,,2026-01-27_attachments_f_07_07_city_hs_addition_phase_3,No source_url recorded for 'data/raw/board_packets/2026-01-27_Board_of_Directors/attachments/F_07_07_City HS Addition Phase 3.pdf'.,Record the public URL in the inventory or a source_urls.md.,open
2026-06-07,info,unknown_document_type,,2026-01-27_attachments_f_07_08_summary_of_appendix_9_approval_requests_and_project_updates,Document 'data/raw/board_packets/2026-01-27_Board_of_Directors/attachments/F_07_08_Summary of Appendix 9 Approval Requests and Project Updates.pdf' is unclassified (type=generic_pdf).,Classify in data/manual/document_classification_manual.csv.,open
2026-06-07,info,missing_source_url,,2026-01-27_attachments_f_07_08_summary_of_appendix_9_approval_requests_and_project_updates,No source_url recorded for 'data/raw/board_packets/2026-01-27_Board_of_Directors/attachments/F_07_08_Summary of Appendix 9 Approval Requests and Project Updates.pdf'.,Record the public URL in the inventory or a source_urls.md.,open
2026-06-07,info,unknown_document_type,,2026-01-27_attachments_i_01_01_500_policies_students,Document 'data/raw/board_packets/2026-01-27_Board_of_Directors/attachments/I_01_01_500 Policies - Students.pdf' is unclassified (type=generic_pdf).,Classify in data/manual/document_classification_manual.csv.,open
2026-06-07,info,missing_source_url,,2026-01-27_attachments_i_01_01_500_policies_students,No source_url recorded for 'data/raw/board_packets/2026-01-27_Board_of_Directors/attachments/I_01_01_500 Policies - Students.pdf'.,Record the public URL in the inventory or a source_urls.md.,open
2026-06-07,info,unknown_document_type,,2026-01-27_attachments_i_02_01_202_2_oath_of_office,Document 'data/raw/board_packets/2026-01-27_Board_of_Directors/attachments/I_02_01_202.2 - Oath of Office.pdf' is unclassified (type=generic_pdf).,Classify in data/manual/document_classification_manual.csv.,open
2026-06-07,info,missing_source_url,,2026-01-27_attachments_i_02_01_202_2_oath_of_office,No source_url recorded for 'data/raw/board_packets/2026-01-27_Board_of_Directors/attachments/I_02_01_202.2 - Oath of Office.pdf'.,Record the public URL in the inventory or a source_urls.md.,open
2026-06-07,info,unknown_document_type,,2026-01-27_attachments_k_01_01_unified_sports_presentation,Document 'data/raw/board_packets/2026-01-27_Board_of_Directors/attachments/K_01_01_Unified Sports Presentation.pdf' is unclassified (type=generic_pdf).,Classify in data/manual/document_classification_manual.csv.,open
2026-06-07,info,missing_source_url,,2026-01-27_attachments_k_01_01_unified_sports_presentation,No source_url recorded for 'data/raw/board_packets/2026-01-27_Board_of_Directors/attachments/K_01_01_Unified Sports Presentation.pdf'.,Record the public URL in the inventory or a source_urls.md.,open
2026-06-07,info,missing_source_url,,2026-01-27_attachments_l_01_01_resolution_approving_interfund_loan_iccsd,No source_url recorded for 'data/raw/board_packets/2026-01-27_Board_of_Directors/attachments/L_01_01_Resolution Approving Interfund Loan ICCSD.pdf'.,Record the public URL in the inventory or a source_urls.md.,open
2026-06-07,info,unknown_document_type,,2026-01-27_attachments_l_02_01_temporary_construction_easement,Document 'data/raw/board_packets/2026-01-27_Board_of_Directors/attachments/L_02_01_Temporary Construction Easement.pdf' is unclassified (type=generic_pdf).,Classify in data/manual/document_classification_manual.csv.,open
2026-06-07,info,missing_source_url,,2026-01-27_attachments_l_02_01_temporary_construction_easement,No source_url recorded for 'data/raw/board_packets/2026-01-27_Board_of_Directors/attachments/L_02_01_Temporary Construction Easement.pdf'.,Record the public URL in the inventory or a source_urls.md.,open
2026-06-07,info,unknown_document_type,,2026-01-27_attachments_l_02_02_forevergreen_temporary_construction_easement_affidavit,Document 'data/raw/board_packets/2026-01-27_Board_of_Directors/attachments/L_02_02_Forevergreen Temporary Construction Easement Affidavit.pdf' is unclassified (type=generic_pdf).,Classify in data/manual/document_classification_manual.csv.,open
2026-06-07,info,missing_source_url,,2026-01-27_attachments_l_02_02_forevergreen_temporary_construction_easement_affidavit,No source_url recorded for 'data/raw/board_packets/2026-01-27_Board_of_Directors/attachments/L_02_02_Forevergreen Temporary Construction Easement Affidavit.pdf'.,Record the public URL in the inventory or a source_urls.md.,open
2026-06-07,info,unknown_document_type,,2026-01-27_attachments_l_02_03_forevergreen_temporary_construction_easement_resolution_2,Document 'data/raw/board_packets/2026-01-27_Board_of_Directors/attachments/L_02_03_Forevergreen Temporary Construction Easement Resolution 2.pdf' is unclassified (type=generic_pdf).,Classify in data/manual/document_classification_manual.csv.,open
2026-06-07,info,missing_source_url,,2026-01-27_attachments_l_02_03_forevergreen_temporary_construction_easement_resolution_2,No source_url recorded for 'data/raw/board_packets/2026-01-27_Board_of_Directors/attachments/L_02_03_Forevergreen Temporary Construction Easement Resolution 2.pdf'.,Record the public URL in the inventory or a source_urls.md.,open
2026-06-07,info,unknown_document_type,,2026-01-27_attachments_l_02_04_proof_of_publication,Document 'data/raw/board_packets/2026-01-27_Board_of_Directors/attachments/L_02_04_Proof of Publication.pdf' is unclassified (type=generic_pdf).,Classify in data/manual/document_classification_manual.csv.,open
2026-06-07,info,missing_source_url,,2026-01-27_attachments_l_02_04_proof_of_publication,No source_url recorded for 'data/raw/board_packets/2026-01-27_Board_of_Directors/attachments/L_02_04_Proof of Publication.pdf'.,Record the public URL in the inventory or a source_urls.md.,open
2026-06-07,info,unknown_document_type,,2026-01-27_attachments_l_03_01_utility_easement_iccsd,Document 'data/raw/board_packets/2026-01-27_Board_of_Directors/attachments/L_03_01_Utility Easement - ICCSD.pdf' is unclassified (type=generic_pdf).,Classify in data/manual/document_classification_manual.csv.,open
2026-06-07,info,missing_source_url,,2026-01-27_attachments_l_03_01_utility_easement_iccsd,No source_url recorded for 'data/raw/board_packets/2026-01-27_Board_of_Directors/attachments/L_03_01_Utility Easement - ICCSD.pdf'.,Record the public URL in the inventory or a source_urls.md.,open
2026-06-07,info,unknown_document_type,,2026-01-27_attachments_l_03_02_forevergreen_utilities_agreement_resolution_2,Document 'data/raw/board_packets/2026-01-27_Board_of_Directors/attachments/L_03_02_Forevergreen Utilities Agreement Resolution 2.pdf' is unclassified (type=generic_pdf).,Classify in data/manual/document_classification_manual.csv.,open
2026-06-07,info,missing_source_url,,2026-01-27_attachments_l_03_02_forevergreen_utilities_agreement_resolution_2,No source_url recorded for 'data/raw/board_packets/2026-01-27_Board_of_Directors/attachments/L_03_02_Forevergreen Utilities Agreement Resolution 2.pdf'.,Record the public URL in the inventory or a source_urls.md.,open
2026-06-07,info,unknown_document_type,,2026-01-27_attachments_l_03_03_forevergreen_utilities_agreement_affidavit,Document 'data/raw/board_packets/2026-01-27_Board_of_Directors/attachments/L_03_03_Forevergreen Utilities Agreement Affidavit.pdf' is unclassified (type=generic_pdf).,Classify in data/manual/document_classification_manual.csv.,open
2026-06-07,info,missing_source_url,,2026-01-27_attachments_l_03_03_forevergreen_utilities_agreement_affidavit,No source_url recorded for 'data/raw/board_packets/2026-01-27_Board_of_Directors/attachments/L_03_03_Forevergreen Utilities Agreement Affidavit.pdf'.,Record the public URL in the inventory or a source_urls.md.,open
2026-06-07,info,unknown_document_type,,2026-01-27_attachments_l_03_04_proof_of_publication,Document 'data/raw/board_packets/2026-01-27_Board_of_Directors/attachments/L_03_04_Proof of Publication.pdf' is unclassified (type=generic_pdf).,Classify in data/manual/document_classification_manual.csv.,open
2026-06-07,info,missing_source_url,,2026-01-27_attachments_l_03_04_proof_of_publication,No source_url recorded for 'data/raw/board_packets/2026-01-27_Board_of_Directors/attachments/L_03_04_Proof of Publication.pdf'.,Record the public URL in the inventory or a source_urls.md.,open
2026-06-07,info,missing_source_url,,2026-01-27_attachments_m_02_01_2_10_26_regular_meeting_of_the_board_of_directors_agenda_draft,No source_url recorded for 'data/raw/board_packets/2026-01-27_Board_of_Directors/attachments/M_02_01_2.10.26 Regular Meeting of the Board of Directors Agenda - Draft.pdf'.,Record the public URL in the inventory or a source_urls.md.,open
2026-06-07,info,missing_source_url,,2026-01-27_attachments_m_02_02_2_10_26_operations_committee_meeting_agenda_draft,No source_url recorded for 'data/raw/board_packets/2026-01-27_Board_of_Directors/attachments/M_02_02_2.10.26 Operations Committee Meeting Agenda - DRAFT.pdf'.,Record the public URL in the inventory or a source_urls.md.,open
2026-06-07,info,missing_source_url,,2026-01-27_2026_01_27_board_of_directors_transcript,No source_url recorded for 'data/raw/board_packets/2026-01-27_Board_of_Directors/transcript.json'.,Record the public URL in the inventory or a source_urls.md.,open
2026-06-07,info,unknown_document_type,,2026-02-10_attachments_d_01_01_tate_high_video_update,Document 'data/raw/board_packets/2026-02-10_Board_of_Directors/attachments/D_01_01_Tate High Video Update.mp4' is unclassified (type=none).,Classify in data/manual/document_classification_manual.csv.,open
2026-06-07,info,missing_source_url,,2026-02-10_attachments_d_01_01_tate_high_video_update,No source_url recorded for 'data/raw/board_packets/2026-02-10_Board_of_Directors/attachments/D_01_01_Tate High Video Update.mp4'.,Record the public URL in the inventory or a source_urls.md.,open
2026-06-07,info,missing_source_url,,2026-02-10_attachments_f_02_01_accounts_payable_summaries_20260203,No source_url recorded for 'data/raw/board_packets/2026-02-10_Board_of_Directors/attachments/F_02_01_Accounts_Payable_Summaries - 20260203.pdf'.,Record the public URL in the inventory or a source_urls.md.,open
2026-06-07,info,unknown_document_type,,2026-02-10_attachments_f_02_02_2_3_2026_boardreport10003,Document 'data/raw/board_packets/2026-02-10_Board_of_Directors/attachments/F_02_02_2-3-2026_BoardReport10003.pdf' is unclassified (type=generic_pdf).,Classify in data/manual/document_classification_manual.csv.,open
2026-06-07,info,missing_source_url,,2026-02-10_attachments_f_02_02_2_3_2026_boardreport10003,No source_url recorded for 'data/raw/board_packets/2026-02-10_Board_of_Directors/attachments/F_02_02_2-3-2026_BoardReport10003.pdf'.,Record the public URL in the inventory or a source_urls.md.,open
2026-06-07,info,unknown_document_type,,2026-02-10_attachments_f_02_03_1_27_2026_boardreport10003,Document 'data/raw/board_packets/2026-02-10_Board_of_Directors/attachments/F_02_03_1-27-2026_BoardReport10003.pdf' is unclassified (type=generic_pdf).,Classify in data/manual/document_classification_manual.csv.,open
2026-06-07,info,missing_source_url,,2026-02-10_attachments_f_02_03_1_27_2026_boardreport10003,No source_url recorded for 'data/raw/board_packets/2026-02-10_Board_of_Directors/attachments/F_02_03_1-27-2026_BoardReport10003.pdf'.,Record the public URL in the inventory or a source_urls.md.,open
2026-06-07,info,missing_source_url,,2026-02-10_attachments_f_03_01_february_10_2026_board_agenda,"No source_url recorded for 'data/raw/board_packets/2026-02-10_Board_of_Directors/attachments/F_03_01_February 10, 2026 Board Agenda.pdf'.",Record the public URL in the inventory or a source_urls.md.,open
2026-06-07,info,unknown_document_type,,2026-02-10_attachments_f_04_01_02_10_2026_board_meeting_oe_26_27,Document 'data/raw/board_packets/2026-02-10_Board_of_Directors/attachments/F_04_01_02-10-2026 Board Meeting OE (26-27).pdf' is unclassified (type=generic_pdf).,Classify in data/manual/document_classification_manual.csv.,open
2026-06-07,info,missing_source_url,,2026-02-10_attachments_f_04_01_02_10_2026_board_meeting_oe_26_27,No source_url recorded for 'data/raw/board_packets/2026-02-10_Board_of_Directors/attachments/F_04_01_02-10-2026 Board Meeting OE (26-27).pdf'.,Record the public URL in the inventory or a source_urls.md.,open
2026-06-07,info,unknown_document_type,,2026-02-10_attachments_f_04_02_02_10_2026_board_meeting_oe_25_26,Document 'data/raw/board_packets/2026-02-10_Board_of_Directors/attachments/F_04_02_02-10-2026 Board Meeting OE (25-26).pdf' is unclassified (type=generic_pdf).,Classify in data/manual/document_classification_manual.csv.,open
2026-06-07,info,missing_source_url,,2026-02-10_attachments_f_04_02_02_10_2026_board_meeting_oe_25_26,No source_url recorded for 'data/raw/board_packets/2026-02-10_Board_of_Directors/attachments/F_04_02_02-10-2026 Board Meeting OE (25-26).pdf'.,Record the public URL in the inventory or a source_urls.md.,open
2026-06-07,info,unknown_document_type,,2026-02-10_attachments_f_07_01_summary_of_appendix_9_approval_requests_and_project,Document 'data/raw/board_packets/2026-02-10_Board_of_Directors/attachments/F_07_01_Summary of Appendix 9 Approval Requests and Project.pdf' is unclassified (type=generic_pdf).,Classify in data/manual/document_classification_manual.csv.,open
2026-06-07,info,missing_source_url,,2026-02-10_attachments_f_07_01_summary_of_appendix_9_approval_requests_and_project,No source_url recorded for 'data/raw/board_packets/2026-02-10_Board_of_Directors/attachments/F_07_01_Summary of Appendix 9 Approval Requests and Project.pdf'.,Record the public URL in the inventory or a source_urls.md.,open
2026-06-07,info,unknown_document_type,,2026-02-10_attachments_f_07_02_city_hs_little_theater_upgrades,Document 'data/raw/board_packets/2026-02-10_Board_of_Directors/attachments/F_07_02_City HS Little Theater Upgrades.pdf' is unclassified (type=generic_pdf).,Classify in data/manual/document_classification_manual.csv.,open
2026-06-07,info,missing_source_url,,2026-02-10_attachments_f_07_02_city_hs_little_theater_upgrades,No source_url recorded for 'data/raw/board_packets/2026-02-10_Board_of_Directors/attachments/F_07_02_City HS Little Theater Upgrades.pdf'.,Record the public URL in the inventory or a source_urls.md.,open
2026-06-07,info,unknown_document_type,,2026-02-10_attachments_f_07_03_center_for_innovation_2025_building_renovation_dream,Document 'data/raw/board_packets/2026-02-10_Board_of_Directors/attachments/F_07_03_Center for Innovation 2025 Building Renovation Dream.pdf' is unclassified (type=generic_pdf).,Classify in data/manual/document_classification_manual.csv.,open
2026-06-07,info,missing_source_url,,2026-02-10_attachments_f_07_03_center_for_innovation_2025_building_renovation_dream,No source_url recorded for 'data/raw/board_packets/2026-02-10_Board_of_Directors/attachments/F_07_03_Center for Innovation 2025 Building Renovation Dream.pdf'.,Record the public URL in the inventory or a source_urls.md.,open
2026-06-07,info,unknown_document_type,,2026-02-10_attachments_f_07_04_horn_es_classroom_addition_adn_hvac_upgrade_2022_cla,Document 'data/raw/board_packets/2026-02-10_Board_of_Directors/attachments/F_07_04_Horn ES Classroom Addition adn HVAC Upgrade 2022 Cla.pdf' is unclassified (type=generic_pdf).,Classify in data/manual/document_classification_manual.csv.,open
2026-06-07,info,missing_source_url,,2026-02-10_attachments_f_07_04_horn_es_classroom_addition_adn_hvac_upgrade_2022_cla,No source_url recorded for 'data/raw/board_packets/2026-02-10_Board_of_Directors/attachments/F_07_04_Horn ES Classroom Addition adn HVAC Upgrade 2022 Cla.pdf'.,Record the public URL in the inventory or a source_urls.md.,open
2026-06-07,info,unknown_document_type,,2026-02-10_attachments_f_07_05_nwjh_middle_school_addition_retaining_wall,Document 'data/raw/board_packets/2026-02-10_Board_of_Directors/attachments/F_07_05_NWJH Middle School Addition Retaining Wall.pdf' is unclassified (type=generic_pdf).,Classify in data/manual/document_classification_manual.csv.,open
2026-06-07,info,missing_source_url,,2026-02-10_attachments_f_07_05_nwjh_middle_school_addition_retaining_wall,No source_url recorded for 'data/raw/board_packets/2026-02-10_Board_of_Directors/attachments/F_07_05_NWJH Middle School Addition Retaining Wall.pdf'.,Record the public URL in the inventory or a source_urls.md.,open
2026-06-07,info,unknown_document_type,,2026-02-10_attachments_f_07_06_roof_management_2026_west_hs_replacement,Document 'data/raw/board_packets/2026-02-10_Board_of_Directors/attachments/F_07_06_Roof Management 2026 West HS Replacement.pdf' is unclassified (type=generic_pdf).,Classify in data/manual/document_classification_manual.csv.,open
2026-06-07,info,missing_source_url,,2026-02-10_attachments_f_07_06_roof_management_2026_west_hs_replacement,No source_url recorded for 'data/raw/board_packets/2026-02-10_Board_of_Directors/attachments/F_07_06_Roof Management 2026 West HS Replacement.pdf'.,Record the public URL in the inventory or a source_urls.md.,open
2026-06-07,info,unknown_document_type,,2026-02-10_attachments_f_07_07_roof_management_2026_lucas_es_replacement,Document 'data/raw/board_packets/2026-02-10_Board_of_Directors/attachments/F_07_07_Roof Management 2026 Lucas ES Replacement.pdf' is unclassified (type=generic_pdf).,Classify in data/manual/document_classification_manual.csv.,open
2026-06-07,info,missing_source_url,,2026-02-10_attachments_f_07_07_roof_management_2026_lucas_es_replacement,No source_url recorded for 'data/raw/board_packets/2026-02-10_Board_of_Directors/attachments/F_07_07_Roof Management 2026 Lucas ES Replacement.pdf'.,Record the public URL in the inventory or a source_urls.md.,open
2026-06-07,info,unknown_document_type,,2026-02-10_attachments_f_07_08_roof_management_2026_wickham_es_and_sems_replacement,Document 'data/raw/board_packets/2026-02-10_Board_of_Directors/attachments/F_07_08_Roof Management 2026 Wickham ES and SEMS Replacement.pdf' is unclassified (type=generic_pdf).,Classify in data/manual/document_classification_manual.csv.,open
2026-06-07,info,missing_source_url,,2026-02-10_attachments_f_07_08_roof_management_2026_wickham_es_and_sems_replacement,No source_url recorded for 'data/raw/board_packets/2026-02-10_Board_of_Directors/attachments/F_07_08_Roof Management 2026 Wickham ES and SEMS Replacement.pdf'.,Record the public URL in the inventory or a source_urls.md.,open
2026-06-07,info,unknown_document_type,,2026-02-10_attachments_f_07_09_west_hs_baseball_and_softball_relocation,Document 'data/raw/board_packets/2026-02-10_Board_of_Directors/attachments/F_07_09_West HS Baseball and Softball Relocation.pdf' is unclassified (type=generic_pdf).,Classify in data/manual/document_classification_manual.csv.,open
2026-06-07,info,missing_source_url,,2026-02-10_attachments_f_07_09_west_hs_baseball_and_softball_relocation,No source_url recorded for 'data/raw/board_packets/2026-02-10_Board_of_Directors/attachments/F_07_09_West HS Baseball and Softball Relocation.pdf'.,Record the public URL in the inventory or a source_urls.md.,open
2026-06-07,info,missing_source_url,,2026-02-10_attachments_f_07_10_capital_projects_status_report,No source_url recorded for 'data/raw/board_packets/2026-02-10_Board_of_Directors/attachments/F_07_10_Capital Projects Status Report.pdf'.,Record the public URL in the inventory or a source_urls.md.,open
2026-06-07,info,unknown_document_type,,2026-02-10_attachments_f_07_11_combined_appendix_9_approval_requests_and_project_up,Document 'data/raw/board_packets/2026-02-10_Board_of_Directors/attachments/F_07_11_Combined Appendix 9 Approval Requests and Project Up.pdf' is unclassified (type=generic_pdf).,Classify in data/manual/document_classification_manual.csv.,open
2026-06-07,info,missing_source_url,,2026-02-10_attachments_f_07_11_combined_appendix_9_approval_requests_and_project_up,No source_url recorded for 'data/raw/board_packets/2026-02-10_Board_of_Directors/attachments/F_07_11_Combined Appendix 9 Approval Requests and Project Up.pdf'.,Record the public URL in the inventory or a source_urls.md.,open
2026-06-07,info,unknown_document_type,,2026-02-10_attachments_i_01_01_500_policies_students,Document 'data/raw/board_packets/2026-02-10_Board_of_Directors/attachments/I_01_01_500 Policies - Students.pdf' is unclassified (type=generic_pdf).,Classify in data/manual/document_classification_manual.csv.,open
2026-06-07,info,missing_source_url,,2026-02-10_attachments_i_01_01_500_policies_students,No source_url recorded for 'data/raw/board_packets/2026-02-10_Board_of_Directors/attachments/I_01_01_500 Policies - Students.pdf'.,Record the public URL in the inventory or a source_urls.md.,open
2026-06-07,info,unknown_document_type,,2026-02-10_attachments_i_02_01_202_2_oath_of_office,Document 'data/raw/board_packets/2026-02-10_Board_of_Directors/attachments/I_02_01_202.2 - Oath of Office.pdf' is unclassified (type=generic_pdf).,Classify in data/manual/document_classification_manual.csv.,open
2026-06-07,info,missing_source_url,,2026-02-10_attachments_i_02_01_202_2_oath_of_office,No source_url recorded for 'data/raw/board_packets/2026-02-10_Board_of_Directors/attachments/I_02_01_202.2 - Oath of Office.pdf'.,Record the public URL in the inventory or a source_urls.md.,open
2026-06-07,info,unknown_document_type,,2026-02-10_attachments_k_01_01_enrollment_board_report_25_26_2,Document 'data/raw/board_packets/2026-02-10_Board_of_Directors/attachments/K_01_01_Enrollment Board Report 25-26 (2).pdf' is unclassified (type=generic_pdf).,Classify in data/manual/document_classification_manual.csv.,open
2026-06-07,info,missing_source_url,,2026-02-10_attachments_k_01_01_enrollment_board_report_25_26_2,No source_url recorded for 'data/raw/board_packets/2026-02-10_Board_of_Directors/attachments/K_01_01_Enrollment Board Report 25-26 (2).pdf'.,Record the public URL in the inventory or a source_urls.md.,open
2026-06-07,info,missing_source_url,,2026-02-10_attachments_k_02_01_fy26_quarter_2_financial_report_1,No source_url recorded for 'data/raw/board_packets/2026-02-10_Board_of_Directors/attachments/K_02_01_FY26 Quarter 2 Financial Report (1).pdf'.,Record the public URL in the inventory or a source_urls.md.,open
2026-06-07,info,unknown_document_type,,2026-02-10_attachments_l_01_01_500_policies_students,Document 'data/raw/board_packets/2026-02-10_Board_of_Directors/attachments/L_01_01_500 Policies - Students.pdf' is unclassified (type=generic_pdf).,Classify in data/manual/document_classification_manual.csv.,open
2026-06-07,info,missing_source_url,,2026-02-10_attachments_l_01_01_500_policies_students,No source_url recorded for 'data/raw/board_packets/2026-02-10_Board_of_Directors/attachments/L_01_01_500 Policies - Students.pdf'.,Record the public URL in the inventory or a source_urls.md.,open
2026-06-07,info,unknown_document_type,,2026-02-10_attachments_l_02_01_202_2_oath_of_office,Document 'data/raw/board_packets/2026-02-10_Board_of_Directors/attachments/L_02_01_202.2 - Oath of Office.pdf' is unclassified (type=generic_pdf).,Classify in data/manual/document_classification_manual.csv.,open
2026-06-07,info,missing_source_url,,2026-02-10_attachments_l_02_01_202_2_oath_of_office,No source_url recorded for 'data/raw/board_packets/2026-02-10_Board_of_Directors/attachments/L_02_01_202.2 - Oath of Office.pdf'.,Record the public URL in the inventory or a source_urls.md.,open
2026-06-07,info,missing_source_url,,2026-02-10_attachments_m_03_01_2_24_25_policy_governance_committee_meeting_agenda,No source_url recorded for 'data/raw/board_packets/2026-02-10_Board_of_Directors/attachments/M_03_01_2.24.25 Policy & Governance Committee Meeting Agenda.pdf'.,Record the public URL in the inventory or a source_urls.md.,open
2026-06-07,info,unknown_document_type,,2026-02-10_attachments_m_03_02_2_24_26_board_closed_session_iowa_code_chapter_21ag,Document 'data/raw/board_packets/2026-02-10_Board_of_Directors/attachments/M_03_02_2.24.26 Board Closed Session_ Iowa Code Chapter 21Ag.pdf' is unclassified (type=generic_pdf).,Classify in data/manual/document_classification_manual.csv.,open
2026-06-07,info,missing_source_url,,2026-02-10_attachments_m_03_02_2_24_26_board_closed_session_iowa_code_chapter_21ag,No source_url recorded for 'data/raw/board_packets/2026-02-10_Board_of_Directors/attachments/M_03_02_2.24.26 Board Closed Session_ Iowa Code Chapter 21Ag.pdf'.,Record the public URL in the inventory or a source_urls.md.,open
2026-06-07,info,unknown_document_type,,2026-02-10_attachments_m_03_03_2_24_26_regular_meeting_of_the_board_of_directors_ag,Document 'data/raw/board_packets/2026-02-10_Board_of_Directors/attachments/M_03_03_2.24.26 Regular Meeting of the Board of Directors Ag.pdf' is unclassified (type=generic_pdf).,Classify in data/manual/document_classification_manual.csv.,open
2026-06-07,info,missing_source_url,,2026-02-10_attachments_m_03_03_2_24_26_regular_meeting_of_the_board_of_directors_ag,No source_url recorded for 'data/raw/board_packets/2026-02-10_Board_of_Directors/attachments/M_03_03_2.24.26 Regular Meeting of the Board of Directors Ag.pdf'.,Record the public URL in the inventory or a source_urls.md.,open
2026-06-07,info,missing_source_url,,2026-02-10_2026_02_10_board_of_directors_transcript_audio,No source_url recorded for 'data/raw/board_packets/2026-02-10_Board_of_Directors/transcript_audio.json'.,Record the public URL in the inventory or a source_urls.md.,open
2026-06-07,info,missing_source_url,,2026-02-10_2026_02_10_board_of_directors_transcript_partial,No source_url recorded for 'data/raw/board_packets/2026-02-10_Board_of_Directors/transcript_partial.json'.,Record the public URL in the inventory or a source_urls.md.,open
2026-06-07,info,missing_source_url,,2026-02-10_attachments_c_01_01_financial_update_feb_10_board_meeting_1,No source_url recorded for 'data/raw/board_packets/2026-02-10_Financial_Oversight_Committee/attachments/C_01_01_Financial Update - Feb 10 Board Meeting (1).pdf'.,Record the public URL in the inventory or a source_urls.md.,open
2026-06-07,info,missing_source_url,,2026-02-10_2026_02_10_financial_oversight_committee_transcript,No source_url recorded for 'data/raw/board_packets/2026-02-10_Financial_Oversight_Committee/transcript.json'.,Record the public URL in the inventory or a source_urls.md.,open
2026-06-07,info,missing_source_url,,2026-02-24_attachments_f_06_01_accounts_payable_summaries_20260224,No source_url recorded for 'data/raw/board_packets/2026-02-24_Board_of_Directors/attachments/F_06_01_Accounts_Payable_Summaries - 20260224.pdf'.,Record the public URL in the inventory or a source_urls.md.,open
2026-06-07,info,unknown_document_type,,2026-02-24_attachments_f_06_02_2_18_26boardreport10003,Document 'data/raw/board_packets/2026-02-24_Board_of_Directors/attachments/F_06_02_2-18-26BoardReport10003.pdf' is unclassified (type=generic_pdf).,Classify in data/manual/document_classification_manual.csv.,open
2026-06-07,info,missing_source_url,,2026-02-24_attachments_f_06_02_2_18_26boardreport10003,No source_url recorded for 'data/raw/board_packets/2026-02-24_Board_of_Directors/attachments/F_06_02_2-18-26BoardReport10003.pdf'.,Record the public URL in the inventory or a source_urls.md.,open
2026-06-07,info,unknown_document_type,,2026-02-24_attachments_f_06_03_2_16_26boardreport10003,Document 'data/raw/board_packets/2026-02-24_Board_of_Directors/attachments/F_06_03_2-16-26BoardReport10003.pdf' is unclassified (type=generic_pdf).,Classify in data/manual/document_classification_manual.csv.,open
2026-06-07,info,missing_source_url,,2026-02-24_attachments_f_06_03_2_16_26boardreport10003,No source_url recorded for 'data/raw/board_packets/2026-02-24_Board_of_Directors/attachments/F_06_03_2-16-26BoardReport10003.pdf'.,Record the public URL in the inventory or a source_urls.md.,open
2026-06-07,info,unknown_document_type,,2026-02-24_attachments_f_06_04_2_10_26_boardreport10003,Document 'data/raw/board_packets/2026-02-24_Board_of_Directors/attachments/F_06_04_2-10-26_BoardReport10003.pdf' is unclassified (type=generic_pdf).,Classify in data/manual/document_classification_manual.csv.,open
2026-06-07,info,missing_source_url,,2026-02-24_attachments_f_06_04_2_10_26_boardreport10003,No source_url recorded for 'data/raw/board_packets/2026-02-24_Board_of_Directors/attachments/F_06_04_2-10-26_BoardReport10003.pdf'.,Record the public URL in the inventory or a source_urls.md.,open
2026-06-07,info,unknown_document_type,,2026-02-24_attachments_f_06_05_2_5_2026_boardreport10003,Document 'data/raw/board_packets/2026-02-24_Board_of_Directors/attachments/F_06_05_2-5-2026_BoardReport10003.pdf' is unclassified (type=generic_pdf).,Classify in data/manual/document_classification_manual.csv.,open
2026-06-07,info,missing_source_url,,2026-02-24_attachments_f_06_05_2_5_2026_boardreport10003,No source_url recorded for 'data/raw/board_packets/2026-02-24_Board_of_Directors/attachments/F_06_05_2-5-2026_BoardReport10003.pdf'.,Record the public URL in the inventory or a source_urls.md.,open
2026-06-07,info,missing_source_url,,2026-02-24_attachments_f_07_01_february_24_2026_board_agenda,"No source_url recorded for 'data/raw/board_packets/2026-02-24_Board_of_Directors/attachments/F_07_01_February 24, 2026 Board Agenda.pdf'.",Record the public URL in the inventory or a source_urls.md.,open
2026-06-07,info,unknown_document_type,,2026-02-24_attachments_f_08_01_2_24_2026_board_meeting_oe_26_27_2_0,Document 'data/raw/board_packets/2026-02-24_Board_of_Directors/attachments/F_08_01_2-24-2026 Board Meeting OE (26-27)- 2.0.pdf' is unclassified (type=generic_pdf).,Classify in data/manual/document_classification_manual.csv.,open
2026-06-07,info,missing_source_url,,2026-02-24_attachments_f_08_01_2_24_2026_board_meeting_oe_26_27_2_0,No source_url recorded for 'data/raw/board_packets/2026-02-24_Board_of_Directors/attachments/F_08_01_2-24-2026 Board Meeting OE (26-27)- 2.0.pdf'.,Record the public URL in the inventory or a source_urls.md.,open
2026-06-07,info,unknown_document_type,,2026-02-24_attachments_f_08_02_2_24_2026_board_meeting_oe_25_26_2_0,Document 'data/raw/board_packets/2026-02-24_Board_of_Directors/attachments/F_08_02_2-24-2026 Board Meeting OE (25-26)- 2.0.pdf' is unclassified (type=generic_pdf).,Classify in data/manual/document_classification_manual.csv.,open
2026-06-07,info,missing_source_url,,2026-02-24_attachments_f_08_02_2_24_2026_board_meeting_oe_25_26_2_0,No source_url recorded for 'data/raw/board_packets/2026-02-24_Board_of_Directors/attachments/F_08_02_2-24-2026 Board Meeting OE (25-26)- 2.0.pdf'.,Record the public URL in the inventory or a source_urls.md.,open
2026-06-07,info,unknown_document_type,,2026-02-24_attachments_f_09_01_iowa_city_school_district_ia_simbli_service_order,Document 'data/raw/board_packets/2026-02-24_Board_of_Directors/attachments/F_09_01_Iowa_City_School_District_-_IA_-_Simbli_Service_Order.pdf' is unclassified (type=generic_pdf).,Classify in data/manual/document_classification_manual.csv.,open
2026-06-07,info,missing_source_url,,2026-02-24_attachments_f_09_01_iowa_city_school_district_ia_simbli_service_order,No source_url recorded for 'data/raw/board_packets/2026-02-24_Board_of_Directors/attachments/F_09_01_Iowa_City_School_District_-_IA_-_Simbli_Service_Order.pdf'.,Record the public URL in the inventory or a source_urls.md.,open
2026-06-07,info,unknown_document_type,,2026-02-24_attachments_f_10_01_iowa_city_csd_baa_10142025,Document 'data/raw/board_packets/2026-02-24_Board_of_Directors/attachments/F_10_01_Iowa-City-CSD-BAA-10142025.pdf' is unclassified (type=generic_pdf).,Classify in data/manual/document_classification_manual.csv.,open
2026-06-07,info,missing_source_url,,2026-02-24_attachments_f_10_01_iowa_city_csd_baa_10142025,No source_url recorded for 'data/raw/board_packets/2026-02-24_Board_of_Directors/attachments/F_10_01_Iowa-City-CSD-BAA-10142025.pdf'.,Record the public URL in the inventory or a source_urls.md.,open
2026-06-07,info,unknown_document_type,,2026-02-24_attachments_f_10_02_iowa_city_school_district_agreement_1_12_2026,Document 'data/raw/board_packets/2026-02-24_Board_of_Directors/attachments/F_10_02_Iowa City School District Agreement 1 12 2026.pdf' is unclassified (type=generic_pdf).,Classify in data/manual/document_classification_manual.csv.,open
2026-06-07,info,missing_source_url,,2026-02-24_attachments_f_10_02_iowa_city_school_district_agreement_1_12_2026,No source_url recorded for 'data/raw/board_packets/2026-02-24_Board_of_Directors/attachments/F_10_02_Iowa City School District Agreement 1 12 2026.pdf'.,Record the public URL in the inventory or a source_urls.md.,open
2026-06-07,info,unknown_document_type,,2026-02-24_attachments_f_10_03_exclusion_reports_iowa_city_school_district_addendum_1,Document 'data/raw/board_packets/2026-02-24_Board_of_Directors/attachments/F_10_03_Exclusion Reports Iowa City School District Addendum 1.pdf' is unclassified (type=generic_pdf).,Classify in data/manual/document_classification_manual.csv.,open
2026-06-07,info,missing_source_url,,2026-02-24_attachments_f_10_03_exclusion_reports_iowa_city_school_district_addendum_1,No source_url recorded for 'data/raw/board_packets/2026-02-24_Board_of_Directors/attachments/F_10_03_Exclusion Reports Iowa City School District Addendum 1.pdf'.,Record the public URL in the inventory or a source_urls.md.,open
2026-06-07,info,unknown_document_type,,2026-02-24_attachments_g_01_01_iowa_code_examining_board,Document 'data/raw/board_packets/2026-02-24_Board_of_Directors/attachments/G_01_01_Iowa Code - Examining Board.pdf' is unclassified (type=generic_pdf).,Classify in data/manual/document_classification_manual.csv.,open
2026-06-07,info,missing_source_url,,2026-02-24_attachments_g_01_01_iowa_code_examining_board,No source_url recorded for 'data/raw/board_packets/2026-02-24_Board_of_Directors/attachments/G_01_01_Iowa Code - Examining Board.pdf'.,Record the public URL in the inventory or a source_urls.md.,open
2026-06-07,info,unknown_document_type,,2026-02-24_attachments_i_01_01_600_series_educational_programs,Document 'data/raw/board_packets/2026-02-24_Board_of_Directors/attachments/I_01_01_600 Series - Educational Programs.pdf' is unclassified (type=generic_pdf).,Classify in data/manual/document_classification_manual.csv.,open
2026-06-07,info,missing_source_url,,2026-02-24_attachments_i_01_01_600_series_educational_programs,No source_url recorded for 'data/raw/board_packets/2026-02-24_Board_of_Directors/attachments/I_01_01_600 Series - Educational Programs.pdf'.,Record the public URL in the inventory or a source_urls.md.,open
2026-06-07,info,missing_source_url,,2026-02-24_attachments_j_01_01_fy27_certified_budget_update,No source_url recorded for 'data/raw/board_packets/2026-02-24_Board_of_Directors/attachments/J_01_01_FY27 Certified Budget Update.pdf'.,Record the public URL in the inventory or a source_urls.md.,open
2026-06-07,info,unknown_document_type,,2026-02-24_attachments_j_03_01_preliminay_operational_improvements_timeline,Document 'data/raw/board_packets/2026-02-24_Board_of_Directors/attachments/J_03_01_Preliminay Operational Improvements Timeline.pdf' is unclassified (type=generic_pdf).,Classify in data/manual/document_classification_manual.csv.,open
2026-06-07,info,missing_source_url,,2026-02-24_attachments_j_03_01_preliminay_operational_improvements_timeline,No source_url recorded for 'data/raw/board_packets/2026-02-24_Board_of_Directors/attachments/J_03_01_Preliminay Operational Improvements Timeline.pdf'.,Record the public URL in the inventory or a source_urls.md.,open
2026-06-07,info,unknown_document_type,,2026-02-24_attachments_k_01_01_proposed_budget_actions_board_2026_27,Document 'data/raw/board_packets/2026-02-24_Board_of_Directors/attachments/K_01_01_Proposed Budget Actions Board (2026-27).pdf' is unclassified (type=generic_pdf).,Classify in data/manual/document_classification_manual.csv.,open
2026-06-07,info,missing_source_url,,2026-02-24_attachments_k_01_01_proposed_budget_actions_board_2026_27,No source_url recorded for 'data/raw/board_packets/2026-02-24_Board_of_Directors/attachments/K_01_01_Proposed Budget Actions Board (2026-27).pdf'.,Record the public URL in the inventory or a source_urls.md.,open
2026-06-07,info,unknown_document_type,,2026-02-24_attachments_k_01_02_object_code_spending_2_24_26_board_mtg,Document 'data/raw/board_packets/2026-02-24_Board_of_Directors/attachments/K_01_02_Object Code Spending - 2.24.26 Board Mtg.pdf' is unclassified (type=generic_pdf).,Classify in data/manual/document_classification_manual.csv.,open
2026-06-07,info,missing_source_url,,2026-02-24_attachments_k_01_02_object_code_spending_2_24_26_board_mtg,No source_url recorded for 'data/raw/board_packets/2026-02-24_Board_of_Directors/attachments/K_01_02_Object Code Spending - 2.24.26 Board Mtg.pdf'.,Record the public URL in the inventory or a source_urls.md.,open
2026-06-07,info,missing_source_url,,2026-02-24_attachments_l_02_01_iccsd_fgmk_interim_cfo,No source_url recorded for 'data/raw/board_packets/2026-02-24_Board_of_Directors/attachments/L_02_01_ICCSD FGMK Interim CFO.pdf'.,Record the public URL in the inventory or a source_urls.md.,open
2026-06-07,info,missing_source_url,,2026-02-24_attachments_m_02_01_3_3_26_special_board_meeting_agenda_draft,No source_url recorded for 'data/raw/board_packets/2026-02-24_Board_of_Directors/attachments/M_02_01_3.3.26 Special Board Meeting Agenda - DRAFT.pdf'.,Record the public URL in the inventory or a source_urls.md.,open
2026-06-07,info,missing_source_url,,2026-02-24_attachments_m_02_02_3_10_26_operations_committee_meeting_agenda_draft,No source_url recorded for 'data/raw/board_packets/2026-02-24_Board_of_Directors/attachments/M_02_02_3.10.26 Operations Committee Meeting Agenda - DRAFT.pdf'.,Record the public URL in the inventory or a source_urls.md.,open
2026-06-07,info,unknown_document_type,,2026-02-24_attachments_m_02_03_3_10_26_regular_meeting_of_the_board_of_directors_agen,Document 'data/raw/board_packets/2026-02-24_Board_of_Directors/attachments/M_02_03_3.10.26 Regular Meeting of the Board of Directors Agen.pdf' is unclassified (type=generic_pdf).,Classify in data/manual/document_classification_manual.csv.,open
2026-06-07,info,missing_source_url,,2026-02-24_attachments_m_02_03_3_10_26_regular_meeting_of_the_board_of_directors_agen,No source_url recorded for 'data/raw/board_packets/2026-02-24_Board_of_Directors/attachments/M_02_03_3.10.26 Regular Meeting of the Board of Directors Agen.pdf'.,Record the public URL in the inventory or a source_urls.md.,open
2026-06-07,info,missing_source_url,,2026-02-24_2026_02_24_board_of_directors_transcript,No source_url recorded for 'data/raw/board_packets/2026-02-24_Board_of_Directors/transcript.json'.,Record the public URL in the inventory or a source_urls.md.,open
2026-06-07,info,unknown_document_type,,2026-03-10_attachments_d_01_01_march_school_board_video,Document 'data/raw/board_packets/2026-03-10_Board_of_Directors/attachments/D_01_01_March School Board Video.mp4' is unclassified (type=none).,Classify in data/manual/document_classification_manual.csv.,open
2026-06-07,info,missing_source_url,,2026-03-10_attachments_d_01_01_march_school_board_video,No source_url recorded for 'data/raw/board_packets/2026-03-10_Board_of_Directors/attachments/D_01_01_March School Board Video.mp4'.,Record the public URL in the inventory or a source_urls.md.,open
2026-06-07,info,missing_source_url,,2026-03-10_attachments_f_03_01_accounts_payable_summaries_20260310,No source_url recorded for 'data/raw/board_packets/2026-03-10_Board_of_Directors/attachments/F_03_01_Accounts_Payable_Summaries - 20260310.pdf'.,Record the public URL in the inventory or a source_urls.md.,open
2026-06-07,info,unknown_document_type,,2026-03-10_attachments_f_03_02_2_24_26_boardreport10003,Document 'data/raw/board_packets/2026-03-10_Board_of_Directors/attachments/F_03_02_2-24-26_BoardReport10003.pdf' is unclassified (type=generic_pdf).,Classify in data/manual/document_classification_manual.csv.,open
2026-06-07,info,missing_source_url,,2026-03-10_attachments_f_03_02_2_24_26_boardreport10003,No source_url recorded for 'data/raw/board_packets/2026-03-10_Board_of_Directors/attachments/F_03_02_2-24-26_BoardReport10003.pdf'.,Record the public URL in the inventory or a source_urls.md.,open
2026-06-07,info,unknown_document_type,,2026-03-10_attachments_f_03_03_2_26_26_boardreport10003,Document 'data/raw/board_packets/2026-03-10_Board_of_Directors/attachments/F_03_03_2-26-26_BoardReport10003.pdf' is unclassified (type=generic_pdf).,Classify in data/manual/document_classification_manual.csv.,open
2026-06-07,info,missing_source_url,,2026-03-10_attachments_f_03_03_2_26_26_boardreport10003,No source_url recorded for 'data/raw/board_packets/2026-03-10_Board_of_Directors/attachments/F_03_03_2-26-26_BoardReport10003.pdf'.,Record the public URL in the inventory or a source_urls.md.,open
2026-06-07,info,unknown_document_type,,2026-03-10_attachments_f_03_04_3_3_26_boardreport10003,Document 'data/raw/board_packets/2026-03-10_Board_of_Directors/attachments/F_03_04_3-3-26_BoardReport10003.pdf' is unclassified (type=generic_pdf).,Classify in data/manual/document_classification_manual.csv.,open
2026-06-07,info,missing_source_url,,2026-03-10_attachments_f_03_04_3_3_26_boardreport10003,No source_url recorded for 'data/raw/board_packets/2026-03-10_Board_of_Directors/attachments/F_03_04_3-3-26_BoardReport10003.pdf'.,Record the public URL in the inventory or a source_urls.md.,open
2026-06-07,info,missing_source_url,,2026-03-10_attachments_f_04_01_march_10_2026_board_agenda,"No source_url recorded for 'data/raw/board_packets/2026-03-10_Board_of_Directors/attachments/F_04_01_March 10, 2026 Board Agenda.pdf'.",Record the public URL in the inventory or a source_urls.md.,open
2026-06-07,info,unknown_document_type,,2026-03-10_attachments_f_05_01_3_10_2026_board_meeting_oe_25_26,Document 'data/raw/board_packets/2026-03-10_Board_of_Directors/attachments/F_05_01_3-10-2026 Board Meeting OE (25-26)-.pdf' is unclassified (type=generic_pdf).,Classify in data/manual/document_classification_manual.csv.,open
2026-06-07,info,missing_source_url,,2026-03-10_attachments_f_05_01_3_10_2026_board_meeting_oe_25_26,No source_url recorded for 'data/raw/board_packets/2026-03-10_Board_of_Directors/attachments/F_05_01_3-10-2026 Board Meeting OE (25-26)-.pdf'.,Record the public URL in the inventory or a source_urls.md.,open
2026-06-07,info,unknown_document_type,,2026-03-10_attachments_f_05_02_3_10_2026_board_meeting_oe_26_27,Document 'data/raw/board_packets/2026-03-10_Board_of_Directors/attachments/F_05_02_3-10-2026 Board Meeting OE (26-27)-.pdf' is unclassified (type=generic_pdf).,Classify in data/manual/document_classification_manual.csv.,open
2026-06-07,info,missing_source_url,,2026-03-10_attachments_f_05_02_3_10_2026_board_meeting_oe_26_27,No source_url recorded for 'data/raw/board_packets/2026-03-10_Board_of_Directors/attachments/F_05_02_3-10-2026 Board Meeting OE (26-27)-.pdf'.,Record the public URL in the inventory or a source_urls.md.,open
2026-06-07,info,unknown_document_type,,2026-03-10_attachments_f_06_01_g701_2017_change_order_1,Document 'data/raw/board_packets/2026-03-10_Board_of_Directors/attachments/F_06_01_G701-2017 - Change Order #1.pdf' is unclassified (type=generic_pdf).,Classify in data/manual/document_classification_manual.csv.,open
2026-06-07,info,missing_source_url,,2026-03-10_attachments_f_06_01_g701_2017_change_order_1,No source_url recorded for 'data/raw/board_packets/2026-03-10_Board_of_Directors/attachments/F_06_01_G701-2017 - Change Order #1.pdf'.,Record the public URL in the inventory or a source_urls.md.,open
2026-06-07,info,unknown_document_type,,2026-03-10_attachments_f_07_01_1_first_board_resolution_iowa_city_csd_1,Document 'data/raw/board_packets/2026-03-10_Board_of_Directors/attachments/F_07_01_(1) First Board Resolution - Iowa City CSD (1).pdf' is unclassified (type=generic_pdf).,Classify in data/manual/document_classification_manual.csv.,open
2026-06-07,info,missing_source_url,,2026-03-10_attachments_f_07_01_1_first_board_resolution_iowa_city_csd_1,No source_url recorded for 'data/raw/board_packets/2026-03-10_Board_of_Directors/attachments/F_07_01_(1) First Board Resolution - Iowa City CSD (1).pdf'.,Record the public URL in the inventory or a source_urls.md.,open
2026-06-07,info,unknown_document_type,,2026-03-10_attachments_f_07_02_2_notice_of_public_hearing_iowa_city_csd_1,Document 'data/raw/board_packets/2026-03-10_Board_of_Directors/attachments/F_07_02_(2) Notice of Public Hearing - Iowa City CSD (1).pdf' is unclassified (type=generic_pdf).,Classify in data/manual/document_classification_manual.csv.,open
2026-06-07,info,missing_source_url,,2026-03-10_attachments_f_07_02_2_notice_of_public_hearing_iowa_city_csd_1,No source_url recorded for 'data/raw/board_packets/2026-03-10_Board_of_Directors/attachments/F_07_02_(2) Notice of Public Hearing - Iowa City CSD (1).pdf'.,Record the public URL in the inventory or a source_urls.md.,open
2026-06-07,info,unknown_document_type,,2026-03-10_attachments_f_09_01_summary_of_appendix_9_approval_requests_and_project_updates,Document 'data/raw/board_packets/2026-03-10_Board_of_Directors/attachments/F_09_01_Summary of Appendix 9 Approval Requests and Project Updates.pdf' is unclassified (type=generic_pdf).,Classify in data/manual/document_classification_manual.csv.,open
2026-06-07,info,missing_source_url,,2026-03-10_attachments_f_09_01_summary_of_appendix_9_approval_requests_and_project_updates,No source_url recorded for 'data/raw/board_packets/2026-03-10_Board_of_Directors/attachments/F_09_01_Summary of Appendix 9 Approval Requests and Project Updates.pdf'.,Record the public URL in the inventory or a source_urls.md.,open
2026-06-07,info,unknown_document_type,,2026-03-10_attachments_f_09_02_center_for_innovation_2025_building_renovation_dream_accelerator,Document 'data/raw/board_packets/2026-03-10_Board_of_Directors/attachments/F_09_02_Center for Innovation 2025 Building Renovation Dream Accelerator.pdf' is unclassified (type=generic_pdf).,Classify in data/manual/document_classification_manual.csv.,open
2026-06-07,info,missing_source_url,,2026-03-10_attachments_f_09_02_center_for_innovation_2025_building_renovation_dream_accelerator,No source_url recorded for 'data/raw/board_packets/2026-03-10_Board_of_Directors/attachments/F_09_02_Center for Innovation 2025 Building Renovation Dream Accelerator.pdf'.,Record the public URL in the inventory or a source_urls.md.,open
2026-06-07,info,missing_source_url,,2026-03-10_attachments_f_09_03_city_hs_auditorium_upgrades_2025_opstad_theater_lighting,No source_url recorded for 'data/raw/board_packets/2026-03-10_Board_of_Directors/attachments/F_09_03_City HS Auditorium Upgrades 2025 Opstad Theater Lighting.pdf'.,Record the public URL in the inventory or a source_urls.md.,open
2026-06-07,info,unknown_document_type,,2026-03-10_attachments_f_09_04_school_safety_improvement_grant_2025_district_wide_camera_installatio,Document 'data/raw/board_packets/2026-03-10_Board_of_Directors/attachments/F_09_04_School Safety Improvement Grant 2025 District Wide Camera Installatio.pdf' is unclassified (type=generic_pdf).,Classify in data/manual/document_classification_manual.csv.,open
2026-06-07,info,missing_source_url,,2026-03-10_attachments_f_09_04_school_safety_improvement_grant_2025_district_wide_camera_installatio,No source_url recorded for 'data/raw/board_packets/2026-03-10_Board_of_Directors/attachments/F_09_04_School Safety Improvement Grant 2025 District Wide Camera Installatio.pdf'.,Record the public URL in the inventory or a source_urls.md.,open
2026-06-07,info,unknown_document_type,,2026-03-10_attachments_f_09_05_west_hs_renovation_phase_3,Document 'data/raw/board_packets/2026-03-10_Board_of_Directors/attachments/F_09_05_West HS Renovation - Phase 3.pdf' is unclassified (type=generic_pdf).,Classify in data/manual/document_classification_manual.csv.,open
2026-06-07,info,missing_source_url,,2026-03-10_attachments_f_09_05_west_hs_renovation_phase_3,No source_url recorded for 'data/raw/board_packets/2026-03-10_Board_of_Directors/attachments/F_09_05_West HS Renovation - Phase 3.pdf'.,Record the public URL in the inventory or a source_urls.md.,open
2026-06-07,info,missing_source_url,,2026-03-10_attachments_f_09_06_capital_projects_status_report,No source_url recorded for 'data/raw/board_packets/2026-03-10_Board_of_Directors/attachments/F_09_06_Capital Projects Status Report.pdf'.,Record the public URL in the inventory or a source_urls.md.,open
2026-06-07,info,unknown_document_type,,2026-03-10_attachments_f_09_07_combined_appendix_9_approval_requests_and_project_updates,Document 'data/raw/board_packets/2026-03-10_Board_of_Directors/attachments/F_09_07_Combined Appendix 9 Approval Requests and Project Updates.pdf' is unclassified (type=generic_pdf).,Classify in data/manual/document_classification_manual.csv.,open
2026-06-07,info,missing_source_url,,2026-03-10_attachments_f_09_07_combined_appendix_9_approval_requests_and_project_updates,No source_url recorded for 'data/raw/board_packets/2026-03-10_Board_of_Directors/attachments/F_09_07_Combined Appendix 9 Approval Requests and Project Updates.pdf'.,Record the public URL in the inventory or a source_urls.md.,open
2026-06-07,info,unknown_document_type,,2026-03-10_attachments_i_01_01_600_policies_educational_programs,Document 'data/raw/board_packets/2026-03-10_Board_of_Directors/attachments/I_01_01_600 Policies - Educational Programs.pdf' is unclassified (type=generic_pdf).,Classify in data/manual/document_classification_manual.csv.,open
2026-06-07,info,missing_source_url,,2026-03-10_attachments_i_01_01_600_policies_educational_programs,No source_url recorded for 'data/raw/board_packets/2026-03-10_Board_of_Directors/attachments/I_01_01_600 Policies - Educational Programs.pdf'.,Record the public URL in the inventory or a source_urls.md.,open
2026-06-07,info,unknown_document_type,,2026-03-10_attachments_j_01_01_summary_of_progress_as_of_march_6_2026,"Document 'data/raw/board_packets/2026-03-10_Board_of_Directors/attachments/J_01_01_Summary of Progress as of March 6, 2026.pdf' is unclassified (type=generic_pdf).",Classify in data/manual/document_classification_manual.csv.,open
2026-06-07,info,missing_source_url,,2026-03-10_attachments_j_01_01_summary_of_progress_as_of_march_6_2026,"No source_url recorded for 'data/raw/board_packets/2026-03-10_Board_of_Directors/attachments/J_01_01_Summary of Progress as of March 6, 2026.pdf'.",Record the public URL in the inventory or a source_urls.md.,open
2026-06-07,info,unknown_document_type,,2026-03-10_attachments_j_01_02_summary_3_6_26_status_chart,Document 'data/raw/board_packets/2026-03-10_Board_of_Directors/attachments/J_01_02_Summary 3.6.26 Status Chart.pdf' is unclassified (type=generic_pdf).,Classify in data/manual/document_classification_manual.csv.,open
2026-06-07,info,missing_source_url,,2026-03-10_attachments_j_01_02_summary_3_6_26_status_chart,No source_url recorded for 'data/raw/board_packets/2026-03-10_Board_of_Directors/attachments/J_01_02_Summary 3.6.26 Status Chart.pdf'.,Record the public URL in the inventory or a source_urls.md.,open
2026-06-07,info,missing_source_url,,2026-03-10_attachments_j_02_01_board_financial_leadership_update,No source_url recorded for 'data/raw/board_packets/2026-03-10_Board_of_Directors/attachments/J_02_01_Board Financial Leadership Update.pdf'.,Record the public URL in the inventory or a source_urls.md.,open
2026-06-07,info,unknown_document_type,,2026-03-10_attachments_k_01_01_proposed_budet_actions,Document 'data/raw/board_packets/2026-03-10_Board_of_Directors/attachments/K_01_01_Proposed Budet Actions.pdf' is unclassified (type=generic_pdf).,Classify in data/manual/document_classification_manual.csv.,open
2026-06-07,info,missing_source_url,,2026-03-10_attachments_k_01_01_proposed_budet_actions,No source_url recorded for 'data/raw/board_packets/2026-03-10_Board_of_Directors/attachments/K_01_01_Proposed Budet Actions.pdf'.,Record the public URL in the inventory or a source_urls.md.,open
2026-06-07,info,unknown_document_type,,2026-03-10_attachments_k_01_02_consulting_contracts,Document 'data/raw/board_packets/2026-03-10_Board_of_Directors/attachments/K_01_02_Consulting Contracts.pdf' is unclassified (type=generic_pdf).,Classify in data/manual/document_classification_manual.csv.,open
2026-06-07,info,missing_source_url,,2026-03-10_attachments_k_01_02_consulting_contracts,No source_url recorded for 'data/raw/board_packets/2026-03-10_Board_of_Directors/attachments/K_01_02_Consulting Contracts.pdf'.,Record the public URL in the inventory or a source_urls.md.,open
2026-06-07,info,unknown_document_type,,2026-03-10_attachments_l_01_01_600_policies_educational_programs,Document 'data/raw/board_packets/2026-03-10_Board_of_Directors/attachments/L_01_01_600 Policies - Educational Programs.pdf' is unclassified (type=generic_pdf).,Classify in data/manual/document_classification_manual.csv.,open
2026-06-07,info,missing_source_url,,2026-03-10_attachments_l_01_01_600_policies_educational_programs,No source_url recorded for 'data/raw/board_packets/2026-03-10_Board_of_Directors/attachments/L_01_01_600 Policies - Educational Programs.pdf'.,Record the public URL in the inventory or a source_urls.md.,open
2026-06-07,info,unknown_document_type,,2026-03-10_attachments_l_02_01_proposed_budet_actions,Document 'data/raw/board_packets/2026-03-10_Board_of_Directors/attachments/L_02_01_Proposed Budet Actions.pdf' is unclassified (type=generic_pdf).,Classify in data/manual/document_classification_manual.csv.,open
2026-06-07,info,missing_source_url,,2026-03-10_attachments_l_02_01_proposed_budet_actions,No source_url recorded for 'data/raw/board_packets/2026-03-10_Board_of_Directors/attachments/L_02_01_Proposed Budet Actions.pdf'.,Record the public URL in the inventory or a source_urls.md.,open
2026-06-07,info,unknown_document_type,,2026-03-10_attachments_l_02_02_consulting_contracts,Document 'data/raw/board_packets/2026-03-10_Board_of_Directors/attachments/L_02_02_Consulting Contracts.pdf' is unclassified (type=generic_pdf).,Classify in data/manual/document_classification_manual.csv.,open
2026-06-07,info,missing_source_url,,2026-03-10_attachments_l_02_02_consulting_contracts,No source_url recorded for 'data/raw/board_packets/2026-03-10_Board_of_Directors/attachments/L_02_02_Consulting Contracts.pdf'.,Record the public URL in the inventory or a source_urls.md.,open
2026-06-07,info,unknown_document_type,,2026-03-10_attachments_m_03_01_3_24_26_policy_governance_committee_meeting_draft,Document 'data/raw/board_packets/2026-03-10_Board_of_Directors/attachments/M_03_01_3.24.26 Policy & Governance Committee Meeting - DRAFT.pdf' is unclassified (type=generic_pdf).,Classify in data/manual/document_classification_manual.csv.,open
2026-06-07,info,missing_source_url,,2026-03-10_attachments_m_03_01_3_24_26_policy_governance_committee_meeting_draft,No source_url recorded for 'data/raw/board_packets/2026-03-10_Board_of_Directors/attachments/M_03_01_3.24.26 Policy & Governance Committee Meeting - DRAFT.pdf'.,Record the public URL in the inventory or a source_urls.md.,open
2026-06-07,info,unknown_document_type,,2026-03-10_attachments_m_03_02_3_24_26special_meeting_budget_hearing_public_hearing_on_proposed_p,Document 'data/raw/board_packets/2026-03-10_Board_of_Directors/attachments/M_03_02_3.24.26Special Meeting _Budget Hearing _ Public Hearing on Proposed P.pdf' is unclassified (type=generic_pdf).,Classify in data/manual/document_classification_manual.csv.,open
2026-06-07,info,missing_source_url,,2026-03-10_attachments_m_03_02_3_24_26special_meeting_budget_hearing_public_hearing_on_proposed_p,No source_url recorded for 'data/raw/board_packets/2026-03-10_Board_of_Directors/attachments/M_03_02_3.24.26Special Meeting _Budget Hearing _ Public Hearing on Proposed P.pdf'.,Record the public URL in the inventory or a source_urls.md.,open
2026-06-07,info,unknown_document_type,,2026-03-10_attachments_m_03_03_3_24_26_regular_meeting_of_the_board_of_directors_immediately_follo,Document 'data/raw/board_packets/2026-03-10_Board_of_Directors/attachments/M_03_03_3.24.26 Regular Meeting of the Board of Directors - Immediately Follo.pdf' is unclassified (type=generic_pdf).,Classify in data/manual/document_classification_manual.csv.,open
2026-06-07,info,missing_source_url,,2026-03-10_attachments_m_03_03_3_24_26_regular_meeting_of_the_board_of_directors_immediately_follo,No source_url recorded for 'data/raw/board_packets/2026-03-10_Board_of_Directors/attachments/M_03_03_3.24.26 Regular Meeting of the Board of Directors - Immediately Follo.pdf'.,Record the public URL in the inventory or a source_urls.md.,open
2026-06-07,info,missing_source_url,,2026-03-10_2026_03_10_board_of_directors_transcript,No source_url recorded for 'data/raw/board_packets/2026-03-10_Board_of_Directors/transcript.json'.,Record the public URL in the inventory or a source_urls.md.,open
2026-06-07,info,unknown_document_type,,2026-03-24_attachments_d_01_01_shimek_school_showca,Document 'data/raw/board_packets/2026-03-24_Board_of_Directors/attachments/D_01_01_Shimek School Showca.pdf' is unclassified (type=generic_pdf).,Classify in data/manual/document_classification_manual.csv.,open
2026-06-07,info,missing_source_url,,2026-03-24_attachments_d_01_01_shimek_school_showca,No source_url recorded for 'data/raw/board_packets/2026-03-24_Board_of_Directors/attachments/D_01_01_Shimek School Showca.pdf'.,Record the public URL in the inventory or a source_urls.md.,open
2026-06-07,info,unknown_document_type,,2026-03-24_attachments_e_01_01_notice_for_newspaper,Document 'data/raw/board_packets/2026-03-24_Board_of_Directors/attachments/E_01_01_Notice for Newspaper.pdf' is unclassified (type=generic_pdf).,Classify in data/manual/document_classification_manual.csv.,open
2026-06-07,info,missing_source_url,,2026-03-24_attachments_e_01_01_notice_for_newspaper,No source_url recorded for 'data/raw/board_packets/2026-03-24_Board_of_Directors/attachments/E_01_01_Notice for Newspaper.pdf'.,Record the public URL in the inventory or a source_urls.md.,open
2026-06-07,info,unknown_document_type,,2026-03-24_attachments_e_01_02_resolution_conveyanc,Document 'data/raw/board_packets/2026-03-24_Board_of_Directors/attachments/E_01_02_Resolution_conveyanc.pdf' is unclassified (type=generic_pdf).,Classify in data/manual/document_classification_manual.csv.,open
2026-06-07,info,missing_source_url,,2026-03-24_attachments_e_01_02_resolution_conveyanc,No source_url recorded for 'data/raw/board_packets/2026-03-24_Board_of_Directors/attachments/E_01_02_Resolution_conveyanc.pdf'.,Record the public URL in the inventory or a source_urls.md.,open
2026-06-07,info,unknown_document_type,,2026-03-24_attachments_e_01_03_iow_12142664,Document 'data/raw/board_packets/2026-03-24_Board_of_Directors/attachments/E_01_03_IOW 12142664.pdf' is unclassified (type=generic_pdf).,Classify in data/manual/document_classification_manual.csv.,open
2026-06-07,info,missing_source_url,,2026-03-24_attachments_e_01_03_iow_12142664,No source_url recorded for 'data/raw/board_packets/2026-03-24_Board_of_Directors/attachments/E_01_03_IOW 12142664.pdf'.,Record the public URL in the inventory or a source_urls.md.,open
2026-06-07,info,unknown_document_type,,2026-03-24_attachments_f_04_01_march_24_2026_board,"Document 'data/raw/board_packets/2026-03-24_Board_of_Directors/attachments/F_04_01_March 24, 2026 Board.pdf' is unclassified (type=generic_pdf).",Classify in data/manual/document_classification_manual.csv.,open
2026-06-07,info,missing_source_url,,2026-03-24_attachments_f_04_01_march_24_2026_board,"No source_url recorded for 'data/raw/board_packets/2026-03-24_Board_of_Directors/attachments/F_04_01_March 24, 2026 Board.pdf'.",Record the public URL in the inventory or a source_urls.md.,open
2026-06-07,info,unknown_document_type,,2026-03-24_attachments_f_05_01_3_24_2026_board_meet,Document 'data/raw/board_packets/2026-03-24_Board_of_Directors/attachments/F_05_01_3-24-2026 Board Meet.pdf' is unclassified (type=generic_pdf).,Classify in data/manual/document_classification_manual.csv.,open
2026-06-07,info,missing_source_url,,2026-03-24_attachments_f_05_01_3_24_2026_board_meet,No source_url recorded for 'data/raw/board_packets/2026-03-24_Board_of_Directors/attachments/F_05_01_3-24-2026 Board Meet.pdf'.,Record the public URL in the inventory or a source_urls.md.,open
2026-06-07,info,unknown_document_type,,2026-03-24_attachments_f_05_02_3_24_2026_board_meet,Document 'data/raw/board_packets/2026-03-24_Board_of_Directors/attachments/F_05_02_3-24-2026 Board Meet.pdf' is unclassified (type=generic_pdf).,Classify in data/manual/document_classification_manual.csv.,open
2026-06-07,info,missing_source_url,,2026-03-24_attachments_f_05_02_3_24_2026_board_meet,No source_url recorded for 'data/raw/board_packets/2026-03-24_Board_of_Directors/attachments/F_05_02_3-24-2026 Board Meet.pdf'.,Record the public URL in the inventory or a source_urls.md.,open
2026-06-07,info,unknown_document_type,,2026-03-24_attachments_f_06_01_iowa_city_csd_fy27_p,Document 'data/raw/board_packets/2026-03-24_Board_of_Directors/attachments/F_06_01_Iowa City CSD FY27 P.pdf' is unclassified (type=generic_pdf).,Classify in data/manual/document_classification_manual.csv.,open
2026-06-07,info,missing_source_url,,2026-03-24_attachments_f_06_01_iowa_city_csd_fy27_p,No source_url recorded for 'data/raw/board_packets/2026-03-24_Board_of_Directors/attachments/F_06_01_Iowa City CSD FY27 P.pdf'.,Record the public URL in the inventory or a source_urls.md.,open
2026-06-07,info,unknown_document_type,,2026-03-24_attachments_f_07_01_iowa_dpa_2026_1,Document 'data/raw/board_packets/2026-03-24_Board_of_Directors/attachments/F_07_01_Iowa_DPA_2026 (1).pdf' is unclassified (type=generic_pdf).,Classify in data/manual/document_classification_manual.csv.,open
2026-06-07,info,missing_source_url,,2026-03-24_attachments_f_07_01_iowa_dpa_2026_1,No source_url recorded for 'data/raw/board_packets/2026-03-24_Board_of_Directors/attachments/F_07_01_Iowa_DPA_2026 (1).pdf'.,Record the public URL in the inventory or a source_urls.md.,open
2026-06-07,info,unknown_document_type,,2026-03-24_attachments_f_09_01_summary_of_appendix,Document 'data/raw/board_packets/2026-03-24_Board_of_Directors/attachments/F_09_01_Summary of Appendix.pdf' is unclassified (type=generic_pdf).,Classify in data/manual/document_classification_manual.csv.,open
2026-06-07,info,missing_source_url,,2026-03-24_attachments_f_09_01_summary_of_appendix,No source_url recorded for 'data/raw/board_packets/2026-03-24_Board_of_Directors/attachments/F_09_01_Summary of Appendix.pdf'.,Record the public URL in the inventory or a source_urls.md.,open
2026-06-07,info,unknown_document_type,,2026-03-24_attachments_f_09_02_city_hs_baseball_s,Document 'data/raw/board_packets/2026-03-24_Board_of_Directors/attachments/F_09_02_City HS Baseball & S.pdf' is unclassified (type=generic_pdf).,Classify in data/manual/document_classification_manual.csv.,open
2026-06-07,info,missing_source_url,,2026-03-24_attachments_f_09_02_city_hs_baseball_s,No source_url recorded for 'data/raw/board_packets/2026-03-24_Board_of_Directors/attachments/F_09_02_City HS Baseball & S.pdf'.,Record the public URL in the inventory or a source_urls.md.,open
2026-06-07,info,unknown_document_type,,2026-03-24_attachments_f_09_03_west_hs_trojan_track,Document 'data/raw/board_packets/2026-03-24_Board_of_Directors/attachments/F_09_03_West HS Trojan Track.pdf' is unclassified (type=generic_pdf).,Classify in data/manual/document_classification_manual.csv.,open
2026-06-07,info,missing_source_url,,2026-03-24_attachments_f_09_03_west_hs_trojan_track,No source_url recorded for 'data/raw/board_packets/2026-03-24_Board_of_Directors/attachments/F_09_03_West HS Trojan Track.pdf'.,Record the public URL in the inventory or a source_urls.md.,open
2026-06-07,info,missing_source_url,,2026-03-24_attachments_f_09_04_capital_projects_sta,No source_url recorded for 'data/raw/board_packets/2026-03-24_Board_of_Directors/attachments/F_09_04_Capital Projects Sta.pdf'.,Record the public URL in the inventory or a source_urls.md.,open
2026-06-07,info,unknown_document_type,,2026-03-24_attachments_f_09_05_combined_appendix_9,Document 'data/raw/board_packets/2026-03-24_Board_of_Directors/attachments/F_09_05_Combined Appendix 9.pdf' is unclassified (type=generic_pdf).,Classify in data/manual/document_classification_manual.csv.,open
2026-06-07,info,missing_source_url,,2026-03-24_attachments_f_09_05_combined_appendix_9,No source_url recorded for 'data/raw/board_packets/2026-03-24_Board_of_Directors/attachments/F_09_05_Combined Appendix 9.pdf'.,Record the public URL in the inventory or a source_urls.md.,open
2026-06-07,info,unknown_document_type,,2026-03-24_attachments_f_10_01_conflict_waiver_lett,Document 'data/raw/board_packets/2026-03-24_Board_of_Directors/attachments/F_10_01_Conflict Waiver Lett.pdf' is unclassified (type=generic_pdf).,Classify in data/manual/document_classification_manual.csv.,open
2026-06-07,info,missing_source_url,,2026-03-24_attachments_f_10_01_conflict_waiver_lett,No source_url recorded for 'data/raw/board_packets/2026-03-24_Board_of_Directors/attachments/F_10_01_Conflict Waiver Lett.pdf'.,Record the public URL in the inventory or a source_urls.md.,open
2026-06-07,info,unknown_document_type,,2026-03-24_attachments_g_01_01_accounts_payable_sum,Document 'data/raw/board_packets/2026-03-24_Board_of_Directors/attachments/G_01_01_Accounts Payable Sum.pdf' is unclassified (type=generic_pdf).,Classify in data/manual/document_classification_manual.csv.,open
2026-06-07,info,missing_source_url,,2026-03-24_attachments_g_01_01_accounts_payable_sum,No source_url recorded for 'data/raw/board_packets/2026-03-24_Board_of_Directors/attachments/G_01_01_Accounts Payable Sum.pdf'.,Record the public URL in the inventory or a source_urls.md.,open
2026-06-07,info,unknown_document_type,,2026-03-24_attachments_g_01_02_3_17_26_boardreport1,Document 'data/raw/board_packets/2026-03-24_Board_of_Directors/attachments/G_01_02_3-17-26_BoardReport1.pdf' is unclassified (type=generic_pdf).,Classify in data/manual/document_classification_manual.csv.,open
2026-06-07,info,missing_source_url,,2026-03-24_attachments_g_01_02_3_17_26_boardreport1,No source_url recorded for 'data/raw/board_packets/2026-03-24_Board_of_Directors/attachments/G_01_02_3-17-26_BoardReport1.pdf'.,Record the public URL in the inventory or a source_urls.md.,open
2026-06-07,info,unknown_document_type,,2026-03-24_attachments_g_01_03_3_10_2026_boardrepor,Document 'data/raw/board_packets/2026-03-24_Board_of_Directors/attachments/G_01_03_3-10-2026_BoardRepor.pdf' is unclassified (type=generic_pdf).,Classify in data/manual/document_classification_manual.csv.,open
2026-06-07,info,missing_source_url,,2026-03-24_attachments_g_01_03_3_10_2026_boardrepor,No source_url recorded for 'data/raw/board_packets/2026-03-24_Board_of_Directors/attachments/G_01_03_3-10-2026_BoardRepor.pdf'.,Record the public URL in the inventory or a source_urls.md.,open
2026-06-07,info,unknown_document_type,,2026-03-24_attachments_i_01_01_700_policies_nonin,Document 'data/raw/board_packets/2026-03-24_Board_of_Directors/attachments/I_01_01_700 Policies – Nonin.pdf' is unclassified (type=generic_pdf).,Classify in data/manual/document_classification_manual.csv.,open
2026-06-07,info,missing_source_url,,2026-03-24_attachments_i_01_01_700_policies_nonin,No source_url recorded for 'data/raw/board_packets/2026-03-24_Board_of_Directors/attachments/I_01_01_700 Policies – Nonin.pdf'.,Record the public URL in the inventory or a source_urls.md.,open
2026-06-07,info,unknown_document_type,,2026-03-24_attachments_i_02_01_303_4_administrato,Document 'data/raw/board_packets/2026-03-24_Board_of_Directors/attachments/I_02_01_303.4 - Administrato.pdf' is unclassified (type=generic_pdf).,Classify in data/manual/document_classification_manual.csv.,open
2026-06-07,info,missing_source_url,,2026-03-24_attachments_i_02_01_303_4_administrato,No source_url recorded for 'data/raw/board_packets/2026-03-24_Board_of_Directors/attachments/I_02_01_303.4 - Administrato.pdf'.,Record the public URL in the inventory or a source_urls.md.,open
2026-06-07,info,unknown_document_type,,2026-03-24_attachments_i_02_02_303_4_administrato,Document 'data/raw/board_packets/2026-03-24_Board_of_Directors/attachments/I_02_02_303.4 - Administrato.pdf' is unclassified (type=generic_pdf).,Classify in data/manual/document_classification_manual.csv.,open
2026-06-07,info,missing_source_url,,2026-03-24_attachments_i_02_02_303_4_administrato,No source_url recorded for 'data/raw/board_packets/2026-03-24_Board_of_Directors/attachments/I_02_02_303.4 - Administrato.pdf'.,Record the public URL in the inventory or a source_urls.md.,open
2026-06-07,info,unknown_document_type,,2026-03-24_attachments_i_02_03_303_4_administrato,Document 'data/raw/board_packets/2026-03-24_Board_of_Directors/attachments/I_02_03_303.4 - Administrato.pdf' is unclassified (type=generic_pdf).,Classify in data/manual/document_classification_manual.csv.,open
2026-06-07,info,missing_source_url,,2026-03-24_attachments_i_02_03_303_4_administrato,No source_url recorded for 'data/raw/board_packets/2026-03-24_Board_of_Directors/attachments/I_02_03_303.4 - Administrato.pdf'.,Record the public URL in the inventory or a source_urls.md.,open
2026-06-07,info,unknown_document_type,,2026-03-24_attachments_i_03_01_200_3g4_financial,Document 'data/raw/board_packets/2026-03-24_Board_of_Directors/attachments/I_03_01_200.3G4 - Financial.pdf' is unclassified (type=generic_pdf).,Classify in data/manual/document_classification_manual.csv.,open
2026-06-07,info,missing_source_url,,2026-03-24_attachments_i_03_01_200_3g4_financial,No source_url recorded for 'data/raw/board_packets/2026-03-24_Board_of_Directors/attachments/I_03_01_200.3G4 - Financial.pdf'.,Record the public URL in the inventory or a source_urls.md.,open
2026-06-07,info,unknown_document_type,,2026-03-24_attachments_j_01_01_interim_chief_operat,Document 'data/raw/board_packets/2026-03-24_Board_of_Directors/attachments/J_01_01_Interim Chief Operat.pdf' is unclassified (type=generic_pdf).,Classify in data/manual/document_classification_manual.csv.,open
2026-06-07,info,missing_source_url,,2026-03-24_attachments_j_01_01_interim_chief_operat,No source_url recorded for 'data/raw/board_packets/2026-03-24_Board_of_Directors/attachments/J_01_01_Interim Chief Operat.pdf'.,Record the public URL in the inventory or a source_urls.md.,open
2026-06-07,info,unknown_document_type,,2026-03-24_attachments_j_01_02_interim_chief_financ,Document 'data/raw/board_packets/2026-03-24_Board_of_Directors/attachments/J_01_02_Interim Chief Financ.pdf' is unclassified (type=generic_pdf).,Classify in data/manual/document_classification_manual.csv.,open
2026-06-07,info,missing_source_url,,2026-03-24_attachments_j_01_02_interim_chief_financ,No source_url recorded for 'data/raw/board_packets/2026-03-24_Board_of_Directors/attachments/J_01_02_Interim Chief Financ.pdf'.,Record the public URL in the inventory or a source_urls.md.,open
2026-06-07,info,unknown_document_type,,2026-03-24_attachments_j_01_03_summary_3_14_26_stat,Document 'data/raw/board_packets/2026-03-24_Board_of_Directors/attachments/J_01_03_Summary 3.14.26 Stat.pdf' is unclassified (type=generic_pdf).,Classify in data/manual/document_classification_manual.csv.,open
2026-06-07,info,missing_source_url,,2026-03-24_attachments_j_01_03_summary_3_14_26_stat,No source_url recorded for 'data/raw/board_packets/2026-03-24_Board_of_Directors/attachments/J_01_03_Summary 3.14.26 Stat.pdf'.,Record the public URL in the inventory or a source_urls.md.,open
2026-06-07,info,unknown_document_type,,2026-03-24_attachments_j_01_04_interfund_correction,Document 'data/raw/board_packets/2026-03-24_Board_of_Directors/attachments/J_01_04_Interfund correction.xlsx' is unclassified (type=generic_excel).,Classify in data/manual/document_classification_manual.csv.,open
2026-06-07,info,missing_source_url,,2026-03-24_attachments_j_01_04_interfund_correction,No source_url recorded for 'data/raw/board_packets/2026-03-24_Board_of_Directors/attachments/J_01_04_Interfund correction.xlsx'.,Record the public URL in the inventory or a source_urls.md.,open
2026-06-07,info,unknown_document_type,,2026-03-24_attachments_j_01_05_235_2024_pbc_listing,Document 'data/raw/board_packets/2026-03-24_Board_of_Directors/attachments/J_01_05_235 2024 PBC Listing.pdf' is unclassified (type=generic_pdf).,Classify in data/manual/document_classification_manual.csv.,open
2026-06-07,info,missing_source_url,,2026-03-24_attachments_j_01_05_235_2024_pbc_listing,No source_url recorded for 'data/raw/board_packets/2026-03-24_Board_of_Directors/attachments/J_01_05_235 2024 PBC Listing.pdf'.,Record the public URL in the inventory or a source_urls.md.,open
2026-06-07,info,unknown_document_type,,2026-03-24_attachments_j_02_01_board_financial_lead,Document 'data/raw/board_packets/2026-03-24_Board_of_Directors/attachments/J_02_01_Board Financial lead.pdf' is unclassified (type=generic_pdf).,Classify in data/manual/document_classification_manual.csv.,open
2026-06-07,info,missing_source_url,,2026-03-24_attachments_j_02_01_board_financial_lead,No source_url recorded for 'data/raw/board_packets/2026-03-24_Board_of_Directors/attachments/J_02_01_Board Financial lead.pdf'.,Record the public URL in the inventory or a source_urls.md.,open
2026-06-07,info,unknown_document_type,,2026-03-24_attachments_j_04_01_resolution_decalring,Document 'data/raw/board_packets/2026-03-24_Board_of_Directors/attachments/J_04_01_Resolution Decalring.pdf' is unclassified (type=generic_pdf).,Classify in data/manual/document_classification_manual.csv.,open
2026-06-07,info,missing_source_url,,2026-03-24_attachments_j_04_01_resolution_decalring,No source_url recorded for 'data/raw/board_packets/2026-03-24_Board_of_Directors/attachments/J_04_01_Resolution Decalring.pdf'.,Record the public URL in the inventory or a source_urls.md.,open
2026-06-07,info,unknown_document_type,,2026-03-24_attachments_k_01_01_fy27_certified_budge,Document 'data/raw/board_packets/2026-03-24_Board_of_Directors/attachments/K_01_01_FY27 Certified Budge.pdf' is unclassified (type=generic_pdf).,Classify in data/manual/document_classification_manual.csv.,open
2026-06-07,info,missing_source_url,,2026-03-24_attachments_k_01_01_fy27_certified_budge,No source_url recorded for 'data/raw/board_packets/2026-03-24_Board_of_Directors/attachments/K_01_01_FY27 Certified Budge.pdf'.,Record the public URL in the inventory or a source_urls.md.,open
2026-06-07,info,unknown_document_type,,2026-03-24_attachments_k_02_01_capital_outlay_borro,Document 'data/raw/board_packets/2026-03-24_Board_of_Directors/attachments/K_02_01_Capital Outlay Borro.pdf' is unclassified (type=generic_pdf).,Classify in data/manual/document_classification_manual.csv.,open
2026-06-07,info,missing_source_url,,2026-03-24_attachments_k_02_01_capital_outlay_borro,No source_url recorded for 'data/raw/board_packets/2026-03-24_Board_of_Directors/attachments/K_02_01_Capital Outlay Borro.pdf'.,Record the public URL in the inventory or a source_urls.md.,open
2026-06-07,info,unknown_document_type,,2026-03-24_attachments_k_02_02_capital_outlay_ant,Document 'data/raw/board_packets/2026-03-24_Board_of_Directors/attachments/K_02_02_Capital Outlay & Ant.pdf' is unclassified (type=generic_pdf).,Classify in data/manual/document_classification_manual.csv.,open
2026-06-07,info,missing_source_url,,2026-03-24_attachments_k_02_02_capital_outlay_ant,No source_url recorded for 'data/raw/board_packets/2026-03-24_Board_of_Directors/attachments/K_02_02_Capital Outlay & Ant.pdf'.,Record the public URL in the inventory or a source_urls.md.,open
2026-06-07,info,unknown_document_type,,2026-03-24_attachments_l_01_01_proposed_budet_actio,Document 'data/raw/board_packets/2026-03-24_Board_of_Directors/attachments/L_01_01_Proposed Budet Actio.pdf' is unclassified (type=generic_pdf).,Classify in data/manual/document_classification_manual.csv.,open
2026-06-07,info,missing_source_url,,2026-03-24_attachments_l_01_01_proposed_budet_actio,No source_url recorded for 'data/raw/board_packets/2026-03-24_Board_of_Directors/attachments/L_01_01_Proposed Budet Actio.pdf'.,Record the public URL in the inventory or a source_urls.md.,open
2026-06-07,info,unknown_document_type,,2026-03-24_attachments_l_03_01_iccsd_cover_letter_3,Document 'data/raw/board_packets/2026-03-24_Board_of_Directors/attachments/L_03_01_ICCSD Cover Letter 3.pdf' is unclassified (type=generic_pdf).,Classify in data/manual/document_classification_manual.csv.,open
2026-06-07,info,missing_source_url,,2026-03-24_attachments_l_03_01_iccsd_cover_letter_3,No source_url recorded for 'data/raw/board_packets/2026-03-24_Board_of_Directors/attachments/L_03_01_ICCSD Cover Letter 3.pdf'.,Record the public URL in the inventory or a source_urls.md.,open
2026-06-07,info,unknown_document_type,,2026-03-24_attachments_l_03_02_exhibit_2a_2b_ex,Document 'data/raw/board_packets/2026-03-24_Board_of_Directors/attachments/L_03_02_Exhibit 2a & 2b - Ex.pdf' is unclassified (type=generic_pdf).,Classify in data/manual/document_classification_manual.csv.,open
2026-06-07,info,missing_source_url,,2026-03-24_attachments_l_03_02_exhibit_2a_2b_ex,No source_url recorded for 'data/raw/board_packets/2026-03-24_Board_of_Directors/attachments/L_03_02_Exhibit 2a & 2b - Ex.pdf'.,Record the public URL in the inventory or a source_urls.md.,open
2026-06-07,info,unknown_document_type,,2026-03-24_attachments_l_03_03_exhibit_2c_budget,Document 'data/raw/board_packets/2026-03-24_Board_of_Directors/attachments/L_03_03_Exhibit 2c - Budget.pdf' is unclassified (type=generic_pdf).,Classify in data/manual/document_classification_manual.csv.,open
2026-06-07,info,missing_source_url,,2026-03-24_attachments_l_03_03_exhibit_2c_budget,No source_url recorded for 'data/raw/board_packets/2026-03-24_Board_of_Directors/attachments/L_03_03_Exhibit 2c - Budget.pdf'.,Record the public URL in the inventory or a source_urls.md.,open
2026-06-07,info,unknown_document_type,,2026-03-24_attachments_l_03_04_exhibit_2d_februar,Document 'data/raw/board_packets/2026-03-24_Board_of_Directors/attachments/L_03_04_Exhibit 2d - Februar.pdf' is unclassified (type=generic_pdf).,Classify in data/manual/document_classification_manual.csv.,open
2026-06-07,info,missing_source_url,,2026-03-24_attachments_l_03_04_exhibit_2d_februar,No source_url recorded for 'data/raw/board_packets/2026-03-24_Board_of_Directors/attachments/L_03_04_Exhibit 2d - Februar.pdf'.,Record the public URL in the inventory or a source_urls.md.,open
2026-06-07,info,unknown_document_type,,2026-03-24_attachments_l_03_05_exhibit_2e_februar,Document 'data/raw/board_packets/2026-03-24_Board_of_Directors/attachments/L_03_05_Exhibit 2e - Februar.pdf' is unclassified (type=generic_pdf).,Classify in data/manual/document_classification_manual.csv.,open
2026-06-07,info,missing_source_url,,2026-03-24_attachments_l_03_05_exhibit_2e_februar,No source_url recorded for 'data/raw/board_packets/2026-03-24_Board_of_Directors/attachments/L_03_05_Exhibit 2e - Februar.pdf'.,Record the public URL in the inventory or a source_urls.md.,open
2026-06-07,info,unknown_document_type,,2026-03-24_attachments_l_03_06_exhibit_2f_februar,Document 'data/raw/board_packets/2026-03-24_Board_of_Directors/attachments/L_03_06_Exhibit 2f - Februar.pdf' is unclassified (type=generic_pdf).,Classify in data/manual/document_classification_manual.csv.,open
2026-06-07,info,missing_source_url,,2026-03-24_attachments_l_03_06_exhibit_2f_februar,No source_url recorded for 'data/raw/board_packets/2026-03-24_Board_of_Directors/attachments/L_03_06_Exhibit 2f - Februar.pdf'.,Record the public URL in the inventory or a source_urls.md.,open
2026-06-07,info,unknown_document_type,,2026-03-24_attachments_l_03_07_exhibit_2g_march_3,Document 'data/raw/board_packets/2026-03-24_Board_of_Directors/attachments/L_03_07_Exhibit 2g - March 3.pdf' is unclassified (type=generic_pdf).,Classify in data/manual/document_classification_manual.csv.,open
2026-06-07,info,missing_source_url,,2026-03-24_attachments_l_03_07_exhibit_2g_march_3,No source_url recorded for 'data/raw/board_packets/2026-03-24_Board_of_Directors/attachments/L_03_07_Exhibit 2g - March 3.pdf'.,Record the public URL in the inventory or a source_urls.md.,open
2026-06-07,info,unknown_document_type,,2026-03-24_attachments_l_03_08_exhibit_2h_march_1,Document 'data/raw/board_packets/2026-03-24_Board_of_Directors/attachments/L_03_08_Exhibit 2h - March 1.pdf' is unclassified (type=generic_pdf).,Classify in data/manual/document_classification_manual.csv.,open
2026-06-07,info,missing_source_url,,2026-03-24_attachments_l_03_08_exhibit_2h_march_1,No source_url recorded for 'data/raw/board_packets/2026-03-24_Board_of_Directors/attachments/L_03_08_Exhibit 2h - March 1.pdf'.,Record the public URL in the inventory or a source_urls.md.,open
2026-06-07,info,unknown_document_type,,2026-03-24_attachments_l_03_09_exhibit_2j_board_a,Document 'data/raw/board_packets/2026-03-24_Board_of_Directors/attachments/L_03_09_Exhibit 2j - Board A.pdf' is unclassified (type=generic_pdf).,Classify in data/manual/document_classification_manual.csv.,open
2026-06-07,info,missing_source_url,,2026-03-24_attachments_l_03_09_exhibit_2j_board_a,No source_url recorded for 'data/raw/board_packets/2026-03-24_Board_of_Directors/attachments/L_03_09_Exhibit 2j - Board A.pdf'.,Record the public URL in the inventory or a source_urls.md.,open
2026-06-07,info,unknown_document_type,,2026-03-24_attachments_l_03_10_exhibit_2k_five_ye,Document 'data/raw/board_packets/2026-03-24_Board_of_Directors/attachments/L_03_10_Exhibit 2k - Five Ye.pdf' is unclassified (type=generic_pdf).,Classify in data/manual/document_classification_manual.csv.,open
2026-06-07,info,missing_source_url,,2026-03-24_attachments_l_03_10_exhibit_2k_five_ye,No source_url recorded for 'data/raw/board_packets/2026-03-24_Board_of_Directors/attachments/L_03_10_Exhibit 2k - Five Ye.pdf'.,Record the public URL in the inventory or a source_urls.md.,open
2026-06-07,info,unknown_document_type,,2026-03-24_attachments_l_04_01_fy27_budget_guarante,Document 'data/raw/board_packets/2026-03-24_Board_of_Directors/attachments/L_04_01_FY27 Budget Guarante.pdf' is unclassified (type=generic_pdf).,Classify in data/manual/document_classification_manual.csv.,open
2026-06-07,info,missing_source_url,,2026-03-24_attachments_l_04_01_fy27_budget_guarante,No source_url recorded for 'data/raw/board_packets/2026-03-24_Board_of_Directors/attachments/L_04_01_FY27 Budget Guarante.pdf'.,Record the public URL in the inventory or a source_urls.md.,open
2026-06-07,info,unknown_document_type,,2026-03-24_attachments_l_05_01_3_second_resolutio,Document 'data/raw/board_packets/2026-03-24_Board_of_Directors/attachments/L_05_01_(3) Second Resolutio.pdf' is unclassified (type=generic_pdf).,Classify in data/manual/document_classification_manual.csv.,open
2026-06-07,info,missing_source_url,,2026-03-24_attachments_l_05_01_3_second_resolutio,No source_url recorded for 'data/raw/board_packets/2026-03-24_Board_of_Directors/attachments/L_05_01_(3) Second Resolutio.pdf'.,Record the public URL in the inventory or a source_urls.md.,open
2026-06-07,info,unknown_document_type,,2026-03-24_attachments_l_05_02_4_affidavit_and_re,Document 'data/raw/board_packets/2026-03-24_Board_of_Directors/attachments/L_05_02_(4) Affidavit and Re.pdf' is unclassified (type=generic_pdf).,Classify in data/manual/document_classification_manual.csv.,open
2026-06-07,info,missing_source_url,,2026-03-24_attachments_l_05_02_4_affidavit_and_re,No source_url recorded for 'data/raw/board_packets/2026-03-24_Board_of_Directors/attachments/L_05_02_(4) Affidavit and Re.pdf'.,Record the public URL in the inventory or a source_urls.md.,open
2026-06-07,info,unknown_document_type,,2026-03-24_attachments_l_06_01_resolution_decalring,Document 'data/raw/board_packets/2026-03-24_Board_of_Directors/attachments/L_06_01_Resolution Decalring.pdf' is unclassified (type=generic_pdf).,Classify in data/manual/document_classification_manual.csv.,open
2026-06-07,info,missing_source_url,,2026-03-24_attachments_l_06_01_resolution_decalring,No source_url recorded for 'data/raw/board_packets/2026-03-24_Board_of_Directors/attachments/L_06_01_Resolution Decalring.pdf'.,Record the public URL in the inventory or a source_urls.md.,open
2026-06-07,info,unknown_document_type,,2026-03-24_attachments_m_02_01_4_1_26_board_work_se,Document 'data/raw/board_packets/2026-03-24_Board_of_Directors/attachments/M_02_01_4.1.26 Board Work Se.pdf' is unclassified (type=generic_pdf).,Classify in data/manual/document_classification_manual.csv.,open
2026-06-07,info,missing_source_url,,2026-03-24_attachments_m_02_01_4_1_26_board_work_se,No source_url recorded for 'data/raw/board_packets/2026-03-24_Board_of_Directors/attachments/M_02_01_4.1.26 Board Work Se.pdf'.,Record the public URL in the inventory or a source_urls.md.,open
2026-06-07,info,unknown_document_type,,2026-03-24_attachments_m_02_02_4_14_26_board_work_s,Document 'data/raw/board_packets/2026-03-24_Board_of_Directors/attachments/M_02_02_4.14.26 Board Work S.pdf' is unclassified (type=generic_pdf).,Classify in data/manual/document_classification_manual.csv.,open
2026-06-07,info,missing_source_url,,2026-03-24_attachments_m_02_02_4_14_26_board_work_s,No source_url recorded for 'data/raw/board_packets/2026-03-24_Board_of_Directors/attachments/M_02_02_4.14.26 Board Work S.pdf'.,Record the public URL in the inventory or a source_urls.md.,open
2026-06-07,info,unknown_document_type,,2026-03-24_attachments_m_02_03_4_14_26_regular_boar,Document 'data/raw/board_packets/2026-03-24_Board_of_Directors/attachments/M_02_03_4.14.26 Regular Boar.pdf' is unclassified (type=generic_pdf).,Classify in data/manual/document_classification_manual.csv.,open
2026-06-07,info,missing_source_url,,2026-03-24_attachments_m_02_03_4_14_26_regular_boar,No source_url recorded for 'data/raw/board_packets/2026-03-24_Board_of_Directors/attachments/M_02_03_4.14.26 Regular Boar.pdf'.,Record the public URL in the inventory or a source_urls.md.,open
2026-06-07,info,missing_source_url,,2026-03-24_2026_03_24_board_of_directors_transcript,No source_url recorded for 'data/raw/board_packets/2026-03-24_Board_of_Directors/transcript.json'.,Record the public URL in the inventory or a source_urls.md.,open
2026-06-07,info,unknown_document_type,,2026-04-14_attachments_700_policies_noninstructional_operations_business_services,Document 'data/raw/board_packets/2026-04-14_Board_of_Directors/attachments/700 Policies – Noninstructional Operations & Business Services.pdf' is unclassified (type=generic_pdf).,Classify in data/manual/document_classification_manual.csv.,open
2026-06-07,info,missing_source_url,,2026-04-14_attachments_700_policies_noninstructional_operations_business_services,No source_url recorded for 'data/raw/board_packets/2026-04-14_Board_of_Directors/attachments/700 Policies – Noninstructional Operations & Business Services.pdf'.,Record the public URL in the inventory or a source_urls.md.,open
2026-06-07,info,unknown_document_type,,2026-04-14_attachments_d_01_01_april_school_board_video,Document 'data/raw/board_packets/2026-04-14_Board_of_Directors/attachments/D_01_01_April School Board Video.mp4' is unclassified (type=none).,Classify in data/manual/document_classification_manual.csv.,open
2026-06-07,info,missing_source_url,,2026-04-14_attachments_d_01_01_april_school_board_video,No source_url recorded for 'data/raw/board_packets/2026-04-14_Board_of_Directors/attachments/D_01_01_April School Board Video.mp4'.,Record the public URL in the inventory or a source_urls.md.,open
2026-06-07,info,missing_source_url,,2026-04-14_attachments_fy23_internal_control_audit_findings_and_corrective_actions,No source_url recorded for 'data/raw/board_packets/2026-04-14_Board_of_Directors/attachments/FY23 Internal Control Audit Findings and Corrective Actions.pdf'.,Record the public URL in the inventory or a source_urls.md.,open
2026-06-07,info,unknown_document_type,,2026-04-14_attachments_f_05_01_accounts_payable_summaries_20260414,Document 'data/raw/board_packets/2026-04-14_Board_of_Directors/attachments/F_05_01_Accounts Payable Summaries 20260414.pdf' is unclassified (type=generic_pdf).,Classify in data/manual/document_classification_manual.csv.,open
2026-06-07,info,missing_source_url,,2026-04-14_attachments_f_05_01_accounts_payable_summaries_20260414,No source_url recorded for 'data/raw/board_packets/2026-04-14_Board_of_Directors/attachments/F_05_01_Accounts Payable Summaries 20260414.pdf'.,Record the public URL in the inventory or a source_urls.md.,open
2026-06-07,info,unknown_document_type,,2026-04-14_attachments_f_05_02_3_31_2026_boardreport10003,Document 'data/raw/board_packets/2026-04-14_Board_of_Directors/attachments/F_05_02_3-31-2026 BoardReport10003.pdf' is unclassified (type=generic_pdf).,Classify in data/manual/document_classification_manual.csv.,open
2026-06-07,info,missing_source_url,,2026-04-14_attachments_f_05_02_3_31_2026_boardreport10003,No source_url recorded for 'data/raw/board_packets/2026-04-14_Board_of_Directors/attachments/F_05_02_3-31-2026 BoardReport10003.pdf'.,Record the public URL in the inventory or a source_urls.md.,open
2026-06-07,info,unknown_document_type,,2026-04-14_attachments_f_05_03_3_24_2026_boardreport10003,Document 'data/raw/board_packets/2026-04-14_Board_of_Directors/attachments/F_05_03_3-24-2026 BoardReport10003.pdf' is unclassified (type=generic_pdf).,Classify in data/manual/document_classification_manual.csv.,open
2026-06-07,info,missing_source_url,,2026-04-14_attachments_f_05_03_3_24_2026_boardreport10003,No source_url recorded for 'data/raw/board_packets/2026-04-14_Board_of_Directors/attachments/F_05_03_3-24-2026 BoardReport10003.pdf'.,Record the public URL in the inventory or a source_urls.md.,open
2026-06-07,info,unknown_document_type,,2026-04-14_attachments_f_05_04_4_7_2026_boardreport10003,Document 'data/raw/board_packets/2026-04-14_Board_of_Directors/attachments/F_05_04_4-7-2026 BoardReport10003.pdf' is unclassified (type=generic_pdf).,Classify in data/manual/document_classification_manual.csv.,open
2026-06-07,info,missing_source_url,,2026-04-14_attachments_f_05_04_4_7_2026_boardreport10003,No source_url recorded for 'data/raw/board_packets/2026-04-14_Board_of_Directors/attachments/F_05_04_4-7-2026 BoardReport10003.pdf'.,Record the public URL in the inventory or a source_urls.md.,open
2026-06-07,info,unknown_document_type,,2026-04-14_attachments_f_05_05_bmo_transactions_120625_010526,Document 'data/raw/board_packets/2026-04-14_Board_of_Directors/attachments/F_05_05_BMO Transactions 120625-010526.pdf' is unclassified (type=generic_pdf).,Classify in data/manual/document_classification_manual.csv.,open
2026-06-07,info,missing_source_url,,2026-04-14_attachments_f_05_05_bmo_transactions_120625_010526,No source_url recorded for 'data/raw/board_packets/2026-04-14_Board_of_Directors/attachments/F_05_05_BMO Transactions 120625-010526.pdf'.,Record the public URL in the inventory or a source_urls.md.,open
2026-06-07,info,unknown_document_type,,2026-04-14_attachments_f_05_06_bmo_transactions_020626_030526,Document 'data/raw/board_packets/2026-04-14_Board_of_Directors/attachments/F_05_06_BMO Transactions 020626-030526.pdf' is unclassified (type=generic_pdf).,Classify in data/manual/document_classification_manual.csv.,open
2026-06-07,info,missing_source_url,,2026-04-14_attachments_f_05_06_bmo_transactions_020626_030526,No source_url recorded for 'data/raw/board_packets/2026-04-14_Board_of_Directors/attachments/F_05_06_BMO Transactions 020626-030526.pdf'.,Record the public URL in the inventory or a source_urls.md.,open
2026-06-07,info,unknown_document_type,,2026-04-14_attachments_f_05_07_bmo_transactions_030626_042626,Document 'data/raw/board_packets/2026-04-14_Board_of_Directors/attachments/F_05_07_BMO Transactions 030626-042626.pdf' is unclassified (type=generic_pdf).,Classify in data/manual/document_classification_manual.csv.,open
2026-06-07,info,missing_source_url,,2026-04-14_attachments_f_05_07_bmo_transactions_030626_042626,No source_url recorded for 'data/raw/board_packets/2026-04-14_Board_of_Directors/attachments/F_05_07_BMO Transactions 030626-042626.pdf'.,Record the public URL in the inventory or a source_urls.md.,open
2026-06-07,info,unknown_document_type,,2026-04-14_attachments_f_05_08_bmo_statement_9199_20260405,Document 'data/raw/board_packets/2026-04-14_Board_of_Directors/attachments/F_05_08_BMO_Statement_9199_20260405.pdf' is unclassified (type=generic_pdf).,Classify in data/manual/document_classification_manual.csv.,open
2026-06-07,info,missing_source_url,,2026-04-14_attachments_f_05_08_bmo_statement_9199_20260405,No source_url recorded for 'data/raw/board_packets/2026-04-14_Board_of_Directors/attachments/F_05_08_BMO_Statement_9199_20260405.pdf'.,Record the public URL in the inventory or a source_urls.md.,open
2026-06-07,info,unknown_document_type,,2026-04-14_attachments_f_05_09_bmo_statement_6555_20260405,Document 'data/raw/board_packets/2026-04-14_Board_of_Directors/attachments/F_05_09_BMO_Statement_6555_20260405.pdf' is unclassified (type=generic_pdf).,Classify in data/manual/document_classification_manual.csv.,open
2026-06-07,info,missing_source_url,,2026-04-14_attachments_f_05_09_bmo_statement_6555_20260405,No source_url recorded for 'data/raw/board_packets/2026-04-14_Board_of_Directors/attachments/F_05_09_BMO_Statement_6555_20260405.pdf'.,Record the public URL in the inventory or a source_urls.md.,open
2026-06-07,info,unknown_document_type,,2026-04-14_attachments_f_05_10_bmo_transactions_120624_010525,Document 'data/raw/board_packets/2026-04-14_Board_of_Directors/attachments/F_05_10_BMO Transactions 120624-010525.pdf' is unclassified (type=generic_pdf).,Classify in data/manual/document_classification_manual.csv.,open
2026-06-07,info,missing_source_url,,2026-04-14_attachments_f_05_10_bmo_transactions_120624_010525,No source_url recorded for 'data/raw/board_packets/2026-04-14_Board_of_Directors/attachments/F_05_10_BMO Transactions 120624-010525.pdf'.,Record the public URL in the inventory or a source_urls.md.,open
2026-06-07,info,unknown_document_type,,2026-04-14_attachments_f_05_11_bmo_transactions_010625_020525,Document 'data/raw/board_packets/2026-04-14_Board_of_Directors/attachments/F_05_11_BMO Transactions 010625-020525.pdf' is unclassified (type=generic_pdf).,Classify in data/manual/document_classification_manual.csv.,open
2026-06-07,info,missing_source_url,,2026-04-14_attachments_f_05_11_bmo_transactions_010625_020525,No source_url recorded for 'data/raw/board_packets/2026-04-14_Board_of_Directors/attachments/F_05_11_BMO Transactions 010625-020525.pdf'.,Record the public URL in the inventory or a source_urls.md.,open
2026-06-07,info,unknown_document_type,,2026-04-14_attachments_f_05_12_bmo_transactions_020625_030525,Document 'data/raw/board_packets/2026-04-14_Board_of_Directors/attachments/F_05_12_BMO Transactions 020625-030525.pdf' is unclassified (type=generic_pdf).,Classify in data/manual/document_classification_manual.csv.,open
2026-06-07,info,missing_source_url,,2026-04-14_attachments_f_05_12_bmo_transactions_020625_030525,No source_url recorded for 'data/raw/board_packets/2026-04-14_Board_of_Directors/attachments/F_05_12_BMO Transactions 020625-030525.pdf'.,Record the public URL in the inventory or a source_urls.md.,open
2026-06-07,info,unknown_document_type,,2026-04-14_attachments_f_05_13_bmo_transactions_030625_040525,Document 'data/raw/board_packets/2026-04-14_Board_of_Directors/attachments/F_05_13_BMO Transactions 030625-040525.pdf' is unclassified (type=generic_pdf).,Classify in data/manual/document_classification_manual.csv.,open
2026-06-07,info,missing_source_url,,2026-04-14_attachments_f_05_13_bmo_transactions_030625_040525,No source_url recorded for 'data/raw/board_packets/2026-04-14_Board_of_Directors/attachments/F_05_13_BMO Transactions 030625-040525.pdf'.,Record the public URL in the inventory or a source_urls.md.,open
2026-06-07,info,unknown_document_type,,2026-04-14_attachments_f_05_14_bmo_transactions_040625_050525,Document 'data/raw/board_packets/2026-04-14_Board_of_Directors/attachments/F_05_14_BMO Transactions 040625-050525.pdf' is unclassified (type=generic_pdf).,Classify in data/manual/document_classification_manual.csv.,open
2026-06-07,info,missing_source_url,,2026-04-14_attachments_f_05_14_bmo_transactions_040625_050525,No source_url recorded for 'data/raw/board_packets/2026-04-14_Board_of_Directors/attachments/F_05_14_BMO Transactions 040625-050525.pdf'.,Record the public URL in the inventory or a source_urls.md.,open
2026-06-07,info,unknown_document_type,,2026-04-14_attachments_f_05_15_bmo_transactions_050625_060525,Document 'data/raw/board_packets/2026-04-14_Board_of_Directors/attachments/F_05_15_BMO Transactions 050625-060525.pdf' is unclassified (type=generic_pdf).,Classify in data/manual/document_classification_manual.csv.,open
2026-06-07,info,missing_source_url,,2026-04-14_attachments_f_05_15_bmo_transactions_050625_060525,No source_url recorded for 'data/raw/board_packets/2026-04-14_Board_of_Directors/attachments/F_05_15_BMO Transactions 050625-060525.pdf'.,Record the public URL in the inventory or a source_urls.md.,open
2026-06-07,info,unknown_document_type,,2026-04-14_attachments_f_05_16_bmo_transactions_060625_070525,Document 'data/raw/board_packets/2026-04-14_Board_of_Directors/attachments/F_05_16_BMO Transactions 060625-070525.pdf' is unclassified (type=generic_pdf).,Classify in data/manual/document_classification_manual.csv.,open
2026-06-07,info,missing_source_url,,2026-04-14_attachments_f_05_16_bmo_transactions_060625_070525,No source_url recorded for 'data/raw/board_packets/2026-04-14_Board_of_Directors/attachments/F_05_16_BMO Transactions 060625-070525.pdf'.,Record the public URL in the inventory or a source_urls.md.,open
2026-06-07,info,unknown_document_type,,2026-04-14_attachments_f_05_17_bmo_transactions_070625_080525,Document 'data/raw/board_packets/2026-04-14_Board_of_Directors/attachments/F_05_17_BMO Transactions 070625-080525.pdf' is unclassified (type=generic_pdf).,Classify in data/manual/document_classification_manual.csv.,open
2026-06-07,info,missing_source_url,,2026-04-14_attachments_f_05_17_bmo_transactions_070625_080525,No source_url recorded for 'data/raw/board_packets/2026-04-14_Board_of_Directors/attachments/F_05_17_BMO Transactions 070625-080525.pdf'.,Record the public URL in the inventory or a source_urls.md.,open
2026-06-07,info,unknown_document_type,,2026-04-14_attachments_f_05_18_bmo_transactions_080625_090525,Document 'data/raw/board_packets/2026-04-14_Board_of_Directors/attachments/F_05_18_BMO Transactions 080625-090525.pdf' is unclassified (type=generic_pdf).,Classify in data/manual/document_classification_manual.csv.,open
2026-06-07,info,missing_source_url,,2026-04-14_attachments_f_05_18_bmo_transactions_080625_090525,No source_url recorded for 'data/raw/board_packets/2026-04-14_Board_of_Directors/attachments/F_05_18_BMO Transactions 080625-090525.pdf'.,Record the public URL in the inventory or a source_urls.md.,open
2026-06-07,info,unknown_document_type,,2026-04-14_attachments_f_05_19_bmo_transactions_090625_100525,Document 'data/raw/board_packets/2026-04-14_Board_of_Directors/attachments/F_05_19_BMO Transactions 090625-100525.pdf' is unclassified (type=generic_pdf).,Classify in data/manual/document_classification_manual.csv.,open
2026-06-07,info,missing_source_url,,2026-04-14_attachments_f_05_19_bmo_transactions_090625_100525,No source_url recorded for 'data/raw/board_packets/2026-04-14_Board_of_Directors/attachments/F_05_19_BMO Transactions 090625-100525.pdf'.,Record the public URL in the inventory or a source_urls.md.,open
2026-06-07,info,unknown_document_type,,2026-04-14_attachments_f_05_20_bmo_transactions_100625_110525,Document 'data/raw/board_packets/2026-04-14_Board_of_Directors/attachments/F_05_20_BMO Transactions 100625-110525.pdf' is unclassified (type=generic_pdf).,Classify in data/manual/document_classification_manual.csv.,open
2026-06-07,info,missing_source_url,,2026-04-14_attachments_f_05_20_bmo_transactions_100625_110525,No source_url recorded for 'data/raw/board_packets/2026-04-14_Board_of_Directors/attachments/F_05_20_BMO Transactions 100625-110525.pdf'.,Record the public URL in the inventory or a source_urls.md.,open
2026-06-07,info,unknown_document_type,,2026-04-14_attachments_f_05_21_bmo_transactions_110625_120525,Document 'data/raw/board_packets/2026-04-14_Board_of_Directors/attachments/F_05_21_BMO Transactions 110625-120525.pdf' is unclassified (type=generic_pdf).,Classify in data/manual/document_classification_manual.csv.,open
2026-06-07,info,missing_source_url,,2026-04-14_attachments_f_05_21_bmo_transactions_110625_120525,No source_url recorded for 'data/raw/board_packets/2026-04-14_Board_of_Directors/attachments/F_05_21_BMO Transactions 110625-120525.pdf'.,Record the public URL in the inventory or a source_urls.md.,open
2026-06-07,info,unknown_document_type,,2026-04-14_attachments_f_05_22_bmo_transactions_120623_010524,Document 'data/raw/board_packets/2026-04-14_Board_of_Directors/attachments/F_05_22_BMO Transactions 120623-010524.pdf' is unclassified (type=generic_pdf).,Classify in data/manual/document_classification_manual.csv.,open
2026-06-07,info,missing_source_url,,2026-04-14_attachments_f_05_22_bmo_transactions_120623_010524,No source_url recorded for 'data/raw/board_packets/2026-04-14_Board_of_Directors/attachments/F_05_22_BMO Transactions 120623-010524.pdf'.,Record the public URL in the inventory or a source_urls.md.,open
2026-06-07,info,unknown_document_type,,2026-04-14_attachments_f_05_23_bmo_transactions_010624_020524,Document 'data/raw/board_packets/2026-04-14_Board_of_Directors/attachments/F_05_23_BMO Transactions 010624-020524.pdf' is unclassified (type=generic_pdf).,Classify in data/manual/document_classification_manual.csv.,open
2026-06-07,info,missing_source_url,,2026-04-14_attachments_f_05_23_bmo_transactions_010624_020524,No source_url recorded for 'data/raw/board_packets/2026-04-14_Board_of_Directors/attachments/F_05_23_BMO Transactions 010624-020524.pdf'.,Record the public URL in the inventory or a source_urls.md.,open
2026-06-07,info,unknown_document_type,,2026-04-14_attachments_f_05_24_bmo_transactions_020624_030524,Document 'data/raw/board_packets/2026-04-14_Board_of_Directors/attachments/F_05_24_BMO Transactions 020624-030524.pdf' is unclassified (type=generic_pdf).,Classify in data/manual/document_classification_manual.csv.,open
2026-06-07,info,missing_source_url,,2026-04-14_attachments_f_05_24_bmo_transactions_020624_030524,No source_url recorded for 'data/raw/board_packets/2026-04-14_Board_of_Directors/attachments/F_05_24_BMO Transactions 020624-030524.pdf'.,Record the public URL in the inventory or a source_urls.md.,open
2026-06-07,info,unknown_document_type,,2026-04-14_attachments_f_05_25_bmo_transactions_030624_040524,Document 'data/raw/board_packets/2026-04-14_Board_of_Directors/attachments/F_05_25_BMO Transactions 030624-040524.pdf' is unclassified (type=generic_pdf).,Classify in data/manual/document_classification_manual.csv.,open
2026-06-07,info,missing_source_url,,2026-04-14_attachments_f_05_25_bmo_transactions_030624_040524,No source_url recorded for 'data/raw/board_packets/2026-04-14_Board_of_Directors/attachments/F_05_25_BMO Transactions 030624-040524.pdf'.,Record the public URL in the inventory or a source_urls.md.,open
2026-06-07,info,unknown_document_type,,2026-04-14_attachments_f_05_26_bmo_transactions_040624_050524,Document 'data/raw/board_packets/2026-04-14_Board_of_Directors/attachments/F_05_26_BMO Transactions 040624-050524.pdf' is unclassified (type=generic_pdf).,Classify in data/manual/document_classification_manual.csv.,open
2026-06-07,info,missing_source_url,,2026-04-14_attachments_f_05_26_bmo_transactions_040624_050524,No source_url recorded for 'data/raw/board_packets/2026-04-14_Board_of_Directors/attachments/F_05_26_BMO Transactions 040624-050524.pdf'.,Record the public URL in the inventory or a source_urls.md.,open
2026-06-07,info,unknown_document_type,,2026-04-14_attachments_f_05_27_bmo_transactions_050624_060524,Document 'data/raw/board_packets/2026-04-14_Board_of_Directors/attachments/F_05_27_BMO Transactions 050624-060524.pdf' is unclassified (type=generic_pdf).,Classify in data/manual/document_classification_manual.csv.,open
2026-06-07,info,missing_source_url,,2026-04-14_attachments_f_05_27_bmo_transactions_050624_060524,No source_url recorded for 'data/raw/board_packets/2026-04-14_Board_of_Directors/attachments/F_05_27_BMO Transactions 050624-060524.pdf'.,Record the public URL in the inventory or a source_urls.md.,open
2026-06-07,info,unknown_document_type,,2026-04-14_attachments_f_05_28_bmo_transactions_060624_070524,Document 'data/raw/board_packets/2026-04-14_Board_of_Directors/attachments/F_05_28_BMO Transactions 060624-070524.pdf' is unclassified (type=generic_pdf).,Classify in data/manual/document_classification_manual.csv.,open
2026-06-07,info,missing_source_url,,2026-04-14_attachments_f_05_28_bmo_transactions_060624_070524,No source_url recorded for 'data/raw/board_packets/2026-04-14_Board_of_Directors/attachments/F_05_28_BMO Transactions 060624-070524.pdf'.,Record the public URL in the inventory or a source_urls.md.,open
2026-06-07,info,unknown_document_type,,2026-04-14_attachments_f_05_29_bmo_transactions_070624_080524,Document 'data/raw/board_packets/2026-04-14_Board_of_Directors/attachments/F_05_29_BMO Transactions 070624-080524.pdf' is unclassified (type=generic_pdf).,Classify in data/manual/document_classification_manual.csv.,open
2026-06-07,info,missing_source_url,,2026-04-14_attachments_f_05_29_bmo_transactions_070624_080524,No source_url recorded for 'data/raw/board_packets/2026-04-14_Board_of_Directors/attachments/F_05_29_BMO Transactions 070624-080524.pdf'.,Record the public URL in the inventory or a source_urls.md.,open
2026-06-07,info,unknown_document_type,,2026-04-14_attachments_f_05_30_bmo_transactions_080624_090524,Document 'data/raw/board_packets/2026-04-14_Board_of_Directors/attachments/F_05_30_BMO Transactions 080624-090524.pdf' is unclassified (type=generic_pdf).,Classify in data/manual/document_classification_manual.csv.,open
2026-06-07,info,missing_source_url,,2026-04-14_attachments_f_05_30_bmo_transactions_080624_090524,No source_url recorded for 'data/raw/board_packets/2026-04-14_Board_of_Directors/attachments/F_05_30_BMO Transactions 080624-090524.pdf'.,Record the public URL in the inventory or a source_urls.md.,open
2026-06-07,info,unknown_document_type,,2026-04-14_attachments_f_05_31_bmo_transactions_090624_100524,Document 'data/raw/board_packets/2026-04-14_Board_of_Directors/attachments/F_05_31_BMO Transactions 090624-100524.pdf' is unclassified (type=generic_pdf).,Classify in data/manual/document_classification_manual.csv.,open
2026-06-07,info,missing_source_url,,2026-04-14_attachments_f_05_31_bmo_transactions_090624_100524,No source_url recorded for 'data/raw/board_packets/2026-04-14_Board_of_Directors/attachments/F_05_31_BMO Transactions 090624-100524.pdf'.,Record the public URL in the inventory or a source_urls.md.,open
2026-06-07,info,unknown_document_type,,2026-04-14_attachments_f_05_32_bmo_transactions_100624_110524,Document 'data/raw/board_packets/2026-04-14_Board_of_Directors/attachments/F_05_32_BMO Transactions 100624-110524.pdf' is unclassified (type=generic_pdf).,Classify in data/manual/document_classification_manual.csv.,open
2026-06-07,info,missing_source_url,,2026-04-14_attachments_f_05_32_bmo_transactions_100624_110524,No source_url recorded for 'data/raw/board_packets/2026-04-14_Board_of_Directors/attachments/F_05_32_BMO Transactions 100624-110524.pdf'.,Record the public URL in the inventory or a source_urls.md.,open
2026-06-07,info,unknown_document_type,,2026-04-14_attachments_f_05_33_bmo_transactions_110624_120524,Document 'data/raw/board_packets/2026-04-14_Board_of_Directors/attachments/F_05_33_BMO Transactions 110624-120524.pdf' is unclassified (type=generic_pdf).,Classify in data/manual/document_classification_manual.csv.,open
2026-06-07,info,missing_source_url,,2026-04-14_attachments_f_05_33_bmo_transactions_110624_120524,No source_url recorded for 'data/raw/board_packets/2026-04-14_Board_of_Directors/attachments/F_05_33_BMO Transactions 110624-120524.pdf'.,Record the public URL in the inventory or a source_urls.md.,open
2026-06-07,info,unknown_document_type,,2026-04-14_attachments_f_05_34_bmo_transactions_070623_080523,Document 'data/raw/board_packets/2026-04-14_Board_of_Directors/attachments/F_05_34_BMO Transactions 070623-080523.pdf' is unclassified (type=generic_pdf).,Classify in data/manual/document_classification_manual.csv.,open
2026-06-07,info,missing_source_url,,2026-04-14_attachments_f_05_34_bmo_transactions_070623_080523,No source_url recorded for 'data/raw/board_packets/2026-04-14_Board_of_Directors/attachments/F_05_34_BMO Transactions 070623-080523.pdf'.,Record the public URL in the inventory or a source_urls.md.,open
2026-06-07,info,unknown_document_type,,2026-04-14_attachments_f_05_35_bmo_transactions_080623_090523,Document 'data/raw/board_packets/2026-04-14_Board_of_Directors/attachments/F_05_35_BMO Transactions 080623-090523.pdf' is unclassified (type=generic_pdf).,Classify in data/manual/document_classification_manual.csv.,open
2026-06-07,info,missing_source_url,,2026-04-14_attachments_f_05_35_bmo_transactions_080623_090523,No source_url recorded for 'data/raw/board_packets/2026-04-14_Board_of_Directors/attachments/F_05_35_BMO Transactions 080623-090523.pdf'.,Record the public URL in the inventory or a source_urls.md.,open
2026-06-07,info,unknown_document_type,,2026-04-14_attachments_f_05_36_bmo_transactions_100623_110523,Document 'data/raw/board_packets/2026-04-14_Board_of_Directors/attachments/F_05_36_BMO Transactions 100623-110523.pdf' is unclassified (type=generic_pdf).,Classify in data/manual/document_classification_manual.csv.,open
2026-06-07,info,missing_source_url,,2026-04-14_attachments_f_05_36_bmo_transactions_100623_110523,No source_url recorded for 'data/raw/board_packets/2026-04-14_Board_of_Directors/attachments/F_05_36_BMO Transactions 100623-110523.pdf'.,Record the public URL in the inventory or a source_urls.md.,open
2026-06-07,info,unknown_document_type,,2026-04-14_attachments_f_05_37_bmo_transactions_100623_110523_1,Document 'data/raw/board_packets/2026-04-14_Board_of_Directors/attachments/F_05_37_BMO Transactions 100623-110523 (1).pdf' is unclassified (type=generic_pdf).,Classify in data/manual/document_classification_manual.csv.,open
2026-06-07,info,missing_source_url,,2026-04-14_attachments_f_05_37_bmo_transactions_100623_110523_1,No source_url recorded for 'data/raw/board_packets/2026-04-14_Board_of_Directors/attachments/F_05_37_BMO Transactions 100623-110523 (1).pdf'.,Record the public URL in the inventory or a source_urls.md.,open
2026-06-07,info,unknown_document_type,,2026-04-14_attachments_f_05_38_bmo_transactions_110623_120523,Document 'data/raw/board_packets/2026-04-14_Board_of_Directors/attachments/F_05_38_BMO Transactions 110623-120523.pdf' is unclassified (type=generic_pdf).,Classify in data/manual/document_classification_manual.csv.,open
2026-06-07,info,missing_source_url,,2026-04-14_attachments_f_05_38_bmo_transactions_110623_120523,No source_url recorded for 'data/raw/board_packets/2026-04-14_Board_of_Directors/attachments/F_05_38_BMO Transactions 110623-120523.pdf'.,Record the public URL in the inventory or a source_urls.md.,open
2026-06-07,info,missing_source_url,,2026-04-14_attachments_f_06_01_april_14_2026_board_agenda,"No source_url recorded for 'data/raw/board_packets/2026-04-14_Board_of_Directors/attachments/F_06_01_April 14, 2026 Board Agenda.pdf'.",Record the public URL in the inventory or a source_urls.md.,open
2026-06-07,info,unknown_document_type,,2026-04-14_attachments_f_07_01_4_14_2026_board_meeting_oe_25_26,Document 'data/raw/board_packets/2026-04-14_Board_of_Directors/attachments/F_07_01_4-14-2026 Board Meeting OE (25-26).pdf' is unclassified (type=generic_pdf).,Classify in data/manual/document_classification_manual.csv.,open
2026-06-07,info,missing_source_url,,2026-04-14_attachments_f_07_01_4_14_2026_board_meeting_oe_25_26,No source_url recorded for 'data/raw/board_packets/2026-04-14_Board_of_Directors/attachments/F_07_01_4-14-2026 Board Meeting OE (25-26).pdf'.,Record the public URL in the inventory or a source_urls.md.,open
2026-06-07,info,unknown_document_type,,2026-04-14_attachments_f_07_02_4_14_2026_board_meeting_oe_26_27,Document 'data/raw/board_packets/2026-04-14_Board_of_Directors/attachments/F_07_02_4-14-2026 Board Meeting OE (26-27)-.pdf' is unclassified (type=generic_pdf).,Classify in data/manual/document_classification_manual.csv.,open
2026-06-07,info,missing_source_url,,2026-04-14_attachments_f_07_02_4_14_2026_board_meeting_oe_26_27,No source_url recorded for 'data/raw/board_packets/2026-04-14_Board_of_Directors/attachments/F_07_02_4-14-2026 Board Meeting OE (26-27)-.pdf'.,Record the public URL in the inventory or a source_urls.md.,open
2026-06-07,info,unknown_document_type,,2026-04-14_attachments_f_08_01_6s0168_updated_iowa_city_schools_deaf_language_coach_srvcs,Document 'data/raw/board_packets/2026-04-14_Board_of_Directors/attachments/F_08_01_6S0168 - Updated - Iowa City Schools - Deaf Language Coach Srvcs.pdf' is unclassified (type=generic_pdf).,Classify in data/manual/document_classification_manual.csv.,open
2026-06-07,info,missing_source_url,,2026-04-14_attachments_f_08_01_6s0168_updated_iowa_city_schools_deaf_language_coach_srvcs,No source_url recorded for 'data/raw/board_packets/2026-04-14_Board_of_Directors/attachments/F_08_01_6S0168 - Updated - Iowa City Schools - Deaf Language Coach Srvcs.pdf'.,Record the public URL in the inventory or a source_urls.md.,open
2026-06-07,info,unknown_document_type,,2026-04-14_attachments_f_09_01_mkv_interdistrict_transport_agreement_west_liberty_iccsd,Document 'data/raw/board_packets/2026-04-14_Board_of_Directors/attachments/F_09_01_MKV Interdistrict Transport Agreement West Liberty ICCSD.pdf' is unclassified (type=generic_pdf).,Classify in data/manual/document_classification_manual.csv.,open
2026-06-07,info,missing_source_url,,2026-04-14_attachments_f_09_01_mkv_interdistrict_transport_agreement_west_liberty_iccsd,No source_url recorded for 'data/raw/board_packets/2026-04-14_Board_of_Directors/attachments/F_09_01_MKV Interdistrict Transport Agreement West Liberty ICCSD.pdf'.,Record the public URL in the inventory or a source_urls.md.,open
2026-06-07,info,unknown_document_type,,2026-04-14_attachments_f_10_01_contract_extension_martin_bros_sy26_27_part_signed,Document 'data/raw/board_packets/2026-04-14_Board_of_Directors/attachments/F_10_01_Contract Extension Martin Bros SY26_27 Part Signed.pdf' is unclassified (type=generic_pdf).,Classify in data/manual/document_classification_manual.csv.,open
2026-06-07,info,missing_source_url,,2026-04-14_attachments_f_10_01_contract_extension_martin_bros_sy26_27_part_signed,No source_url recorded for 'data/raw/board_packets/2026-04-14_Board_of_Directors/attachments/F_10_01_Contract Extension Martin Bros SY26_27 Part Signed.pdf'.,Record the public URL in the inventory or a source_urls.md.,open
2026-06-07,info,unknown_document_type,,2026-04-14_attachments_f_10_02_contract_extension_with_pricing_anderson_erickson_sy26_27_part_signed,Document 'data/raw/board_packets/2026-04-14_Board_of_Directors/attachments/F_10_02_Contract Extension with Pricing Anderson Erickson SY26_27 Part Signed.pdf' is unclassified (type=generic_pdf).,Classify in data/manual/document_classification_manual.csv.,open
2026-06-07,info,missing_source_url,,2026-04-14_attachments_f_10_02_contract_extension_with_pricing_anderson_erickson_sy26_27_part_signed,No source_url recorded for 'data/raw/board_packets/2026-04-14_Board_of_Directors/attachments/F_10_02_Contract Extension with Pricing Anderson Erickson SY26_27 Part Signed.pdf'.,Record the public URL in the inventory or a source_urls.md.,open
2026-06-07,info,unknown_document_type,,2026-04-14_attachments_f_10_03_contract_extension_bread_sy26_27_part_signed,Document 'data/raw/board_packets/2026-04-14_Board_of_Directors/attachments/F_10_03_Contract Extension Bread SY26_27 Part Signed.pdf' is unclassified (type=generic_pdf).,Classify in data/manual/document_classification_manual.csv.,open
2026-06-07,info,missing_source_url,,2026-04-14_attachments_f_10_03_contract_extension_bread_sy26_27_part_signed,No source_url recorded for 'data/raw/board_packets/2026-04-14_Board_of_Directors/attachments/F_10_03_Contract Extension Bread SY26_27 Part Signed.pdf'.,Record the public URL in the inventory or a source_urls.md.,open
2026-06-07,info,unknown_document_type,,2026-04-14_attachments_f_10_04_contract_extension_bread_pricing_sy26_27,Document 'data/raw/board_packets/2026-04-14_Board_of_Directors/attachments/F_10_04_Contract Extension Bread Pricing SY26_27.pdf' is unclassified (type=generic_pdf).,Classify in data/manual/document_classification_manual.csv.,open
2026-06-07,info,missing_source_url,,2026-04-14_attachments_f_10_04_contract_extension_bread_pricing_sy26_27,No source_url recorded for 'data/raw/board_packets/2026-04-14_Board_of_Directors/attachments/F_10_04_Contract Extension Bread Pricing SY26_27.pdf'.,Record the public URL in the inventory or a source_urls.md.,open
2026-06-07,info,unknown_document_type,,2026-04-14_attachments_f_11_01_verizon_distance_learning_agreement,Document 'data/raw/board_packets/2026-04-14_Board_of_Directors/attachments/F_11_01_Verizon Distance learning Agreement.pdf' is unclassified (type=generic_pdf).,Classify in data/manual/document_classification_manual.csv.,open
2026-06-07,info,missing_source_url,,2026-04-14_attachments_f_11_01_verizon_distance_learning_agreement,No source_url recorded for 'data/raw/board_packets/2026-04-14_Board_of_Directors/attachments/F_11_01_Verizon Distance learning Agreement.pdf'.,Record the public URL in the inventory or a source_urls.md.,open
2026-06-07,info,unknown_document_type,,2026-04-14_attachments_f_12_01_iowa_city_schools_ia_internet_services_agreement_s0024999_rene,Document 'data/raw/board_packets/2026-04-14_Board_of_Directors/attachments/F_12_01_Iowa City Schools (IA) - Internet Services Agreement - S0024999 (Rene.pdf' is unclassified (type=generic_pdf).,Classify in data/manual/document_classification_manual.csv.,open
2026-06-07,info,missing_source_url,,2026-04-14_attachments_f_12_01_iowa_city_schools_ia_internet_services_agreement_s0024999_rene,No source_url recorded for 'data/raw/board_packets/2026-04-14_Board_of_Directors/attachments/F_12_01_Iowa City Schools (IA) - Internet Services Agreement - S0024999 (Rene.pdf'.,Record the public URL in the inventory or a source_urls.md.,open
2026-06-07,info,unknown_document_type,,2026-04-14_attachments_f_12_02_iccsd_2026_add_355_iowa_ave_imon_business_msa,Document 'data/raw/board_packets/2026-04-14_Board_of_Directors/attachments/F_12_02_ICCSD - 2026 Add 355 Iowa Ave ImOn Business MSA.pdf' is unclassified (type=generic_pdf).,Classify in data/manual/document_classification_manual.csv.,open
2026-06-07,info,missing_source_url,,2026-04-14_attachments_f_12_02_iccsd_2026_add_355_iowa_ave_imon_business_msa,No source_url recorded for 'data/raw/board_packets/2026-04-14_Board_of_Directors/attachments/F_12_02_ICCSD - 2026 Add 355 Iowa Ave ImOn Business MSA.pdf'.,Record the public URL in the inventory or a source_urls.md.,open
2026-06-07,info,unknown_document_type,,2026-04-14_attachments_f_13_01_aercor_quote_drh2608945_iccsd_aruba_9240_gateways_5_yr_form_470,Document 'data/raw/board_packets/2026-04-14_Board_of_Directors/attachments/F_13_01_Aercor Quote - DRH2608945 - ICCSD-Aruba 9240 Gateways-5 YR_Form 470#.pdf' is unclassified (type=generic_pdf).,Classify in data/manual/document_classification_manual.csv.,open
2026-06-07,info,missing_source_url,,2026-04-14_attachments_f_13_01_aercor_quote_drh2608945_iccsd_aruba_9240_gateways_5_yr_form_470,No source_url recorded for 'data/raw/board_packets/2026-04-14_Board_of_Directors/attachments/F_13_01_Aercor Quote - DRH2608945 - ICCSD-Aruba 9240 Gateways-5 YR_Form 470#.pdf'.,Record the public URL in the inventory or a source_urls.md.,open
2026-06-07,info,unknown_document_type,,2026-04-14_attachments_f_15_01_summary_of_appendix_9_approval_requests_and_project_updates,Document 'data/raw/board_packets/2026-04-14_Board_of_Directors/attachments/F_15_01_Summary of Appendix 9 Approval Requests and Project Updates.pdf' is unclassified (type=generic_pdf).,Classify in data/manual/document_classification_manual.csv.,open
2026-06-07,info,missing_source_url,,2026-04-14_attachments_f_15_01_summary_of_appendix_9_approval_requests_and_project_updates,No source_url recorded for 'data/raw/board_packets/2026-04-14_Board_of_Directors/attachments/F_15_01_Summary of Appendix 9 Approval Requests and Project Updates.pdf'.,Record the public URL in the inventory or a source_urls.md.,open
2026-06-07,info,missing_source_url,,2026-04-14_attachments_f_15_02_city_hs_auditorium_upgrades,No source_url recorded for 'data/raw/board_packets/2026-04-14_Board_of_Directors/attachments/F_15_02_City HS Auditorium Upgrades.pdf'.,Record the public URL in the inventory or a source_urls.md.,open
2026-06-07,info,unknown_document_type,,2026-04-14_attachments_f_15_03_city_hs_addition_phase_3,Document 'data/raw/board_packets/2026-04-14_Board_of_Directors/attachments/F_15_03_City HS Addition - Phase 3.pdf' is unclassified (type=generic_pdf).,Classify in data/manual/document_classification_manual.csv.,open
2026-06-07,info,missing_source_url,,2026-04-14_attachments_f_15_03_city_hs_addition_phase_3,No source_url recorded for 'data/raw/board_packets/2026-04-14_Board_of_Directors/attachments/F_15_03_City HS Addition - Phase 3.pdf'.,Record the public URL in the inventory or a source_urls.md.,open
2026-06-07,info,unknown_document_type,,2026-04-14_attachments_f_15_04_liberty_hs_soccer_field_lighting,Document 'data/raw/board_packets/2026-04-14_Board_of_Directors/attachments/F_15_04_Liberty HS Soccer Field Lighting.pdf' is unclassified (type=generic_pdf).,Classify in data/manual/document_classification_manual.csv.,open
2026-06-07,info,missing_source_url,,2026-04-14_attachments_f_15_04_liberty_hs_soccer_field_lighting,No source_url recorded for 'data/raw/board_packets/2026-04-14_Board_of_Directors/attachments/F_15_04_Liberty HS Soccer Field Lighting.pdf'.,Record the public URL in the inventory or a source_urls.md.,open
2026-06-07,info,unknown_document_type,,2026-04-14_attachments_f_15_05_ncjh_middle_school_addition,Document 'data/raw/board_packets/2026-04-14_Board_of_Directors/attachments/F_15_05_NCJH Middle School Addition.pdf' is unclassified (type=generic_pdf).,Classify in data/manual/document_classification_manual.csv.,open
2026-06-07,info,missing_source_url,,2026-04-14_attachments_f_15_05_ncjh_middle_school_addition,No source_url recorded for 'data/raw/board_packets/2026-04-14_Board_of_Directors/attachments/F_15_05_NCJH Middle School Addition.pdf'.,Record the public URL in the inventory or a source_urls.md.,open
2026-06-07,info,unknown_document_type,,2026-04-14_attachments_f_15_06_combined_appendix_9_approval_requests_and_project_updates,Document 'data/raw/board_packets/2026-04-14_Board_of_Directors/attachments/F_15_06_Combined Appendix 9 Approval Requests and Project Updates.pdf' is unclassified (type=generic_pdf).,Classify in data/manual/document_classification_manual.csv.,open
2026-06-07,info,missing_source_url,,2026-04-14_attachments_f_15_06_combined_appendix_9_approval_requests_and_project_updates,No source_url recorded for 'data/raw/board_packets/2026-04-14_Board_of_Directors/attachments/F_15_06_Combined Appendix 9 Approval Requests and Project Updates.pdf'.,Record the public URL in the inventory or a source_urls.md.,open
2026-06-07,info,missing_source_url,,2026-04-14_attachments_f_15_07_capital_projects_status_report,No source_url recorded for 'data/raw/board_packets/2026-04-14_Board_of_Directors/attachments/F_15_07_Capital Projects Status Report.pdf'.,Record the public URL in the inventory or a source_urls.md.,open
2026-06-07,info,unknown_document_type,,2026-04-14_attachments_g_01_01_1_first_board_resolution_iowa_city,Document 'data/raw/board_packets/2026-04-14_Board_of_Directors/attachments/G_01_01_(1) First Board Resolution - Iowa City.pdf' is unclassified (type=generic_pdf).,Classify in data/manual/document_classification_manual.csv.,open
2026-06-07,info,missing_source_url,,2026-04-14_attachments_g_01_01_1_first_board_resolution_iowa_city,No source_url recorded for 'data/raw/board_packets/2026-04-14_Board_of_Directors/attachments/G_01_01_(1) First Board Resolution - Iowa City.pdf'.,Record the public URL in the inventory or a source_urls.md.,open
2026-06-07,info,unknown_document_type,,2026-04-14_attachments_g_01_02_2_signed_notice_of_public_hearing_iowa_city,Document 'data/raw/board_packets/2026-04-14_Board_of_Directors/attachments/G_01_02_(2) Signed Notice of Public Hearing - Iowa City.pdf' is unclassified (type=generic_pdf).,Classify in data/manual/document_classification_manual.csv.,open
2026-06-07,info,missing_source_url,,2026-04-14_attachments_g_01_02_2_signed_notice_of_public_hearing_iowa_city,No source_url recorded for 'data/raw/board_packets/2026-04-14_Board_of_Directors/attachments/G_01_02_(2) Signed Notice of Public Hearing - Iowa City.pdf'.,Record the public URL in the inventory or a source_urls.md.,open
2026-06-07,info,unknown_document_type,,2026-04-14_attachments_i_01_01_700_policies_noninstructional_operations_business_services,Document 'data/raw/board_packets/2026-04-14_Board_of_Directors/attachments/I_01_01_700 Policies – Noninstructional Operations & Business Services.pdf' is unclassified (type=generic_pdf).,Classify in data/manual/document_classification_manual.csv.,open
2026-06-07,info,missing_source_url,,2026-04-14_attachments_i_01_01_700_policies_noninstructional_operations_business_services,No source_url recorded for 'data/raw/board_packets/2026-04-14_Board_of_Directors/attachments/I_01_01_700 Policies – Noninstructional Operations & Business Services.pdf'.,Record the public URL in the inventory or a source_urls.md.,open
2026-06-07,info,unknown_document_type,,2026-04-14_attachments_j_02_01_personal_device_screen_time_software_feedback_4_14_26,"Document 'data/raw/board_packets/2026-04-14_Board_of_Directors/attachments/J_02_01_Personal Device, Screen Time, & Software Feedback (4-14-26).pdf' is unclassified (type=generic_pdf).",Classify in data/manual/document_classification_manual.csv.,open
2026-06-07,info,missing_source_url,,2026-04-14_attachments_j_02_01_personal_device_screen_time_software_feedback_4_14_26,"No source_url recorded for 'data/raw/board_packets/2026-04-14_Board_of_Directors/attachments/J_02_01_Personal Device, Screen Time, & Software Feedback (4-14-26).pdf'.",Record the public URL in the inventory or a source_urls.md.,open
2026-06-07,info,unknown_document_type,,2026-04-14_attachments_j_02_02_draft_cell_phone_screen_time_software_survey_april_2026,"Document 'data/raw/board_packets/2026-04-14_Board_of_Directors/attachments/J_02_02_DRAFT Cell Phone, Screen Time, Software Survey (April 2026).pdf' is unclassified (type=generic_pdf).",Classify in data/manual/document_classification_manual.csv.,open
2026-06-07,info,missing_source_url,,2026-04-14_attachments_j_02_02_draft_cell_phone_screen_time_software_survey_april_2026,"No source_url recorded for 'data/raw/board_packets/2026-04-14_Board_of_Directors/attachments/J_02_02_DRAFT Cell Phone, Screen Time, Software Survey (April 2026).pdf'.",Record the public URL in the inventory or a source_urls.md.,open
2026-06-07,info,missing_source_url,,2026-04-14_attachments_k_01_01_interim_chief_financial_officer_report_4_10_26,No source_url recorded for 'data/raw/board_packets/2026-04-14_Board_of_Directors/attachments/K_01_01_Interim Chief Financial Officer Report 4.10.26.pdf'.,Record the public URL in the inventory or a source_urls.md.,open
2026-06-07,info,missing_source_url,,2026-04-14_attachments_k_01_02_interim_chief_financial_officer_report_4_3_26,No source_url recorded for 'data/raw/board_packets/2026-04-14_Board_of_Directors/attachments/K_01_02_Interim Chief Financial Officer Report 4.3.26.pdf'.,Record the public URL in the inventory or a source_urls.md.,open
2026-06-07,info,unknown_document_type,,2026-04-14_attachments_k_01_03_summary_4_9_status_chart,Document 'data/raw/board_packets/2026-04-14_Board_of_Directors/attachments/K_01_03_Summary 4-9 Status Chart.pdf' is unclassified (type=generic_pdf).,Classify in data/manual/document_classification_manual.csv.,open
2026-06-07,info,missing_source_url,,2026-04-14_attachments_k_01_03_summary_4_9_status_chart,No source_url recorded for 'data/raw/board_packets/2026-04-14_Board_of_Directors/attachments/K_01_03_Summary 4-9 Status Chart.pdf'.,Record the public URL in the inventory or a source_urls.md.,open
2026-06-07,info,missing_source_url,,2026-04-14_attachments_k_01_04_fy23_audit_findings_ic_adjustments_4_8_26_memo,No source_url recorded for 'data/raw/board_packets/2026-04-14_Board_of_Directors/attachments/K_01_04_FY23 Audit Findings & IC Adjustments - 4.8.26 memo.pdf'.,Record the public URL in the inventory or a source_urls.md.,open
2026-06-07,info,unknown_document_type,,2026-04-14_attachments_k_01_05_tax_penalties_assessed_and_paid_from_december_2024_through_february_2,Document 'data/raw/board_packets/2026-04-14_Board_of_Directors/attachments/K_01_05_Tax Penalties Assessed and Paid from December 2024 through February 2.pdf' is unclassified (type=generic_pdf).,Classify in data/manual/document_classification_manual.csv.,open
2026-06-07,info,missing_source_url,,2026-04-14_attachments_k_01_05_tax_penalties_assessed_and_paid_from_december_2024_through_february_2,No source_url recorded for 'data/raw/board_packets/2026-04-14_Board_of_Directors/attachments/K_01_05_Tax Penalties Assessed and Paid from December 2024 through February 2.pdf'.,Record the public URL in the inventory or a source_urls.md.,open
2026-06-07,info,missing_source_url,,2026-04-14_attachments_k_02_01_board_financial_leadership_update,No source_url recorded for 'data/raw/board_packets/2026-04-14_Board_of_Directors/attachments/K_02_01_Board Financial Leadership Update.pdf'.,Record the public URL in the inventory or a source_urls.md.,open
2026-06-07,info,unknown_document_type,,2026-04-14_attachments_l_01_01_700_policies_noninstructional_operations_business_services,Document 'data/raw/board_packets/2026-04-14_Board_of_Directors/attachments/L_01_01_700 Policies – Noninstructional Operations & Business Services.pdf' is unclassified (type=generic_pdf).,Classify in data/manual/document_classification_manual.csv.,open
2026-06-07,info,missing_source_url,,2026-04-14_attachments_l_01_01_700_policies_noninstructional_operations_business_services,No source_url recorded for 'data/raw/board_packets/2026-04-14_Board_of_Directors/attachments/L_01_01_700 Policies – Noninstructional Operations & Business Services.pdf'.,Record the public URL in the inventory or a source_urls.md.,open
2026-06-07,info,unknown_document_type,,2026-04-14_attachments_m_03_01_4_23_26_special_meeting_of_the_board_of_directors_draft,Document 'data/raw/board_packets/2026-04-14_Board_of_Directors/attachments/M_03_01_4.23.26 Special Meeting of the Board of Directors - DRAFT.pdf' is unclassified (type=generic_pdf).,Classify in data/manual/document_classification_manual.csv.,open
2026-06-07,info,missing_source_url,,2026-04-14_attachments_m_03_01_4_23_26_special_meeting_of_the_board_of_directors_draft,No source_url recorded for 'data/raw/board_packets/2026-04-14_Board_of_Directors/attachments/M_03_01_4.23.26 Special Meeting of the Board of Directors - DRAFT.pdf'.,Record the public URL in the inventory or a source_urls.md.,open
2026-06-07,info,unknown_document_type,,2026-04-14_attachments_m_03_02_4_28_26_policy_governance_committee_meeting_draft,Document 'data/raw/board_packets/2026-04-14_Board_of_Directors/attachments/M_03_02_4.28.26 Policy & Governance Committee Meeting - DRAFT.pdf' is unclassified (type=generic_pdf).,Classify in data/manual/document_classification_manual.csv.,open
2026-06-07,info,missing_source_url,,2026-04-14_attachments_m_03_02_4_28_26_policy_governance_committee_meeting_draft,No source_url recorded for 'data/raw/board_packets/2026-04-14_Board_of_Directors/attachments/M_03_02_4.28.26 Policy & Governance Committee Meeting - DRAFT.pdf'.,Record the public URL in the inventory or a source_urls.md.,open
2026-06-07,info,unknown_document_type,,2026-04-14_attachments_m_03_03_4_28_26_regular_meeting_of_the_board_of_directors_draft,Document 'data/raw/board_packets/2026-04-14_Board_of_Directors/attachments/M_03_03_4.28.26 Regular Meeting of the Board of Directors - DRAFT.pdf' is unclassified (type=generic_pdf).,Classify in data/manual/document_classification_manual.csv.,open
2026-06-07,info,missing_source_url,,2026-04-14_attachments_m_03_03_4_28_26_regular_meeting_of_the_board_of_directors_draft,No source_url recorded for 'data/raw/board_packets/2026-04-14_Board_of_Directors/attachments/M_03_03_4.28.26 Regular Meeting of the Board of Directors - DRAFT.pdf'.,Record the public URL in the inventory or a source_urls.md.,open
2026-06-07,info,missing_source_url,,2026-04-14_2026_04_14_board_of_directors_transcript,No source_url recorded for 'data/raw/board_packets/2026-04-14_Board_of_Directors/transcript.json'.,Record the public URL in the inventory or a source_urls.md.,open
2026-06-07,info,unknown_document_type,,2026-04-14_attachments_b_01_01_200_3g4_financial_oversight_committee_charter,Document 'data/raw/board_packets/2026-04-14_Financial_Oversight_Committee/attachments/B_01_01_200.3G4 - Financial Oversight Committee Charter.pdf' is unclassified (type=generic_pdf).,Classify in data/manual/document_classification_manual.csv.,open
2026-06-07,info,missing_source_url,,2026-04-14_attachments_b_01_01_200_3g4_financial_oversight_committee_charter,No source_url recorded for 'data/raw/board_packets/2026-04-14_Financial_Oversight_Committee/attachments/B_01_01_200.3G4 - Financial Oversight Committee Charter.pdf'.,Record the public URL in the inventory or a source_urls.md.,open
2026-06-07,info,unknown_document_type,,2026-04-14_attachments_b_01_02_iccsd_financial_oversight_charter_proposal_2026_04_01,Document 'data/raw/board_packets/2026-04-14_Financial_Oversight_Committee/attachments/B_01_02_ICCSD Financial Oversight Charter Proposal_2026 04 01.pdf' is unclassified (type=generic_pdf).,Classify in data/manual/document_classification_manual.csv.,open
2026-06-07,info,missing_source_url,,2026-04-14_attachments_b_01_02_iccsd_financial_oversight_charter_proposal_2026_04_01,No source_url recorded for 'data/raw/board_packets/2026-04-14_Financial_Oversight_Committee/attachments/B_01_02_ICCSD Financial Oversight Charter Proposal_2026 04 01.pdf'.,Record the public URL in the inventory or a source_urls.md.,open
2026-06-07,info,unknown_document_type,,2026-04-14_attachments_b_01_03_iccsd_financial_oversight_committee_charter_200_3g4_financial_oversig,Document 'data/raw/board_packets/2026-04-14_Financial_Oversight_Committee/attachments/B_01_03_ICCSD Financial Oversight Committee Charter_200.3G4 - Financial Oversig.pdf' is unclassified (type=generic_pdf).,Classify in data/manual/document_classification_manual.csv.,open
2026-06-07,info,missing_source_url,,2026-04-14_attachments_b_01_03_iccsd_financial_oversight_committee_charter_200_3g4_financial_oversig,No source_url recorded for 'data/raw/board_packets/2026-04-14_Financial_Oversight_Committee/attachments/B_01_03_ICCSD Financial Oversight Committee Charter_200.3G4 - Financial Oversig.pdf'.,Record the public URL in the inventory or a source_urls.md.,open
2026-06-07,info,missing_source_url,,2026-04-14_attachments_b_01_04_iasb_regulation_112_r_1_auditfinance_committee,No source_url recorded for 'data/raw/board_packets/2026-04-14_Financial_Oversight_Committee/attachments/B_01_04_IASB_Regulation 112-R(1) AuditFinance Committee.pdf'.,Record the public URL in the inventory or a source_urls.md.,open
2026-06-07,info,missing_source_url,,2026-04-14_attachments_b_01_05_iasb_regulation_112_r_2_auditfinance_committee_annual_budget_and_3_y,No source_url recorded for 'data/raw/board_packets/2026-04-14_Financial_Oversight_Committee/attachments/B_01_05_IASB_Regulation 112-R(2) AuditFinance Committee - Annual Budget and 3 Y.pdf'.,Record the public URL in the inventory or a source_urls.md.,open
2026-06-07,info,missing_source_url,,2026-04-14_attachments_b_01_06_des_moines_public_schools_audit_committee_charter_in_process_of_updat,No source_url recorded for 'data/raw/board_packets/2026-04-14_Financial_Oversight_Committee/attachments/B_01_06_DES MOINES PUBLIC SCHOOLS AUDIT COMMITTEE CHARTER - in process of updat.pdf'.,Record the public URL in the inventory or a source_urls.md.,open
2026-06-07,info,missing_source_url,,2026-04-14_attachments_b_01_07_auditcommitte_cedar_rapids_schools,No source_url recorded for 'data/raw/board_packets/2026-04-14_Financial_Oversight_Committee/attachments/B_01_07_AuditCommitte - Cedar Rapids Schools.pdf'.,Record the public URL in the inventory or a source_urls.md.,open
2026-06-07,info,missing_source_url,,2026-04-14_attachments_b_01_08_cedar_rapids_schools_auditcommitteapprovedcharter_matrix_5_01_19,No source_url recorded for 'data/raw/board_packets/2026-04-14_Financial_Oversight_Committee/attachments/B_01_08_Cedar Rapids Schools_AuditCommitteApprovedCharter.Matrix_5-01-19.pdf'.,Record the public URL in the inventory or a source_urls.md.,open
2026-06-07,info,unknown_document_type,,2026-04-14_attachments_b_01_09_waterloo_committee_structure,Document 'data/raw/board_packets/2026-04-14_Financial_Oversight_Committee/attachments/B_01_09_Waterloo committee structure.pdf' is unclassified (type=generic_pdf).,Classify in data/manual/document_classification_manual.csv.,open
2026-06-07,info,missing_source_url,,2026-04-14_attachments_b_01_09_waterloo_committee_structure,No source_url recorded for 'data/raw/board_packets/2026-04-14_Financial_Oversight_Committee/attachments/B_01_09_Waterloo committee structure.pdf'.,Record the public URL in the inventory or a source_urls.md.,open
2026-06-07,info,unknown_document_type,,2026-04-14_attachments_b_01_10_waukee,Document 'data/raw/board_packets/2026-04-14_Financial_Oversight_Committee/attachments/B_01_10_Waukee.pdf' is unclassified (type=generic_pdf).,Classify in data/manual/document_classification_manual.csv.,open
2026-06-07,info,missing_source_url,,2026-04-14_attachments_b_01_10_waukee,No source_url recorded for 'data/raw/board_packets/2026-04-14_Financial_Oversight_Committee/attachments/B_01_10_Waukee.pdf'.,Record the public URL in the inventory or a source_urls.md.,open
2026-06-07,info,unknown_document_type,,2026-04-14_attachments_b_02_01_208_r1_board_committees_regulation,Document 'data/raw/board_packets/2026-04-14_Financial_Oversight_Committee/attachments/B_02_01_208.R1 - Board Committees - Regulation _.pdf' is unclassified (type=generic_pdf).,Classify in data/manual/document_classification_manual.csv.,open
2026-06-07,info,missing_source_url,,2026-04-14_attachments_b_02_01_208_r1_board_committees_regulation,No source_url recorded for 'data/raw/board_packets/2026-04-14_Financial_Oversight_Committee/attachments/B_02_01_208.R1 - Board Committees - Regulation _.pdf'.,Record the public URL in the inventory or a source_urls.md.,open
2026-06-07,info,missing_source_url,,2026-04-14_attachments_b_03_01_board_financial_leadership_update,No source_url recorded for 'data/raw/board_packets/2026-04-14_Financial_Oversight_Committee/attachments/B_03_01_Board Financial Leadership Update.pdf'.,Record the public URL in the inventory or a source_urls.md.,open
2026-06-07,info,unknown_document_type,,2026-04-14_attachments_b_04_01_700_policies_noninstructional_operations_business_services,Document 'data/raw/board_packets/2026-04-14_Financial_Oversight_Committee/attachments/B_04_01_700 Policies – Noninstructional Operations & Business Services.pdf' is unclassified (type=generic_pdf).,Classify in data/manual/document_classification_manual.csv.,open
2026-06-07,info,missing_source_url,,2026-04-14_attachments_b_04_01_700_policies_noninstructional_operations_business_services,No source_url recorded for 'data/raw/board_packets/2026-04-14_Financial_Oversight_Committee/attachments/B_04_01_700 Policies – Noninstructional Operations & Business Services.pdf'.,Record the public URL in the inventory or a source_urls.md.,open
2026-06-07,info,missing_source_url,,2026-04-14_2026_04_14_financial_oversight_committee_transcript,No source_url recorded for 'data/raw/board_packets/2026-04-14_Financial_Oversight_Committee/transcript.json'.,Record the public URL in the inventory or a source_urls.md.,open
2026-06-07,info,unknown_document_type,,2026-04-28_attachments_d_01_01_sems_choir_board_meeting_presentation,Document 'data/raw/board_packets/2026-04-28_Board_of_Directors/attachments/D_01_01_SEMS Choir Board Meeting Presentation.pdf' is unclassified (type=generic_pdf).,Classify in data/manual/document_classification_manual.csv.,open
2026-06-07,info,missing_source_url,,2026-04-28_attachments_d_01_01_sems_choir_board_meeting_presentation,No source_url recorded for 'data/raw/board_packets/2026-04-28_Board_of_Directors/attachments/D_01_01_SEMS Choir Board Meeting Presentation.pdf'.,Record the public URL in the inventory or a source_urls.md.,open
2026-06-07,info,unknown_document_type,,2026-04-28_attachments_e_01_01_iow_12239022,Document 'data/raw/board_packets/2026-04-28_Board_of_Directors/attachments/E_01_01_IOW 12239022.pdf' is unclassified (type=generic_pdf).,Classify in data/manual/document_classification_manual.csv.,open
2026-06-07,info,missing_source_url,,2026-04-28_attachments_e_01_01_iow_12239022,No source_url recorded for 'data/raw/board_packets/2026-04-28_Board_of_Directors/attachments/E_01_01_IOW 12239022.pdf'.,Record the public URL in the inventory or a source_urls.md.,open
2026-06-07,info,unknown_document_type,,2026-04-28_attachments_e_02_01_affidavit_of_publication_12237023,Document 'data/raw/board_packets/2026-04-28_Board_of_Directors/attachments/E_02_01_Affidavit of Publication 12237023.pdf' is unclassified (type=generic_pdf).,Classify in data/manual/document_classification_manual.csv.,open
2026-06-07,info,missing_source_url,,2026-04-28_attachments_e_02_01_affidavit_of_publication_12237023,No source_url recorded for 'data/raw/board_packets/2026-04-28_Board_of_Directors/attachments/E_02_01_Affidavit of Publication 12237023.pdf'.,Record the public URL in the inventory or a source_urls.md.,open
2026-06-07,info,unknown_document_type,,2026-04-28_attachments_e_02_02_notice_of_public_hearing_to_pc,Document 'data/raw/board_packets/2026-04-28_Board_of_Directors/attachments/E_02_02_Notice of Public Hearing to PC.pdf' is unclassified (type=generic_pdf).,Classify in data/manual/document_classification_manual.csv.,open
2026-06-07,info,missing_source_url,,2026-04-28_attachments_e_02_02_notice_of_public_hearing_to_pc,No source_url recorded for 'data/raw/board_packets/2026-04-28_Board_of_Directors/attachments/E_02_02_Notice of Public Hearing to PC.pdf'.,Record the public URL in the inventory or a source_urls.md.,open
2026-06-07,info,unknown_document_type,,2026-04-28_attachments_e_02_03_frist_resolution_1725_n_dodge_signed,Document 'data/raw/board_packets/2026-04-28_Board_of_Directors/attachments/E_02_03_Frist Resolution 1725 N Dodge - Signed.pdf' is unclassified (type=generic_pdf).,Classify in data/manual/document_classification_manual.csv.,open
2026-06-07,info,missing_source_url,,2026-04-28_attachments_e_02_03_frist_resolution_1725_n_dodge_signed,No source_url recorded for 'data/raw/board_packets/2026-04-28_Board_of_Directors/attachments/E_02_03_Frist Resolution 1725 N Dodge - Signed.pdf'.,Record the public URL in the inventory or a source_urls.md.,open
2026-06-07,info,unknown_document_type,,2026-04-28_attachments_f_05_01_march_2026_p_card,Document 'data/raw/board_packets/2026-04-28_Board_of_Directors/attachments/F_05_01_March 2026 P Card.pdf' is unclassified (type=generic_pdf).,Classify in data/manual/document_classification_manual.csv.,open
2026-06-07,info,missing_source_url,,2026-04-28_attachments_f_05_01_march_2026_p_card,No source_url recorded for 'data/raw/board_packets/2026-04-28_Board_of_Directors/attachments/F_05_01_March 2026 P Card.pdf'.,Record the public URL in the inventory or a source_urls.md.,open
2026-06-07,info,unknown_document_type,,2026-04-28_attachments_f_05_02_4_21_2026_boardreport10003,Document 'data/raw/board_packets/2026-04-28_Board_of_Directors/attachments/F_05_02_4-21-2026_BoardReport10003.pdf' is unclassified (type=generic_pdf).,Classify in data/manual/document_classification_manual.csv.,open
2026-06-07,info,missing_source_url,,2026-04-28_attachments_f_05_02_4_21_2026_boardreport10003,No source_url recorded for 'data/raw/board_packets/2026-04-28_Board_of_Directors/attachments/F_05_02_4-21-2026_BoardReport10003.pdf'.,Record the public URL in the inventory or a source_urls.md.,open
2026-06-07,info,unknown_document_type,,2026-04-28_attachments_f_05_03_accounts_payable_summaries_20260428,Document 'data/raw/board_packets/2026-04-28_Board_of_Directors/attachments/F_05_03_Accounts Payable Summaries 20260428.pdf' is unclassified (type=generic_pdf).,Classify in data/manual/document_classification_manual.csv.,open
2026-06-07,info,missing_source_url,,2026-04-28_attachments_f_05_03_accounts_payable_summaries_20260428,No source_url recorded for 'data/raw/board_packets/2026-04-28_Board_of_Directors/attachments/F_05_03_Accounts Payable Summaries 20260428.pdf'.,Record the public URL in the inventory or a source_urls.md.,open
2026-06-07,info,unknown_document_type,,2026-04-28_attachments_f_05_04_4_14_2026_boardreport10003,Document 'data/raw/board_packets/2026-04-28_Board_of_Directors/attachments/F_05_04_4-14-2026_BoardReport10003.pdf' is unclassified (type=generic_pdf).,Classify in data/manual/document_classification_manual.csv.,open
2026-06-07,info,missing_source_url,,2026-04-28_attachments_f_05_04_4_14_2026_boardreport10003,No source_url recorded for 'data/raw/board_packets/2026-04-28_Board_of_Directors/attachments/F_05_04_4-14-2026_BoardReport10003.pdf'.,Record the public URL in the inventory or a source_urls.md.,open
2026-06-07,info,missing_source_url,,2026-04-28_attachments_f_06_01_april_28_2026_board_agenda_1,"No source_url recorded for 'data/raw/board_packets/2026-04-28_Board_of_Directors/attachments/F_06_01_April 28, 2026 Board Agenda (1).pdf'.",Record the public URL in the inventory or a source_urls.md.,open
2026-06-07,info,unknown_document_type,,2026-04-28_attachments_f_07_01_4_28_26_board_meeting_oe_25_26,Document 'data/raw/board_packets/2026-04-28_Board_of_Directors/attachments/F_07_01_4.28.26 Board Meeting OE (25-26).pdf' is unclassified (type=generic_pdf).,Classify in data/manual/document_classification_manual.csv.,open
2026-06-07,info,missing_source_url,,2026-04-28_attachments_f_07_01_4_28_26_board_meeting_oe_25_26,No source_url recorded for 'data/raw/board_packets/2026-04-28_Board_of_Directors/attachments/F_07_01_4.28.26 Board Meeting OE (25-26).pdf'.,Record the public URL in the inventory or a source_urls.md.,open
2026-06-07,info,unknown_document_type,,2026-04-28_attachments_f_07_02_4_28_2026_board_meeting_oe_26_27,Document 'data/raw/board_packets/2026-04-28_Board_of_Directors/attachments/F_07_02_4-28-2026 Board Meeting OE (26-27)-.pdf' is unclassified (type=generic_pdf).,Classify in data/manual/document_classification_manual.csv.,open
2026-06-07,info,missing_source_url,,2026-04-28_attachments_f_07_02_4_28_2026_board_meeting_oe_26_27,No source_url recorded for 'data/raw/board_packets/2026-04-28_Board_of_Directors/attachments/F_07_02_4-28-2026 Board Meeting OE (26-27)-.pdf'.,Record the public URL in the inventory or a source_urls.md.,open
2026-06-07,info,unknown_document_type,,2026-04-28_attachments_f_08_01_docusign_agreement,Document 'data/raw/board_packets/2026-04-28_Board_of_Directors/attachments/F_08_01_Docusign Agreement.pdf' is unclassified (type=generic_pdf).,Classify in data/manual/document_classification_manual.csv.,open
2026-06-07,info,missing_source_url,,2026-04-28_attachments_f_08_01_docusign_agreement,No source_url recorded for 'data/raw/board_packets/2026-04-28_Board_of_Directors/attachments/F_08_01_Docusign Agreement.pdf'.,Record the public URL in the inventory or a source_urls.md.,open
2026-06-07,info,unknown_document_type,,2026-04-28_attachments_f_09_01_proposed_pay_to_ride_fee_2026_2027,Document 'data/raw/board_packets/2026-04-28_Board_of_Directors/attachments/F_09_01_Proposed Pay to Ride Fee 2026-2027.pdf' is unclassified (type=generic_pdf).,Classify in data/manual/document_classification_manual.csv.,open
2026-06-07,info,missing_source_url,,2026-04-28_attachments_f_09_01_proposed_pay_to_ride_fee_2026_2027,No source_url recorded for 'data/raw/board_packets/2026-04-28_Board_of_Directors/attachments/F_09_01_Proposed Pay to Ride Fee 2026-2027.pdf'.,Record the public URL in the inventory or a source_urls.md.,open
2026-06-07,info,unknown_document_type,,2026-04-28_attachments_f_10_01_dsa_iowa_city_community_1,Document 'data/raw/board_packets/2026-04-28_Board_of_Directors/attachments/F_10_01_DSA Iowa City Community (1).pdf' is unclassified (type=generic_pdf).,Classify in data/manual/document_classification_manual.csv.,open
2026-06-07,info,missing_source_url,,2026-04-28_attachments_f_10_01_dsa_iowa_city_community_1,No source_url recorded for 'data/raw/board_packets/2026-04-28_Board_of_Directors/attachments/F_10_01_DSA Iowa City Community (1).pdf'.,Record the public URL in the inventory or a source_urls.md.,open
2026-06-07,info,unknown_document_type,,2026-04-28_attachments_f_12_01_summary_of_appendix_9_approval_requests_and_project,Document 'data/raw/board_packets/2026-04-28_Board_of_Directors/attachments/F_12_01_Summary of Appendix 9 Approval Requests and Project.pdf' is unclassified (type=generic_pdf).,Classify in data/manual/document_classification_manual.csv.,open
2026-06-07,info,missing_source_url,,2026-04-28_attachments_f_12_01_summary_of_appendix_9_approval_requests_and_project,No source_url recorded for 'data/raw/board_packets/2026-04-28_Board_of_Directors/attachments/F_12_01_Summary of Appendix 9 Approval Requests and Project.pdf'.,Record the public URL in the inventory or a source_urls.md.,open
2026-06-07,info,unknown_document_type,,2026-04-28_attachments_f_12_02_center_for_innovation_2025_dream_accelerator,Document 'data/raw/board_packets/2026-04-28_Board_of_Directors/attachments/F_12_02_Center for Innovation 2025 Dream Accelerator.pdf' is unclassified (type=generic_pdf).,Classify in data/manual/document_classification_manual.csv.,open
2026-06-07,info,missing_source_url,,2026-04-28_attachments_f_12_02_center_for_innovation_2025_dream_accelerator,No source_url recorded for 'data/raw/board_packets/2026-04-28_Board_of_Directors/attachments/F_12_02_Center for Innovation 2025 Dream Accelerator.pdf'.,Record the public URL in the inventory or a source_urls.md.,open
2026-06-07,info,unknown_document_type,,2026-04-28_attachments_f_12_03_city_hs_2025_opstad_theater_lighting,Document 'data/raw/board_packets/2026-04-28_Board_of_Directors/attachments/F_12_03_City HS 2025 Opstad Theater Lighting.pdf' is unclassified (type=generic_pdf).,Classify in data/manual/document_classification_manual.csv.,open
2026-06-07,info,missing_source_url,,2026-04-28_attachments_f_12_03_city_hs_2025_opstad_theater_lighting,No source_url recorded for 'data/raw/board_packets/2026-04-28_Board_of_Directors/attachments/F_12_03_City HS 2025 Opstad Theater Lighting.pdf'.,Record the public URL in the inventory or a source_urls.md.,open
2026-06-07,info,unknown_document_type,,2026-04-28_attachments_f_12_04_city_hs_2025_baseball_softball_field_improvements,Document 'data/raw/board_packets/2026-04-28_Board_of_Directors/attachments/F_12_04_City HS 2025 Baseball & Softball Field Improvements.pdf' is unclassified (type=generic_pdf).,Classify in data/manual/document_classification_manual.csv.,open
2026-06-07,info,missing_source_url,,2026-04-28_attachments_f_12_04_city_hs_2025_baseball_softball_field_improvements,No source_url recorded for 'data/raw/board_packets/2026-04-28_Board_of_Directors/attachments/F_12_04_City HS 2025 Baseball & Softball Field Improvements.pdf'.,Record the public URL in the inventory or a source_urls.md.,open
2026-06-07,info,missing_source_url,,2026-04-28_attachments_f_12_05_capital_projects_status_report,No source_url recorded for 'data/raw/board_packets/2026-04-28_Board_of_Directors/attachments/F_12_05_Capital Projects Status Report.pdf'.,Record the public URL in the inventory or a source_urls.md.,open
2026-06-07,info,unknown_document_type,,2026-04-28_attachments_f_12_06_combined_appendix_9_approval_requests_and_project_up,Document 'data/raw/board_packets/2026-04-28_Board_of_Directors/attachments/F_12_06_Combined Appendix 9 Approval Requests and Project Up.pdf' is unclassified (type=generic_pdf).,Classify in data/manual/document_classification_manual.csv.,open
2026-06-07,info,missing_source_url,,2026-04-28_attachments_f_12_06_combined_appendix_9_approval_requests_and_project_up,No source_url recorded for 'data/raw/board_packets/2026-04-28_Board_of_Directors/attachments/F_12_06_Combined Appendix 9 Approval Requests and Project Up.pdf'.,Record the public URL in the inventory or a source_urls.md.,open
2026-06-07,info,unknown_document_type,,2026-04-28_attachments_i_01_01_800_policies_buildings_sites,Document 'data/raw/board_packets/2026-04-28_Board_of_Directors/attachments/I_01_01_800 Policies Buildings & Sites.pdf' is unclassified (type=generic_pdf).,Classify in data/manual/document_classification_manual.csv.,open
2026-06-07,info,missing_source_url,,2026-04-28_attachments_i_01_01_800_policies_buildings_sites,No source_url recorded for 'data/raw/board_packets/2026-04-28_Board_of_Directors/attachments/I_01_01_800 Policies Buildings & Sites.pdf'.,Record the public URL in the inventory or a source_urls.md.,open
2026-06-07,info,unknown_document_type,,2026-04-28_attachments_i_02_01_700_policies,Document 'data/raw/board_packets/2026-04-28_Board_of_Directors/attachments/I_02_01_700 Policies.pdf' is unclassified (type=generic_pdf).,Classify in data/manual/document_classification_manual.csv.,open
2026-06-07,info,missing_source_url,,2026-04-28_attachments_i_02_01_700_policies,No source_url recorded for 'data/raw/board_packets/2026-04-28_Board_of_Directors/attachments/I_02_01_700 Policies.pdf'.,Record the public URL in the inventory or a source_urls.md.,open
2026-06-07,info,unknown_document_type,,2026-04-28_attachments_i_03_01_policy_primers,Document 'data/raw/board_packets/2026-04-28_Board_of_Directors/attachments/I_03_01_Policy Primers.pdf' is unclassified (type=generic_pdf).,Classify in data/manual/document_classification_manual.csv.,open
2026-06-07,info,missing_source_url,,2026-04-28_attachments_i_03_01_policy_primers,No source_url recorded for 'data/raw/board_packets/2026-04-28_Board_of_Directors/attachments/I_03_01_Policy Primers.pdf'.,Record the public URL in the inventory or a source_urls.md.,open
2026-06-07,info,unknown_document_type,,2026-04-28_attachments_i_04_01_policy_207_board_of_directors_legal_counsel,Document 'data/raw/board_packets/2026-04-28_Board_of_Directors/attachments/I_04_01_Policy 207 Board of Directors Legal Counsel.pdf' is unclassified (type=generic_pdf).,Classify in data/manual/document_classification_manual.csv.,open
2026-06-07,info,missing_source_url,,2026-04-28_attachments_i_04_01_policy_207_board_of_directors_legal_counsel,No source_url recorded for 'data/raw/board_packets/2026-04-28_Board_of_Directors/attachments/I_04_01_Policy 207 Board of Directors Legal Counsel.pdf'.,Record the public URL in the inventory or a source_urls.md.,open
2026-06-07,info,unknown_document_type,,2026-04-28_attachments_i_05_01_303_2_administrator_qualifications_recruitment_a,"Document 'data/raw/board_packets/2026-04-28_Board_of_Directors/attachments/I_05_01_303.2 - Administrator Qualifications, Recruitment, A.pdf' is unclassified (type=generic_pdf).",Classify in data/manual/document_classification_manual.csv.,open
2026-06-07,info,missing_source_url,,2026-04-28_attachments_i_05_01_303_2_administrator_qualifications_recruitment_a,"No source_url recorded for 'data/raw/board_packets/2026-04-28_Board_of_Directors/attachments/I_05_01_303.2 - Administrator Qualifications, Recruitment, A.pdf'.",Record the public URL in the inventory or a source_urls.md.,open
2026-06-07,info,unknown_document_type,,2026-04-28_attachments_i_06_01_303_4_administrator_salary_and_other_compensation,Document 'data/raw/board_packets/2026-04-28_Board_of_Directors/attachments/I_06_01_303.4 Administrator Salary and Other Compensation.pdf' is unclassified (type=generic_pdf).,Classify in data/manual/document_classification_manual.csv.,open
2026-06-07,info,missing_source_url,,2026-04-28_attachments_i_06_01_303_4_administrator_salary_and_other_compensation,No source_url recorded for 'data/raw/board_packets/2026-04-28_Board_of_Directors/attachments/I_06_01_303.4 Administrator Salary and Other Compensation.pdf'.,Record the public URL in the inventory or a source_urls.md.,open
2026-06-07,info,unknown_document_type,,2026-04-28_attachments_i_06_02_303_4_administrator_salary_and_other_compensation,Document 'data/raw/board_packets/2026-04-28_Board_of_Directors/attachments/I_06_02_303.4 - Administrator Salary and Other Compensation.pdf' is unclassified (type=generic_pdf).,Classify in data/manual/document_classification_manual.csv.,open
2026-06-07,info,missing_source_url,,2026-04-28_attachments_i_06_02_303_4_administrator_salary_and_other_compensation,No source_url recorded for 'data/raw/board_packets/2026-04-28_Board_of_Directors/attachments/I_06_02_303.4 - Administrator Salary and Other Compensation.pdf'.,Record the public URL in the inventory or a source_urls.md.,open
2026-06-07,info,unknown_document_type,,2026-04-28_attachments_j_01_01_pfm_presentation_iccsd_ytd_genfund_fiscal_progress_a,Document 'data/raw/board_packets/2026-04-28_Board_of_Directors/attachments/J_01_01_PFM_Presentation_ICCSD_YTD_GenFund_Fiscal_Progress_a.pdf' is unclassified (type=generic_pdf).,Classify in data/manual/document_classification_manual.csv.,open
2026-06-07,info,missing_source_url,,2026-04-28_attachments_j_01_01_pfm_presentation_iccsd_ytd_genfund_fiscal_progress_a,No source_url recorded for 'data/raw/board_packets/2026-04-28_Board_of_Directors/attachments/J_01_01_PFM_Presentation_ICCSD_YTD_GenFund_Fiscal_Progress_a.pdf'.,Record the public URL in the inventory or a source_urls.md.,open
2026-06-07,info,unknown_document_type,,2026-04-28_attachments_j_01_02_pfm_presentation_iccsd_ytd_genfund_fiscal_progress_a,Document 'data/raw/board_packets/2026-04-28_Board_of_Directors/attachments/J_01_02_PFM_Presentation_ICCSD_YTD_GenFund_Fiscal_Progress_a.pdf' is unclassified (type=generic_pdf).,Classify in data/manual/document_classification_manual.csv.,open
2026-06-07,info,missing_source_url,,2026-04-28_attachments_j_01_02_pfm_presentation_iccsd_ytd_genfund_fiscal_progress_a,No source_url recorded for 'data/raw/board_packets/2026-04-28_Board_of_Directors/attachments/J_01_02_PFM_Presentation_ICCSD_YTD_GenFund_Fiscal_Progress_a.pdf'.,Record the public URL in the inventory or a source_urls.md.,open
2026-06-07,info,missing_source_url,,2026-04-28_attachments_j_02_01_interim_chief_financial_report_4_17_26,No source_url recorded for 'data/raw/board_packets/2026-04-28_Board_of_Directors/attachments/J_02_01_Interim Chief Financial Report 4.17.26.pdf'.,Record the public URL in the inventory or a source_urls.md.,open
2026-06-07,info,unknown_document_type,,2026-04-28_attachments_j_02_02_summary_4_17_status_of_progress,Document 'data/raw/board_packets/2026-04-28_Board_of_Directors/attachments/J_02_02_Summary 4-17 Status of Progress.pdf' is unclassified (type=generic_pdf).,Classify in data/manual/document_classification_manual.csv.,open
2026-06-07,info,missing_source_url,,2026-04-28_attachments_j_02_02_summary_4_17_status_of_progress,No source_url recorded for 'data/raw/board_packets/2026-04-28_Board_of_Directors/attachments/J_02_02_Summary 4-17 Status of Progress.pdf'.,Record the public URL in the inventory or a source_urls.md.,open
2026-06-07,info,missing_source_url,,2026-04-28_attachments_j_02_03_financial_iccsd_monthly_close_schedule_as_of_4_17_26,No source_url recorded for 'data/raw/board_packets/2026-04-28_Board_of_Directors/attachments/J_02_03_Financial ICCSD Monthly Close Schedule as of 4.17.26.pdf'.,Record the public URL in the inventory or a source_urls.md.,open
2026-06-07,info,missing_source_url,,2026-04-28_attachments_j_02_04_interim_chief_financial_report_4_24_26,No source_url recorded for 'data/raw/board_packets/2026-04-28_Board_of_Directors/attachments/J_02_04_Interim Chief Financial Report 4.24.26.pdf'.,Record the public URL in the inventory or a source_urls.md.,open
2026-06-07,info,unknown_document_type,,2026-04-28_attachments_j_02_05_summary_4_23_status_of_progress,Document 'data/raw/board_packets/2026-04-28_Board_of_Directors/attachments/J_02_05_Summary 4-23 Status of Progress.pdf' is unclassified (type=generic_pdf).,Classify in data/manual/document_classification_manual.csv.,open
2026-06-07,info,missing_source_url,,2026-04-28_attachments_j_02_05_summary_4_23_status_of_progress,No source_url recorded for 'data/raw/board_packets/2026-04-28_Board_of_Directors/attachments/J_02_05_Summary 4-23 Status of Progress.pdf'.,Record the public URL in the inventory or a source_urls.md.,open
2026-06-07,info,missing_source_url,,2026-04-28_attachments_j_03_01_board_financial_leadership_update,No source_url recorded for 'data/raw/board_packets/2026-04-28_Board_of_Directors/attachments/J_03_01_Board Financial Leadership Update.pdf'.,Record the public URL in the inventory or a source_urls.md.,open
2026-06-07,info,unknown_document_type,,2026-04-28_attachments_j_04_01_2026_04_28_bod_discussion_community_communications,Document 'data/raw/board_packets/2026-04-28_Board_of_Directors/attachments/J_04_01_2026-04-28 BoD Discussion_Community Communications.pdf' is unclassified (type=generic_pdf).,Classify in data/manual/document_classification_manual.csv.,open
2026-06-07,info,missing_source_url,,2026-04-28_attachments_j_04_01_2026_04_28_bod_discussion_community_communications,No source_url recorded for 'data/raw/board_packets/2026-04-28_Board_of_Directors/attachments/J_04_01_2026-04-28 BoD Discussion_Community Communications.pdf'.,Record the public URL in the inventory or a source_urls.md.,open
2026-06-07,info,unknown_document_type,,2026-04-28_attachments_j_05_01_4_28_26_board_meeting_staff_anonymous_reporting_too,Document 'data/raw/board_packets/2026-04-28_Board_of_Directors/attachments/J_05_01_4_28_26 Board Meeting_ Staff Anonymous Reporting Too.pdf' is unclassified (type=generic_pdf).,Classify in data/manual/document_classification_manual.csv.,open
2026-06-07,info,missing_source_url,,2026-04-28_attachments_j_05_01_4_28_26_board_meeting_staff_anonymous_reporting_too,No source_url recorded for 'data/raw/board_packets/2026-04-28_Board_of_Directors/attachments/J_05_01_4_28_26 Board Meeting_ Staff Anonymous Reporting Too.pdf'.,Record the public URL in the inventory or a source_urls.md.,open
2026-06-07,info,unknown_document_type,,2026-04-28_attachments_j_06_01_proposed_resolution_on_the_facilities_master_plan,Document 'data/raw/board_packets/2026-04-28_Board_of_Directors/attachments/J_06_01_Proposed Resolution on the Facilities Master Plan.pdf' is unclassified (type=generic_pdf).,Classify in data/manual/document_classification_manual.csv.,open
2026-06-07,info,missing_source_url,,2026-04-28_attachments_j_06_01_proposed_resolution_on_the_facilities_master_plan,No source_url recorded for 'data/raw/board_packets/2026-04-28_Board_of_Directors/attachments/J_06_01_Proposed Resolution on the Facilities Master Plan.pdf'.,Record the public URL in the inventory or a source_urls.md.,open
2026-06-07,info,unknown_document_type,,2026-04-28_attachments_l_01_01_700_policies,Document 'data/raw/board_packets/2026-04-28_Board_of_Directors/attachments/L_01_01_700 Policies.pdf' is unclassified (type=generic_pdf).,Classify in data/manual/document_classification_manual.csv.,open
2026-06-07,info,missing_source_url,,2026-04-28_attachments_l_01_01_700_policies,No source_url recorded for 'data/raw/board_packets/2026-04-28_Board_of_Directors/attachments/L_01_01_700 Policies.pdf'.,Record the public URL in the inventory or a source_urls.md.,open
2026-06-07,info,missing_source_url,,2026-04-28_attachments_l_02_01_fy27_certified_budget_discussion,No source_url recorded for 'data/raw/board_packets/2026-04-28_Board_of_Directors/attachments/L_02_01_FY27 Certified Budget Discussion.pdf'.,Record the public URL in the inventory or a source_urls.md.,open
2026-06-07,info,unknown_document_type,,2026-04-28_attachments_l_02_02_nopa_2026_2027_property_tax_levy,Document 'data/raw/board_packets/2026-04-28_Board_of_Directors/attachments/L_02_02_NOPA - 2026-2027 Property Tax Levy.pdf' is unclassified (type=generic_pdf).,Classify in data/manual/document_classification_manual.csv.,open
2026-06-07,info,missing_source_url,,2026-04-28_attachments_l_02_02_nopa_2026_2027_property_tax_levy,No source_url recorded for 'data/raw/board_packets/2026-04-28_Board_of_Directors/attachments/L_02_02_NOPA - 2026-2027 Property Tax Levy.pdf'.,Record the public URL in the inventory or a source_urls.md.,open
2026-06-07,info,missing_source_url,,2026-04-28_attachments_l_02_03_nopa_2026_2027_certified_budget,No source_url recorded for 'data/raw/board_packets/2026-04-28_Board_of_Directors/attachments/L_02_03_NOPA - 2026-2027 Certified Budget.pdf'.,Record the public URL in the inventory or a source_urls.md.,open
2026-06-07,info,unknown_document_type,,2026-04-28_attachments_l_03_01_affidavit_and_resolution_re_conveyance_of_real_prope,Document 'data/raw/board_packets/2026-04-28_Board_of_Directors/attachments/L_03_01_Affidavit and Resolution re Conveyance of Real Prope.pdf' is unclassified (type=generic_pdf).,Classify in data/manual/document_classification_manual.csv.,open
2026-06-07,info,missing_source_url,,2026-04-28_attachments_l_03_01_affidavit_and_resolution_re_conveyance_of_real_prope,No source_url recorded for 'data/raw/board_packets/2026-04-28_Board_of_Directors/attachments/L_03_01_Affidavit and Resolution re Conveyance of Real Prope.pdf'.,Record the public URL in the inventory or a source_urls.md.,open
2026-06-07,info,unknown_document_type,,2026-04-28_attachments_l_03_02_second_resolution_4_28_26_iowa_city,Document 'data/raw/board_packets/2026-04-28_Board_of_Directors/attachments/L_03_02_Second Resolution - 4.28.26 - Iowa City.pdf' is unclassified (type=generic_pdf).,Classify in data/manual/document_classification_manual.csv.,open
2026-06-07,info,missing_source_url,,2026-04-28_attachments_l_03_02_second_resolution_4_28_26_iowa_city,No source_url recorded for 'data/raw/board_packets/2026-04-28_Board_of_Directors/attachments/L_03_02_Second Resolution - 4.28.26 - Iowa City.pdf'.,Record the public URL in the inventory or a source_urls.md.,open
2026-06-07,info,unknown_document_type,,2026-04-28_attachments_m_02_01_5_12_26_operations_committee_meeting_draft,Document 'data/raw/board_packets/2026-04-28_Board_of_Directors/attachments/M_02_01_5.12.26 Operations Committee Meeting - DRAFT.pdf' is unclassified (type=generic_pdf).,Classify in data/manual/document_classification_manual.csv.,open
2026-06-07,info,missing_source_url,,2026-04-28_attachments_m_02_01_5_12_26_operations_committee_meeting_draft,No source_url recorded for 'data/raw/board_packets/2026-04-28_Board_of_Directors/attachments/M_02_01_5.12.26 Operations Committee Meeting - DRAFT.pdf'.,Record the public URL in the inventory or a source_urls.md.,open
2026-06-07,info,unknown_document_type,,2026-04-28_attachments_m_02_02_5_12_26_regular_meeting_of_the_board_of_directors,Document 'data/raw/board_packets/2026-04-28_Board_of_Directors/attachments/M_02_02_5.12.26 Regular Meeting of the Board of Directors -.pdf' is unclassified (type=generic_pdf).,Classify in data/manual/document_classification_manual.csv.,open
2026-06-07,info,missing_source_url,,2026-04-28_attachments_m_02_02_5_12_26_regular_meeting_of_the_board_of_directors,No source_url recorded for 'data/raw/board_packets/2026-04-28_Board_of_Directors/attachments/M_02_02_5.12.26 Regular Meeting of the Board of Directors -.pdf'.,Record the public URL in the inventory or a source_urls.md.,open
2026-06-07,info,missing_source_url,,2026-04-28_2026_04_28_board_of_directors_transcript,No source_url recorded for 'data/raw/board_packets/2026-04-28_Board_of_Directors/transcript.json'.,Record the public URL in the inventory or a source_urls.md.,open
2026-06-07,info,unknown_document_type,,2026-05-12_attachments_e_01_01_affidavit_of_publication,Document 'data/raw/board_packets/2026-05-12_Board_of_Directors/attachments/E_01_01_Affidavit of Publication.pdf' is unclassified (type=generic_pdf).,Classify in data/manual/document_classification_manual.csv.,open
2026-06-07,info,missing_source_url,,2026-05-12_attachments_e_01_01_affidavit_of_publication,No source_url recorded for 'data/raw/board_packets/2026-05-12_Board_of_Directors/attachments/E_01_01_Affidavit of Publication.pdf'.,Record the public URL in the inventory or a source_urls.md.,open
2026-06-07,info,unknown_document_type,,2026-05-12_attachments_f_06_01_ap_board_report_5_12_2026,Document 'data/raw/board_packets/2026-05-12_Board_of_Directors/attachments/F_06_01_AP Board Report 5.12.2026.pdf' is unclassified (type=generic_pdf).,Classify in data/manual/document_classification_manual.csv.,open
2026-06-07,info,missing_source_url,,2026-05-12_attachments_f_06_01_ap_board_report_5_12_2026,No source_url recorded for 'data/raw/board_packets/2026-05-12_Board_of_Directors/attachments/F_06_01_AP Board Report 5.12.2026.pdf'.,Record the public URL in the inventory or a source_urls.md.,open
2026-06-07,info,unknown_document_type,,2026-05-12_attachments_f_06_02_boardreport10003_1,Document 'data/raw/board_packets/2026-05-12_Board_of_Directors/attachments/F_06_02_BoardReport10003 (1).pdf' is unclassified (type=generic_pdf).,Classify in data/manual/document_classification_manual.csv.,open
2026-06-07,info,missing_source_url,,2026-05-12_attachments_f_06_02_boardreport10003_1,No source_url recorded for 'data/raw/board_packets/2026-05-12_Board_of_Directors/attachments/F_06_02_BoardReport10003 (1).pdf'.,Record the public URL in the inventory or a source_urls.md.,open
2026-06-07,info,unknown_document_type,,2026-05-12_attachments_f_06_03_4_28_2026_boardreport10003,Document 'data/raw/board_packets/2026-05-12_Board_of_Directors/attachments/F_06_03_4-28-2026_Boardreport10003.pdf' is unclassified (type=generic_pdf).,Classify in data/manual/document_classification_manual.csv.,open
2026-06-07,info,missing_source_url,,2026-05-12_attachments_f_06_03_4_28_2026_boardreport10003,No source_url recorded for 'data/raw/board_packets/2026-05-12_Board_of_Directors/attachments/F_06_03_4-28-2026_Boardreport10003.pdf'.,Record the public URL in the inventory or a source_urls.md.,open
2026-06-07,info,missing_source_url,,2026-05-12_attachments_f_07_01_may_12_2026_board_agenda_v3,"No source_url recorded for 'data/raw/board_packets/2026-05-12_Board_of_Directors/attachments/F_07_01_May 12, 2026 Board Agenda v3.pdf'.",Record the public URL in the inventory or a source_urls.md.,open
2026-06-07,info,unknown_document_type,,2026-05-12_attachments_f_08_01_5_12_2026_board_meeting_oe_25_26,Document 'data/raw/board_packets/2026-05-12_Board_of_Directors/attachments/F_08_01_5-12-2026 Board Meeting OE (25-26)-.pdf' is unclassified (type=generic_pdf).,Classify in data/manual/document_classification_manual.csv.,open
2026-06-07,info,missing_source_url,,2026-05-12_attachments_f_08_01_5_12_2026_board_meeting_oe_25_26,No source_url recorded for 'data/raw/board_packets/2026-05-12_Board_of_Directors/attachments/F_08_01_5-12-2026 Board Meeting OE (25-26)-.pdf'.,Record the public URL in the inventory or a source_urls.md.,open
2026-06-07,info,unknown_document_type,,2026-05-12_attachments_f_08_02_5_12_2026_board_meeting_oe_26_27,Document 'data/raw/board_packets/2026-05-12_Board_of_Directors/attachments/F_08_02_5-12-2026 Board Meeting OE (26-27)-.pdf' is unclassified (type=generic_pdf).,Classify in data/manual/document_classification_manual.csv.,open
2026-06-07,info,missing_source_url,,2026-05-12_attachments_f_08_02_5_12_2026_board_meeting_oe_26_27,No source_url recorded for 'data/raw/board_packets/2026-05-12_Board_of_Directors/attachments/F_08_02_5-12-2026 Board Meeting OE (26-27)-.pdf'.,Record the public URL in the inventory or a source_urls.md.,open
2026-06-07,info,unknown_document_type,,2026-05-12_attachments_f_09_01_2026_2027_ijag_mou,Document 'data/raw/board_packets/2026-05-12_Board_of_Directors/attachments/F_09_01_2026-2027 iJAG MOU.pdf' is unclassified (type=generic_pdf).,Classify in data/manual/document_classification_manual.csv.,open
2026-06-07,info,missing_source_url,,2026-05-12_attachments_f_09_01_2026_2027_ijag_mou,No source_url recorded for 'data/raw/board_packets/2026-05-12_Board_of_Directors/attachments/F_09_01_2026-2027 iJAG MOU.pdf'.,Record the public URL in the inventory or a source_urls.md.,open
2026-06-07,info,unknown_document_type,,2026-05-12_attachments_f_10_01_abc_recycling,Document 'data/raw/board_packets/2026-05-12_Board_of_Directors/attachments/F_10_01_ABC Recycling.pdf' is unclassified (type=generic_pdf).,Classify in data/manual/document_classification_manual.csv.,open
2026-06-07,info,missing_source_url,,2026-05-12_attachments_f_10_01_abc_recycling,No source_url recorded for 'data/raw/board_packets/2026-05-12_Board_of_Directors/attachments/F_10_01_ABC Recycling.pdf'.,Record the public URL in the inventory or a source_urls.md.,open
2026-06-07,info,unknown_document_type,,2026-05-12_attachments_f_11_01_iowa_city_community_school_district_privacy_dpa_2026_04_01,Document 'data/raw/board_packets/2026-05-12_Board_of_Directors/attachments/F_11_01_Iowa City Community School District_Privacy_DPA_2026-04-01.pdf' is unclassified (type=generic_pdf).,Classify in data/manual/document_classification_manual.csv.,open
2026-06-07,info,missing_source_url,,2026-05-12_attachments_f_11_01_iowa_city_community_school_district_privacy_dpa_2026_04_01,No source_url recorded for 'data/raw/board_packets/2026-05-12_Board_of_Directors/attachments/F_11_01_Iowa City Community School District_Privacy_DPA_2026-04-01.pdf'.,Record the public URL in the inventory or a source_urls.md.,open
2026-06-07,info,unknown_document_type,,2026-05-12_attachments_f_12_01_iowastandarddpa_issuebadge,Document 'data/raw/board_packets/2026-05-12_Board_of_Directors/attachments/F_12_01_IowaStandardDPA_IssueBadge.pdf' is unclassified (type=generic_pdf).,Classify in data/manual/document_classification_manual.csv.,open
2026-06-07,info,missing_source_url,,2026-05-12_attachments_f_12_01_iowastandarddpa_issuebadge,No source_url recorded for 'data/raw/board_packets/2026-05-12_Board_of_Directors/attachments/F_12_01_IowaStandardDPA_IssueBadge.pdf'.,Record the public URL in the inventory or a source_urls.md.,open
2026-06-07,info,unknown_document_type,,2026-05-12_attachments_f_13_01_iowasdpa_26_gearlocker,Document 'data/raw/board_packets/2026-05-12_Board_of_Directors/attachments/F_13_01_IowaSDPA[26]GearLocker.pdf' is unclassified (type=generic_pdf).,Classify in data/manual/document_classification_manual.csv.,open
2026-06-07,info,missing_source_url,,2026-05-12_attachments_f_13_01_iowasdpa_26_gearlocker,No source_url recorded for 'data/raw/board_packets/2026-05-12_Board_of_Directors/attachments/F_13_01_IowaSDPA[26]GearLocker.pdf'.,Record the public URL in the inventory or a source_urls.md.,open
2026-06-07,info,unknown_document_type,,2026-05-12_attachments_f_14_01_iowasdpa_26_cleverprototypesllc,Document 'data/raw/board_packets/2026-05-12_Board_of_Directors/attachments/F_14_01_IowaSDPA[26]CleverPrototypesLLC.pdf' is unclassified (type=generic_pdf).,Classify in data/manual/document_classification_manual.csv.,open
2026-06-07,info,missing_source_url,,2026-05-12_attachments_f_14_01_iowasdpa_26_cleverprototypesllc,No source_url recorded for 'data/raw/board_packets/2026-05-12_Board_of_Directors/attachments/F_14_01_IowaSDPA[26]CleverPrototypesLLC.pdf'.,Record the public URL in the inventory or a source_urls.md.,open
2026-06-07,info,unknown_document_type,,2026-05-12_attachments_f_15_01_2026_01_26_hmh_indianolasigned,Document 'data/raw/board_packets/2026-05-12_Board_of_Directors/attachments/F_15_01_2026-01-26_HMH_IndianolaSigned.pdf' is unclassified (type=generic_pdf).,Classify in data/manual/document_classification_manual.csv.,open
2026-06-07,info,missing_source_url,,2026-05-12_attachments_f_15_01_2026_01_26_hmh_indianolasigned,No source_url recorded for 'data/raw/board_packets/2026-05-12_Board_of_Directors/attachments/F_15_01_2026-01-26_HMH_IndianolaSigned.pdf'.,Record the public URL in the inventory or a source_urls.md.,open
2026-06-07,info,unknown_document_type,,2026-05-12_attachments_f_15_02_2026_01_26_hmh_signed,Document 'data/raw/board_packets/2026-05-12_Board_of_Directors/attachments/F_15_02_2026-01-26_HMH_Signed.pdf' is unclassified (type=generic_pdf).,Classify in data/manual/document_classification_manual.csv.,open
2026-06-07,info,missing_source_url,,2026-05-12_attachments_f_15_02_2026_01_26_hmh_signed,No source_url recorded for 'data/raw/board_packets/2026-05-12_Board_of_Directors/attachments/F_15_02_2026-01-26_HMH_Signed.pdf'.,Record the public URL in the inventory or a source_urls.md.,open
2026-06-07,info,unknown_document_type,,2026-05-12_attachments_f_16_01_2025_09_26_11089_1167_signed_agreement_file,Document 'data/raw/board_packets/2026-05-12_Board_of_Directors/attachments/F_16_01_2025-09-26_11089_1167_signed_agreement_file.pdf' is unclassified (type=generic_pdf).,Classify in data/manual/document_classification_manual.csv.,open
2026-06-07,info,missing_source_url,,2026-05-12_attachments_f_16_01_2025_09_26_11089_1167_signed_agreement_file,No source_url recorded for 'data/raw/board_packets/2026-05-12_Board_of_Directors/attachments/F_16_01_2025-09-26_11089_1167_signed_agreement_file.pdf'.,Record the public URL in the inventory or a source_urls.md.,open
2026-06-07,info,unknown_document_type,,2026-05-12_attachments_f_16_02_vhl_signed_agreement_file,Document 'data/raw/board_packets/2026-05-12_Board_of_Directors/attachments/F_16_02_VHL_signed_agreement_file.pdf' is unclassified (type=generic_pdf).,Classify in data/manual/document_classification_manual.csv.,open
2026-06-07,info,missing_source_url,,2026-05-12_attachments_f_16_02_vhl_signed_agreement_file,No source_url recorded for 'data/raw/board_packets/2026-05-12_Board_of_Directors/attachments/F_16_02_VHL_signed_agreement_file.pdf'.,Record the public URL in the inventory or a source_urls.md.,open
2026-06-07,info,unknown_document_type,,2026-05-12_attachments_f_17_01_contract_invoice_grouped_ci_00006765,Document 'data/raw/board_packets/2026-05-12_Board_of_Directors/attachments/F_17_01_Contract Invoice-Grouped-CI-00006765.pdf' is unclassified (type=generic_pdf).,Classify in data/manual/document_classification_manual.csv.,open
2026-06-07,info,missing_source_url,,2026-05-12_attachments_f_17_01_contract_invoice_grouped_ci_00006765,No source_url recorded for 'data/raw/board_packets/2026-05-12_Board_of_Directors/attachments/F_17_01_Contract Invoice-Grouped-CI-00006765.pdf'.,Record the public URL in the inventory or a source_urls.md.,open
2026-06-07,info,unknown_document_type,,2026-05-12_attachments_f_18_01_5_12_26_resolution_fixing_date_of_hearings_for_deposit,Document 'data/raw/board_packets/2026-05-12_Board_of_Directors/attachments/F_18_01_5.12.26 Resolution Fixing Date of Hearings for Deposit.pdf' is unclassified (type=generic_pdf).,Classify in data/manual/document_classification_manual.csv.,open
2026-06-07,info,missing_source_url,,2026-05-12_attachments_f_18_01_5_12_26_resolution_fixing_date_of_hearings_for_deposit,No source_url recorded for 'data/raw/board_packets/2026-05-12_Board_of_Directors/attachments/F_18_01_5.12.26 Resolution Fixing Date of Hearings for Deposit.pdf'.,Record the public URL in the inventory or a source_urls.md.,open
2026-06-07,info,unknown_document_type,,2026-05-12_attachments_f_18_02_hills_property_notice_of_public_hearing_deposit_of_proceeds_to_genera,Document 'data/raw/board_packets/2026-05-12_Board_of_Directors/attachments/F_18_02_Hills Property Notice of Public Hearing Deposit of Proceeds to Genera.pdf' is unclassified (type=generic_pdf).,Classify in data/manual/document_classification_manual.csv.,open
2026-06-07,info,missing_source_url,,2026-05-12_attachments_f_18_02_hills_property_notice_of_public_hearing_deposit_of_proceeds_to_genera,No source_url recorded for 'data/raw/board_packets/2026-05-12_Board_of_Directors/attachments/F_18_02_Hills Property Notice of Public Hearing Deposit of Proceeds to Genera.pdf'.,Record the public URL in the inventory or a source_urls.md.,open
2026-06-07,info,unknown_document_type,,2026-05-12_attachments_f_19_01_5_12_26_resolution_fixing_date_of_hearings_for_deposit,Document 'data/raw/board_packets/2026-05-12_Board_of_Directors/attachments/F_19_01_5.12.26 Resolution Fixing Date of Hearings for Deposit.pdf' is unclassified (type=generic_pdf).,Classify in data/manual/document_classification_manual.csv.,open
2026-06-07,info,missing_source_url,,2026-05-12_attachments_f_19_01_5_12_26_resolution_fixing_date_of_hearings_for_deposit,No source_url recorded for 'data/raw/board_packets/2026-05-12_Board_of_Directors/attachments/F_19_01_5.12.26 Resolution Fixing Date of Hearings for Deposit.pdf'.,Record the public URL in the inventory or a source_urls.md.,open
2026-06-07,info,unknown_document_type,,2026-05-12_attachments_f_19_02_1725_n_dodge_street_notice_of_ph_for_deposit_of_proceeds_to_genera,Document 'data/raw/board_packets/2026-05-12_Board_of_Directors/attachments/F_19_02_1725 N. Dodge Street - Notice of PH for Deposit of Proceeds to Genera.pdf' is unclassified (type=generic_pdf).,Classify in data/manual/document_classification_manual.csv.,open
2026-06-07,info,missing_source_url,,2026-05-12_attachments_f_19_02_1725_n_dodge_street_notice_of_ph_for_deposit_of_proceeds_to_genera,No source_url recorded for 'data/raw/board_packets/2026-05-12_Board_of_Directors/attachments/F_19_02_1725 N. Dodge Street - Notice of PH for Deposit of Proceeds to Genera.pdf'.,Record the public URL in the inventory or a source_urls.md.,open
2026-06-07,info,unknown_document_type,,2026-05-12_attachments_f_20_01_resolution_scanlon_familly_l_l_c,"Document 'data/raw/board_packets/2026-05-12_Board_of_Directors/attachments/F_20_01_Resolution - Scanlon Familly, L.L.C.pdf' is unclassified (type=generic_pdf).",Classify in data/manual/document_classification_manual.csv.,open
2026-06-07,info,missing_source_url,,2026-05-12_attachments_f_20_01_resolution_scanlon_familly_l_l_c,"No source_url recorded for 'data/raw/board_packets/2026-05-12_Board_of_Directors/attachments/F_20_01_Resolution - Scanlon Familly, L.L.C.pdf'.",Record the public URL in the inventory or a source_urls.md.,open
2026-06-07,info,unknown_document_type,,2026-05-12_attachments_f_20_02_scanlon_property_conveyance_of_real_property_notice_of_public_hea,Document 'data/raw/board_packets/2026-05-12_Board_of_Directors/attachments/F_20_02_Scanlon Property - Conveyance of Real Property - Notice of Public Hea.pdf' is unclassified (type=generic_pdf).,Classify in data/manual/document_classification_manual.csv.,open
2026-06-07,info,missing_source_url,,2026-05-12_attachments_f_20_02_scanlon_property_conveyance_of_real_property_notice_of_public_hea,No source_url recorded for 'data/raw/board_packets/2026-05-12_Board_of_Directors/attachments/F_20_02_Scanlon Property - Conveyance of Real Property - Notice of Public Hea.pdf'.,Record the public URL in the inventory or a source_urls.md.,open
2026-06-07,info,unknown_document_type,,2026-05-12_attachments_f_21_01_5_12_26_resolution_fixing_date_of_hearings_for_deposit,Document 'data/raw/board_packets/2026-05-12_Board_of_Directors/attachments/F_21_01_5.12.26 Resolution Fixing Date of Hearings for Deposit.pdf' is unclassified (type=generic_pdf).,Classify in data/manual/document_classification_manual.csv.,open
2026-06-07,info,missing_source_url,,2026-05-12_attachments_f_21_01_5_12_26_resolution_fixing_date_of_hearings_for_deposit,No source_url recorded for 'data/raw/board_packets/2026-05-12_Board_of_Directors/attachments/F_21_01_5.12.26 Resolution Fixing Date of Hearings for Deposit.pdf'.,Record the public URL in the inventory or a source_urls.md.,open
2026-06-07,info,unknown_document_type,,2026-05-12_attachments_f_21_02_scanlon_property_notice_of_public_hearing,Document 'data/raw/board_packets/2026-05-12_Board_of_Directors/attachments/F_21_02_Scanlon Property - Notice of Public Hearing.pdf' is unclassified (type=generic_pdf).,Classify in data/manual/document_classification_manual.csv.,open
2026-06-07,info,missing_source_url,,2026-05-12_attachments_f_21_02_scanlon_property_notice_of_public_hearing,No source_url recorded for 'data/raw/board_packets/2026-05-12_Board_of_Directors/attachments/F_21_02_Scanlon Property - Notice of Public Hearing.pdf'.,Record the public URL in the inventory or a source_urls.md.,open
2026-06-07,info,unknown_document_type,,2026-05-12_attachments_f_22_01_summary_of_appendix_9_approval_requests_and_project_updates,Document 'data/raw/board_packets/2026-05-12_Board_of_Directors/attachments/F_22_01_Summary of Appendix 9 Approval Requests and Project Updates.pdf' is unclassified (type=generic_pdf).,Classify in data/manual/document_classification_manual.csv.,open
2026-06-07,info,missing_source_url,,2026-05-12_attachments_f_22_01_summary_of_appendix_9_approval_requests_and_project_updates,No source_url recorded for 'data/raw/board_packets/2026-05-12_Board_of_Directors/attachments/F_22_01_Summary of Appendix 9 Approval Requests and Project Updates.pdf'.,Record the public URL in the inventory or a source_urls.md.,open
2026-06-07,info,unknown_document_type,,2026-05-12_attachments_f_22_02_city_hs_2025_opstad_theater_lighting,Document 'data/raw/board_packets/2026-05-12_Board_of_Directors/attachments/F_22_02_City HS 2025 Opstad Theater Lighting.pdf' is unclassified (type=generic_pdf).,Classify in data/manual/document_classification_manual.csv.,open
2026-06-07,info,missing_source_url,,2026-05-12_attachments_f_22_02_city_hs_2025_opstad_theater_lighting,No source_url recorded for 'data/raw/board_packets/2026-05-12_Board_of_Directors/attachments/F_22_02_City HS 2025 Opstad Theater Lighting.pdf'.,Record the public URL in the inventory or a source_urls.md.,open
2026-06-07,info,unknown_document_type,,2026-05-12_attachments_f_22_03_hvac_upgrades_2023_lemme_es_hvac_upgrades,Document 'data/raw/board_packets/2026-05-12_Board_of_Directors/attachments/F_22_03_HVAC Upgrades 2023 Lemme ES HVAC Upgrades.pdf' is unclassified (type=generic_pdf).,Classify in data/manual/document_classification_manual.csv.,open
2026-06-07,info,missing_source_url,,2026-05-12_attachments_f_22_03_hvac_upgrades_2023_lemme_es_hvac_upgrades,No source_url recorded for 'data/raw/board_packets/2026-05-12_Board_of_Directors/attachments/F_22_03_HVAC Upgrades 2023 Lemme ES HVAC Upgrades.pdf'.,Record the public URL in the inventory or a source_urls.md.,open
2026-06-07,info,unknown_document_type,,2026-05-12_attachments_f_22_04_west_hs_renovation_phase_3,Document 'data/raw/board_packets/2026-05-12_Board_of_Directors/attachments/F_22_04_West HS Renovation Phase 3.pdf' is unclassified (type=generic_pdf).,Classify in data/manual/document_classification_manual.csv.,open
2026-06-07,info,missing_source_url,,2026-05-12_attachments_f_22_04_west_hs_renovation_phase_3,No source_url recorded for 'data/raw/board_packets/2026-05-12_Board_of_Directors/attachments/F_22_04_West HS Renovation Phase 3.pdf'.,Record the public URL in the inventory or a source_urls.md.,open
2026-06-07,info,missing_source_url,,2026-05-12_attachments_f_22_05_capital_projects_status_report,No source_url recorded for 'data/raw/board_packets/2026-05-12_Board_of_Directors/attachments/F_22_05_Capital Projects Status Report.pdf'.,Record the public URL in the inventory or a source_urls.md.,open
2026-06-07,info,unknown_document_type,,2026-05-12_attachments_f_22_06_combined_appendix_9_approval_requests_and_project_updates,Document 'data/raw/board_packets/2026-05-12_Board_of_Directors/attachments/F_22_06_Combined Appendix 9 Approval Requests and Project Updates.pdf' is unclassified (type=generic_pdf).,Classify in data/manual/document_classification_manual.csv.,open
2026-06-07,info,missing_source_url,,2026-05-12_attachments_f_22_06_combined_appendix_9_approval_requests_and_project_updates,No source_url recorded for 'data/raw/board_packets/2026-05-12_Board_of_Directors/attachments/F_22_06_Combined Appendix 9 Approval Requests and Project Updates.pdf'.,Record the public URL in the inventory or a source_urls.md.,open
2026-06-07,info,unknown_document_type,,2026-05-12_attachments_i_01_01_800_policies_buildings_and_sites,Document 'data/raw/board_packets/2026-05-12_Board_of_Directors/attachments/I_01_01_800 Policies - Buildings and Sites.pdf' is unclassified (type=generic_pdf).,Classify in data/manual/document_classification_manual.csv.,open
2026-06-07,info,missing_source_url,,2026-05-12_attachments_i_01_01_800_policies_buildings_and_sites,No source_url recorded for 'data/raw/board_packets/2026-05-12_Board_of_Directors/attachments/I_01_01_800 Policies - Buildings and Sites.pdf'.,Record the public URL in the inventory or a source_urls.md.,open
2026-06-07,info,unknown_document_type,,2026-05-12_attachments_i_02_01_policy_primers,Document 'data/raw/board_packets/2026-05-12_Board_of_Directors/attachments/I_02_01_Policy Primers.pdf' is unclassified (type=generic_pdf).,Classify in data/manual/document_classification_manual.csv.,open
2026-06-07,info,missing_source_url,,2026-05-12_attachments_i_02_01_policy_primers,No source_url recorded for 'data/raw/board_packets/2026-05-12_Board_of_Directors/attachments/I_02_01_Policy Primers.pdf'.,Record the public URL in the inventory or a source_urls.md.,open
2026-06-07,info,unknown_document_type,,2026-05-12_attachments_j_01_01_summary_of_progress_5_1_26,Document 'data/raw/board_packets/2026-05-12_Board_of_Directors/attachments/J_01_01_Summary of progress 5.1.26.pdf' is unclassified (type=generic_pdf).,Classify in data/manual/document_classification_manual.csv.,open
2026-06-07,info,missing_source_url,,2026-05-12_attachments_j_01_01_summary_of_progress_5_1_26,No source_url recorded for 'data/raw/board_packets/2026-05-12_Board_of_Directors/attachments/J_01_01_Summary of progress 5.1.26.pdf'.,Record the public URL in the inventory or a source_urls.md.,open
2026-06-07,info,unknown_document_type,,2026-05-12_attachments_j_01_02_summary_status_4_30,Document 'data/raw/board_packets/2026-05-12_Board_of_Directors/attachments/J_01_02_Summary Status 4.30.pdf' is unclassified (type=generic_pdf).,Classify in data/manual/document_classification_manual.csv.,open
2026-06-07,info,missing_source_url,,2026-05-12_attachments_j_01_02_summary_status_4_30,No source_url recorded for 'data/raw/board_packets/2026-05-12_Board_of_Directors/attachments/J_01_02_Summary Status 4.30.pdf'.,Record the public URL in the inventory or a source_urls.md.,open
2026-06-07,info,unknown_document_type,,2026-05-12_attachments_j_01_03_summary_of_progress_as_of_5_8_26,Document 'data/raw/board_packets/2026-05-12_Board_of_Directors/attachments/J_01_03_Summary of Progress as of 5.8.26.pdf' is unclassified (type=generic_pdf).,Classify in data/manual/document_classification_manual.csv.,open
2026-06-07,info,missing_source_url,,2026-05-12_attachments_j_01_03_summary_of_progress_as_of_5_8_26,No source_url recorded for 'data/raw/board_packets/2026-05-12_Board_of_Directors/attachments/J_01_03_Summary of Progress as of 5.8.26.pdf'.,Record the public URL in the inventory or a source_urls.md.,open
2026-06-07,info,unknown_document_type,,2026-05-12_attachments_j_01_04_summary_status_5_7,Document 'data/raw/board_packets/2026-05-12_Board_of_Directors/attachments/J_01_04_Summary Status 5.7.pdf' is unclassified (type=generic_pdf).,Classify in data/manual/document_classification_manual.csv.,open
2026-06-07,info,missing_source_url,,2026-05-12_attachments_j_01_04_summary_status_5_7,No source_url recorded for 'data/raw/board_packets/2026-05-12_Board_of_Directors/attachments/J_01_04_Summary Status 5.7.pdf'.,Record the public URL in the inventory or a source_urls.md.,open
2026-06-07,info,missing_source_url,,2026-05-12_attachments_j_02_01_board_financial_leadership_update,No source_url recorded for 'data/raw/board_packets/2026-05-12_Board_of_Directors/attachments/J_02_01_Board Financial Leadership Update.pdf'.,Record the public URL in the inventory or a source_urls.md.,open
2026-06-07,info,unknown_document_type,,2026-05-12_attachments_j_03_01_draft_facilities_master_plan_resolution_revised_docx,Document 'data/raw/board_packets/2026-05-12_Board_of_Directors/attachments/J_03_01_DRAFT Facilities Master Plan Resolution - REVISED.docx.pdf' is unclassified (type=generic_pdf).,Classify in data/manual/document_classification_manual.csv.,open
2026-06-07,info,missing_source_url,,2026-05-12_attachments_j_03_01_draft_facilities_master_plan_resolution_revised_docx,No source_url recorded for 'data/raw/board_packets/2026-05-12_Board_of_Directors/attachments/J_03_01_DRAFT Facilities Master Plan Resolution - REVISED.docx.pdf'.,Record the public URL in the inventory or a source_urls.md.,open
2026-06-07,info,unknown_document_type,,2026-05-12_attachments_j_04_01_coralville_pool_options_5_8_26_1,Document 'data/raw/board_packets/2026-05-12_Board_of_Directors/attachments/J_04_01_Coralville Pool Options - 5.8.26 (1).pdf' is unclassified (type=generic_pdf).,Classify in data/manual/document_classification_manual.csv.,open
2026-06-07,info,missing_source_url,,2026-05-12_attachments_j_04_01_coralville_pool_options_5_8_26_1,No source_url recorded for 'data/raw/board_packets/2026-05-12_Board_of_Directors/attachments/J_04_01_Coralville Pool Options - 5.8.26 (1).pdf'.,Record the public URL in the inventory or a source_urls.md.,open
2026-06-07,info,unknown_document_type,,2026-05-12_attachments_j_05_01_2026_school_district_resolution,Document 'data/raw/board_packets/2026-05-12_Board_of_Directors/attachments/J_05_01_2026 SCHOOL DISTRICT RESOLUTION.pdf' is unclassified (type=generic_pdf).,Classify in data/manual/document_classification_manual.csv.,open
2026-06-07,info,missing_source_url,,2026-05-12_attachments_j_05_01_2026_school_district_resolution,No source_url recorded for 'data/raw/board_packets/2026-05-12_Board_of_Directors/attachments/J_05_01_2026 SCHOOL DISTRICT RESOLUTION.pdf'.,Record the public URL in the inventory or a source_urls.md.,open
2026-06-07,info,unknown_document_type,,2026-05-12_attachments_k_01_01_farm_to_school_board_presentation_1,Document 'data/raw/board_packets/2026-05-12_Board_of_Directors/attachments/K_01_01_Farm to School Board Presentation (1).pdf' is unclassified (type=generic_pdf).,Classify in data/manual/document_classification_manual.csv.,open
2026-06-07,info,missing_source_url,,2026-05-12_attachments_k_01_01_farm_to_school_board_presentation_1,No source_url recorded for 'data/raw/board_packets/2026-05-12_Board_of_Directors/attachments/K_01_01_Farm to School Board Presentation (1).pdf'.,Record the public URL in the inventory or a source_urls.md.,open
2026-06-07,info,unknown_document_type,,2026-05-12_attachments_k_02_01_financials_as_of_3_31_26_board_mtg_5_12_26,Document 'data/raw/board_packets/2026-05-12_Board_of_Directors/attachments/K_02_01_Financials as of 3.31.26 Board Mtg 5.12.26.pdf' is unclassified (type=generic_pdf).,Classify in data/manual/document_classification_manual.csv.,open
2026-06-07,info,missing_source_url,,2026-05-12_attachments_k_02_01_financials_as_of_3_31_26_board_mtg_5_12_26,No source_url recorded for 'data/raw/board_packets/2026-05-12_Board_of_Directors/attachments/K_02_01_Financials as of 3.31.26 Board Mtg 5.12.26.pdf'.,Record the public URL in the inventory or a source_urls.md.,open
2026-06-07,info,unknown_document_type,,2026-05-12_attachments_k_03_01_updated_personal_device_survey_results_board_meeting_5_12_26,Document 'data/raw/board_packets/2026-05-12_Board_of_Directors/attachments/K_03_01_Updated Personal Device Survey Results Board Meeting (5-12-26).pdf' is unclassified (type=generic_pdf).,Classify in data/manual/document_classification_manual.csv.,open
2026-06-07,info,missing_source_url,,2026-05-12_attachments_k_03_01_updated_personal_device_survey_results_board_meeting_5_12_26,No source_url recorded for 'data/raw/board_packets/2026-05-12_Board_of_Directors/attachments/K_03_01_Updated Personal Device Survey Results Board Meeting (5-12-26).pdf'.,Record the public URL in the inventory or a source_urls.md.,open
2026-06-07,info,unknown_document_type,,2026-05-12_attachments_l_01_01_800_policies_buildings_and_sites,Document 'data/raw/board_packets/2026-05-12_Board_of_Directors/attachments/L_01_01_800 Policies - Buildings and Sites.pdf' is unclassified (type=generic_pdf).,Classify in data/manual/document_classification_manual.csv.,open
2026-06-07,info,missing_source_url,,2026-05-12_attachments_l_01_01_800_policies_buildings_and_sites,No source_url recorded for 'data/raw/board_packets/2026-05-12_Board_of_Directors/attachments/L_01_01_800 Policies - Buildings and Sites.pdf'.,Record the public URL in the inventory or a source_urls.md.,open
2026-06-07,info,unknown_document_type,,2026-05-12_attachments_l_02_01_policy_primers,Document 'data/raw/board_packets/2026-05-12_Board_of_Directors/attachments/L_02_01_Policy Primers.pdf' is unclassified (type=generic_pdf).,Classify in data/manual/document_classification_manual.csv.,open
2026-06-07,info,missing_source_url,,2026-05-12_attachments_l_02_01_policy_primers,No source_url recorded for 'data/raw/board_packets/2026-05-12_Board_of_Directors/attachments/L_02_01_Policy Primers.pdf'.,Record the public URL in the inventory or a source_urls.md.,open
2026-06-07,info,unknown_document_type,,2026-05-12_attachments_l_03_01_iccsd_cover_letter_3_2026_updated_5_2026,Document 'data/raw/board_packets/2026-05-12_Board_of_Directors/attachments/L_03_01_ICCSD Cover Letter 3.2026 Updated 5.2026.pdf' is unclassified (type=generic_pdf).,Classify in data/manual/document_classification_manual.csv.,open
2026-06-07,info,missing_source_url,,2026-05-12_attachments_l_03_01_iccsd_cover_letter_3_2026_updated_5_2026,No source_url recorded for 'data/raw/board_packets/2026-05-12_Board_of_Directors/attachments/L_03_01_ICCSD Cover Letter 3.2026 Updated 5.2026.pdf'.,Record the public URL in the inventory or a source_urls.md.,open
2026-06-07,info,unknown_document_type,,2026-05-12_attachments_l_03_02_exhibit_2l_narrative_update_may_2026,Document 'data/raw/board_packets/2026-05-12_Board_of_Directors/attachments/L_03_02_Exhibit 2l - Narrative Update May 2026.pdf' is unclassified (type=generic_pdf).,Classify in data/manual/document_classification_manual.csv.,open
2026-06-07,info,missing_source_url,,2026-05-12_attachments_l_03_02_exhibit_2l_narrative_update_may_2026,No source_url recorded for 'data/raw/board_packets/2026-05-12_Board_of_Directors/attachments/L_03_02_Exhibit 2l - Narrative Update May 2026.pdf'.,Record the public URL in the inventory or a source_urls.md.,open
2026-06-07,info,missing_source_url,,2026-05-12_attachments_l_03_03_exhibit_2m_board_financial_leadership_update_may_12_2026,"No source_url recorded for 'data/raw/board_packets/2026-05-12_Board_of_Directors/attachments/L_03_03_Exhibit 2m - Board Financial Leadership Update - May 12, 2026.pdf'.",Record the public URL in the inventory or a source_urls.md.,open
2026-06-07,info,unknown_document_type,,2026-05-12_attachments_l_04_01_anticipated_borrowing_need_memo_update_for_4_28,Document 'data/raw/board_packets/2026-05-12_Board_of_Directors/attachments/L_04_01_Anticipated Borrowing Need Memo Update for 4_28.pdf' is unclassified (type=generic_pdf).,Classify in data/manual/document_classification_manual.csv.,open
2026-06-07,info,missing_source_url,,2026-05-12_attachments_l_04_01_anticipated_borrowing_need_memo_update_for_4_28,No source_url recorded for 'data/raw/board_packets/2026-05-12_Board_of_Directors/attachments/L_04_01_Anticipated Borrowing Need Memo Update for 4_28.pdf'.,Record the public URL in the inventory or a source_urls.md.,open
2026-06-07,info,missing_source_url,,2026-05-12_attachments_l_04_02_resolution_approving_interfund_loan_gf_to_save_iowa_city_csd,No source_url recorded for 'data/raw/board_packets/2026-05-12_Board_of_Directors/attachments/L_04_02_Resolution Approving Interfund Loan GF to SAVE Iowa City CSD.pdf'.,Record the public URL in the inventory or a source_urls.md.,open
2026-06-07,info,unknown_document_type,,2026-05-12_attachments_l_04_03_pfm_presentation_iccsd_ytd_general_fund_fiscal_progress_add_update_re,Document 'data/raw/board_packets/2026-05-12_Board_of_Directors/attachments/L_04_03_PFM Presentation ICCSD YTD General Fund Fiscal Progress add Update Re.pdf' is unclassified (type=generic_pdf).,Classify in data/manual/document_classification_manual.csv.,open
2026-06-07,info,missing_source_url,,2026-05-12_attachments_l_04_03_pfm_presentation_iccsd_ytd_general_fund_fiscal_progress_add_update_re,No source_url recorded for 'data/raw/board_packets/2026-05-12_Board_of_Directors/attachments/L_04_03_PFM Presentation ICCSD YTD General Fund Fiscal Progress add Update Re.pdf'.,Record the public URL in the inventory or a source_urls.md.,open
2026-06-07,info,unknown_document_type,,2026-05-12_attachments_l_05_01_draft_facilities_master_plan_resolution_revised_docx,Document 'data/raw/board_packets/2026-05-12_Board_of_Directors/attachments/L_05_01_DRAFT Facilities Master Plan Resolution - REVISED.docx.pdf' is unclassified (type=generic_pdf).,Classify in data/manual/document_classification_manual.csv.,open
2026-06-07,info,missing_source_url,,2026-05-12_attachments_l_05_01_draft_facilities_master_plan_resolution_revised_docx,No source_url recorded for 'data/raw/board_packets/2026-05-12_Board_of_Directors/attachments/L_05_01_DRAFT Facilities Master Plan Resolution - REVISED.docx.pdf'.,Record the public URL in the inventory or a source_urls.md.,open
2026-06-07,info,unknown_document_type,,2026-05-12_attachments_l_06_01_affidavit_of_publication,Document 'data/raw/board_packets/2026-05-12_Board_of_Directors/attachments/L_06_01_Affidavit of Publication.pdf' is unclassified (type=generic_pdf).,Classify in data/manual/document_classification_manual.csv.,open
2026-06-07,info,missing_source_url,,2026-05-12_attachments_l_06_01_affidavit_of_publication,No source_url recorded for 'data/raw/board_packets/2026-05-12_Board_of_Directors/attachments/L_06_01_Affidavit of Publication.pdf'.,Record the public URL in the inventory or a source_urls.md.,open
2026-06-07,info,missing_source_url,,2026-05-12_attachments_l_06_02_fy26_certified_budget_amendment_public_hearing_notice,No source_url recorded for 'data/raw/board_packets/2026-05-12_Board_of_Directors/attachments/L_06_02_FY26 Certified Budget Amendment Public Hearing Notice.pdf'.,Record the public URL in the inventory or a source_urls.md.,open
2026-06-07,info,unknown_document_type,,2026-05-12_attachments_m_03_01_5_14_26_board_closed_session_iowa_code_chapter_21_5_1_i_draft,Document 'data/raw/board_packets/2026-05-12_Board_of_Directors/attachments/M_03_01_5.14.26 Board Closed Session_ Iowa Code Chapter 21.5 (1)(i) - DRAFT.pdf' is unclassified (type=generic_pdf).,Classify in data/manual/document_classification_manual.csv.,open
2026-06-07,info,missing_source_url,,2026-05-12_attachments_m_03_01_5_14_26_board_closed_session_iowa_code_chapter_21_5_1_i_draft,No source_url recorded for 'data/raw/board_packets/2026-05-12_Board_of_Directors/attachments/M_03_01_5.14.26 Board Closed Session_ Iowa Code Chapter 21.5 (1)(i) - DRAFT.pdf'.,Record the public URL in the inventory or a source_urls.md.,open
2026-06-07,info,unknown_document_type,,2026-05-12_attachments_m_03_02_5_26_26_policy_governance_committee_meeting_draft,Document 'data/raw/board_packets/2026-05-12_Board_of_Directors/attachments/M_03_02_5.26.26 Policy & Governance Committee Meeting - DRAFT.pdf' is unclassified (type=generic_pdf).,Classify in data/manual/document_classification_manual.csv.,open
2026-06-07,info,missing_source_url,,2026-05-12_attachments_m_03_02_5_26_26_policy_governance_committee_meeting_draft,No source_url recorded for 'data/raw/board_packets/2026-05-12_Board_of_Directors/attachments/M_03_02_5.26.26 Policy & Governance Committee Meeting - DRAFT.pdf'.,Record the public URL in the inventory or a source_urls.md.,open
2026-06-07,info,missing_source_url,,2026-05-12_attachments_m_03_03_5_26_26_board_meeting_agenda_draft,No source_url recorded for 'data/raw/board_packets/2026-05-12_Board_of_Directors/attachments/M_03_03_5.26.26 Board Meeting Agenda - DRAFT.pdf'.,Record the public URL in the inventory or a source_urls.md.,open
2026-06-07,info,missing_source_url,,2026-05-12_2026_05_12_board_of_directors_transcript,No source_url recorded for 'data/raw/board_packets/2026-05-12_Board_of_Directors/transcript.json'.,Record the public URL in the inventory or a source_urls.md.,open
2026-06-07,info,unknown_document_type,,2026-05-26_attachments_e_01_01_affidavit_of_publication_deposit_of_funds,Document 'data/raw/board_packets/2026-05-26_Board_of_Directors/attachments/E_01_01_Affidavit of Publication - Deposit of Funds.pdf' is unclassified (type=generic_pdf).,Classify in data/manual/document_classification_manual.csv.,open
2026-06-07,info,missing_source_url,,2026-05-26_attachments_e_01_01_affidavit_of_publication_deposit_of_funds,No source_url recorded for 'data/raw/board_packets/2026-05-26_Board_of_Directors/attachments/E_01_01_Affidavit of Publication - Deposit of Funds.pdf'.,Record the public URL in the inventory or a source_urls.md.,open
2026-06-07,info,unknown_document_type,,2026-05-26_attachments_e_01_02_hills_property_notice_of_public_hearing_deposit,Document 'data/raw/board_packets/2026-05-26_Board_of_Directors/attachments/E_01_02_Hills Property Notice of Public Hearing Deposit.pdf' is unclassified (type=generic_pdf).,Classify in data/manual/document_classification_manual.csv.,open
2026-06-07,info,missing_source_url,,2026-05-26_attachments_e_01_02_hills_property_notice_of_public_hearing_deposit,No source_url recorded for 'data/raw/board_packets/2026-05-26_Board_of_Directors/attachments/E_01_02_Hills Property Notice of Public Hearing Deposit.pdf'.,Record the public URL in the inventory or a source_urls.md.,open
2026-06-07,info,unknown_document_type,,2026-05-26_attachments_e_01_03_5_26_26_iowa_city_csd_resolution_approving_depo,Document 'data/raw/board_packets/2026-05-26_Board_of_Directors/attachments/E_01_03_5.26.26 Iowa City CSD Resolution Approving Depo.pdf' is unclassified (type=generic_pdf).,Classify in data/manual/document_classification_manual.csv.,open
2026-06-07,info,missing_source_url,,2026-05-26_attachments_e_01_03_5_26_26_iowa_city_csd_resolution_approving_depo,No source_url recorded for 'data/raw/board_packets/2026-05-26_Board_of_Directors/attachments/E_01_03_5.26.26 Iowa City CSD Resolution Approving Depo.pdf'.,Record the public URL in the inventory or a source_urls.md.,open
2026-06-07,info,unknown_document_type,,2026-05-26_attachments_e_02_01_affidavit_of_publication_deposit_of_funds_1,Document 'data/raw/board_packets/2026-05-26_Board_of_Directors/attachments/E_02_01_Affidavit of Publication - Deposit of Funds 1.pdf' is unclassified (type=generic_pdf).,Classify in data/manual/document_classification_manual.csv.,open
2026-06-07,info,missing_source_url,,2026-05-26_attachments_e_02_01_affidavit_of_publication_deposit_of_funds_1,No source_url recorded for 'data/raw/board_packets/2026-05-26_Board_of_Directors/attachments/E_02_01_Affidavit of Publication - Deposit of Funds 1.pdf'.,Record the public URL in the inventory or a source_urls.md.,open
2026-06-07,info,unknown_document_type,,2026-05-26_attachments_e_02_02_5_26_26_iowa_city_csd_resolution_approving_depo,Document 'data/raw/board_packets/2026-05-26_Board_of_Directors/attachments/E_02_02_5.26.26 Iowa City CSD Resolution Approving Depo.pdf' is unclassified (type=generic_pdf).,Classify in data/manual/document_classification_manual.csv.,open
2026-06-07,info,missing_source_url,,2026-05-26_attachments_e_02_02_5_26_26_iowa_city_csd_resolution_approving_depo,No source_url recorded for 'data/raw/board_packets/2026-05-26_Board_of_Directors/attachments/E_02_02_5.26.26 Iowa City CSD Resolution Approving Depo.pdf'.,Record the public URL in the inventory or a source_urls.md.,open
2026-06-07,info,unknown_document_type,,2026-05-26_attachments_e_02_03_1725_n_dodge_street_notice_of_ph_for_deposit,Document 'data/raw/board_packets/2026-05-26_Board_of_Directors/attachments/E_02_03_1725 N. Dodge Street - Notice of PH for Deposit.pdf' is unclassified (type=generic_pdf).,Classify in data/manual/document_classification_manual.csv.,open
2026-06-07,info,missing_source_url,,2026-05-26_attachments_e_02_03_1725_n_dodge_street_notice_of_ph_for_deposit,No source_url recorded for 'data/raw/board_packets/2026-05-26_Board_of_Directors/attachments/E_02_03_1725 N. Dodge Street - Notice of PH for Deposit.pdf'.,Record the public URL in the inventory or a source_urls.md.,open
2026-06-07,info,unknown_document_type,,2026-05-26_attachments_e_03_01_affidavit_of_publication_deposit_of_funds,Document 'data/raw/board_packets/2026-05-26_Board_of_Directors/attachments/E_03_01_Affidavit of Publication - Deposit of Funds.pdf' is unclassified (type=generic_pdf).,Classify in data/manual/document_classification_manual.csv.,open
2026-06-07,info,missing_source_url,,2026-05-26_attachments_e_03_01_affidavit_of_publication_deposit_of_funds,No source_url recorded for 'data/raw/board_packets/2026-05-26_Board_of_Directors/attachments/E_03_01_Affidavit of Publication - Deposit of Funds.pdf'.,Record the public URL in the inventory or a source_urls.md.,open
2026-06-07,info,unknown_document_type,,2026-05-26_attachments_e_03_02_5_26_26_iowa_city_csd_resolution_approving_depo,Document 'data/raw/board_packets/2026-05-26_Board_of_Directors/attachments/E_03_02_5.26.26 Iowa City CSD Resolution Approving Depo.pdf' is unclassified (type=generic_pdf).,Classify in data/manual/document_classification_manual.csv.,open
2026-06-07,info,missing_source_url,,2026-05-26_attachments_e_03_02_5_26_26_iowa_city_csd_resolution_approving_depo,No source_url recorded for 'data/raw/board_packets/2026-05-26_Board_of_Directors/attachments/E_03_02_5.26.26 Iowa City CSD Resolution Approving Depo.pdf'.,Record the public URL in the inventory or a source_urls.md.,open
2026-06-07,info,unknown_document_type,,2026-05-26_attachments_e_03_03_notice_of_public_hearing_deposit_of_funds_42,Document 'data/raw/board_packets/2026-05-26_Board_of_Directors/attachments/E_03_03_Notice of Public Hearing Deposit of Funds - 42..pdf' is unclassified (type=generic_pdf).,Classify in data/manual/document_classification_manual.csv.,open
2026-06-07,info,missing_source_url,,2026-05-26_attachments_e_03_03_notice_of_public_hearing_deposit_of_funds_42,No source_url recorded for 'data/raw/board_packets/2026-05-26_Board_of_Directors/attachments/E_03_03_Notice of Public Hearing Deposit of Funds - 42..pdf'.,Record the public URL in the inventory or a source_urls.md.,open
2026-06-07,info,unknown_document_type,,2026-05-26_attachments_f_06_01_ap_board_report_5_19_2026,Document 'data/raw/board_packets/2026-05-26_Board_of_Directors/attachments/F_06_01_AP Board Report - 5.19.2026.pdf' is unclassified (type=generic_pdf).,Classify in data/manual/document_classification_manual.csv.,open
2026-06-07,info,missing_source_url,,2026-05-26_attachments_f_06_01_ap_board_report_5_19_2026,No source_url recorded for 'data/raw/board_packets/2026-05-26_Board_of_Directors/attachments/F_06_01_AP Board Report - 5.19.2026.pdf'.,Record the public URL in the inventory or a source_urls.md.,open
2026-06-07,info,unknown_document_type,,2026-05-26_attachments_f_06_02_5_19_2026_boardreport10003,Document 'data/raw/board_packets/2026-05-26_Board_of_Directors/attachments/F_06_02_5-19-2026 BoardReport10003.pdf' is unclassified (type=generic_pdf).,Classify in data/manual/document_classification_manual.csv.,open
2026-06-07,info,missing_source_url,,2026-05-26_attachments_f_06_02_5_19_2026_boardreport10003,No source_url recorded for 'data/raw/board_packets/2026-05-26_Board_of_Directors/attachments/F_06_02_5-19-2026 BoardReport10003.pdf'.,Record the public URL in the inventory or a source_urls.md.,open
2026-06-07,info,unknown_document_type,,2026-05-26_attachments_f_06_03_april_2026_p_card,Document 'data/raw/board_packets/2026-05-26_Board_of_Directors/attachments/F_06_03_April 2026 P Card.pdf' is unclassified (type=generic_pdf).,Classify in data/manual/document_classification_manual.csv.,open
2026-06-07,info,missing_source_url,,2026-05-26_attachments_f_06_03_april_2026_p_card,No source_url recorded for 'data/raw/board_packets/2026-05-26_Board_of_Directors/attachments/F_06_03_April 2026 P Card.pdf'.,Record the public URL in the inventory or a source_urls.md.,open
2026-06-07,info,unknown_document_type,,2026-05-26_attachments_f_06_04_ap_board_report_template_5_12_2026,Document 'data/raw/board_packets/2026-05-26_Board_of_Directors/attachments/F_06_04_AP Board Report Template - 5.12.2026.pdf' is unclassified (type=generic_pdf).,Classify in data/manual/document_classification_manual.csv.,open
2026-06-07,info,missing_source_url,,2026-05-26_attachments_f_06_04_ap_board_report_template_5_12_2026,No source_url recorded for 'data/raw/board_packets/2026-05-26_Board_of_Directors/attachments/F_06_04_AP Board Report Template - 5.12.2026.pdf'.,Record the public URL in the inventory or a source_urls.md.,open
2026-06-07,info,unknown_document_type,,2026-05-26_attachments_f_06_05_boardreport10003_2_5_12_26,Document 'data/raw/board_packets/2026-05-26_Board_of_Directors/attachments/F_06_05_BoardReport10003 (2)5.12.26.pdf' is unclassified (type=generic_pdf).,Classify in data/manual/document_classification_manual.csv.,open
2026-06-07,info,missing_source_url,,2026-05-26_attachments_f_06_05_boardreport10003_2_5_12_26,No source_url recorded for 'data/raw/board_packets/2026-05-26_Board_of_Directors/attachments/F_06_05_BoardReport10003 (2)5.12.26.pdf'.,Record the public URL in the inventory or a source_urls.md.,open
2026-06-07,info,unknown_document_type,,2026-05-26_attachments_f_07_01_5_26_2026_board_meeting_oe_25_26,Document 'data/raw/board_packets/2026-05-26_Board_of_Directors/attachments/F_07_01_5-26-2026 Board Meeting OE (25-26)-.pdf' is unclassified (type=generic_pdf).,Classify in data/manual/document_classification_manual.csv.,open
2026-06-07,info,missing_source_url,,2026-05-26_attachments_f_07_01_5_26_2026_board_meeting_oe_25_26,No source_url recorded for 'data/raw/board_packets/2026-05-26_Board_of_Directors/attachments/F_07_01_5-26-2026 Board Meeting OE (25-26)-.pdf'.,Record the public URL in the inventory or a source_urls.md.,open
2026-06-07,info,unknown_document_type,,2026-05-26_attachments_f_07_02_5_26_2026_board_meeting_oe_26_27,Document 'data/raw/board_packets/2026-05-26_Board_of_Directors/attachments/F_07_02_5-26-2026 Board Meeting OE (26-27)-.pdf' is unclassified (type=generic_pdf).,Classify in data/manual/document_classification_manual.csv.,open
2026-06-07,info,missing_source_url,,2026-05-26_attachments_f_07_02_5_26_2026_board_meeting_oe_26_27,No source_url recorded for 'data/raw/board_packets/2026-05-26_Board_of_Directors/attachments/F_07_02_5-26-2026 Board Meeting OE (26-27)-.pdf'.,Record the public URL in the inventory or a source_urls.md.,open
2026-06-07,info,unknown_document_type,,2026-05-26_attachments_f_08_01_iowa_city_community_school_district_2026_canv,Document 'data/raw/board_packets/2026-05-26_Board_of_Directors/attachments/F_08_01_Iowa City Community School District - 2026 Canv.pdf' is unclassified (type=generic_pdf).,Classify in data/manual/document_classification_manual.csv.,open
2026-06-07,info,missing_source_url,,2026-05-26_attachments_f_08_01_iowa_city_community_school_district_2026_canv,No source_url recorded for 'data/raw/board_packets/2026-05-26_Board_of_Directors/attachments/F_08_01_Iowa City Community School District - 2026 Canv.pdf'.,Record the public URL in the inventory or a source_urls.md.,open
2026-06-07,info,unknown_document_type,,2026-05-26_attachments_f_09_01_iowasdpa_26_fittrackpeupdate1,Document 'data/raw/board_packets/2026-05-26_Board_of_Directors/attachments/F_09_01_IowaSDPA[26]FitTrackPEupdate1.pdf' is unclassified (type=generic_pdf).,Classify in data/manual/document_classification_manual.csv.,open
2026-06-07,info,missing_source_url,,2026-05-26_attachments_f_09_01_iowasdpa_26_fittrackpeupdate1,No source_url recorded for 'data/raw/board_packets/2026-05-26_Board_of_Directors/attachments/F_09_01_IowaSDPA[26]FitTrackPEupdate1.pdf'.,Record the public URL in the inventory or a source_urls.md.,open
2026-06-07,info,unknown_document_type,,2026-05-26_attachments_f_10_01_iowastandarddpa_26_characterstrong,Document 'data/raw/board_packets/2026-05-26_Board_of_Directors/attachments/F_10_01_IowaStandardDPA[26]CharacterStrong.pdf' is unclassified (type=generic_pdf).,Classify in data/manual/document_classification_manual.csv.,open
2026-06-07,info,missing_source_url,,2026-05-26_attachments_f_10_01_iowastandarddpa_26_characterstrong,No source_url recorded for 'data/raw/board_packets/2026-05-26_Board_of_Directors/attachments/F_10_01_IowaStandardDPA[26]CharacterStrong.pdf'.,Record the public URL in the inventory or a source_urls.md.,open
2026-06-07,info,unknown_document_type,,2026-05-26_attachments_f_11_01_iowa_city_csd_workspace_plus_3_year,Document 'data/raw/board_packets/2026-05-26_Board_of_Directors/attachments/F_11_01_Iowa City CSD - Workspace Plus 3 Year.pdf' is unclassified (type=generic_pdf).,Classify in data/manual/document_classification_manual.csv.,open
2026-06-07,info,missing_source_url,,2026-05-26_attachments_f_11_01_iowa_city_csd_workspace_plus_3_year,No source_url recorded for 'data/raw/board_packets/2026-05-26_Board_of_Directors/attachments/F_11_01_Iowa City CSD - Workspace Plus 3 Year.pdf'.,Record the public URL in the inventory or a source_urls.md.,open
2026-06-07,info,unknown_document_type,,2026-05-26_attachments_f_11_02_iowa_city_community_school_district_gwfe_plus_3,Document 'data/raw/board_packets/2026-05-26_Board_of_Directors/attachments/F_11_02_Iowa City Community School District GWFE Plus 3.pdf' is unclassified (type=generic_pdf).,Classify in data/manual/document_classification_manual.csv.,open
2026-06-07,info,missing_source_url,,2026-05-26_attachments_f_11_02_iowa_city_community_school_district_gwfe_plus_3,No source_url recorded for 'data/raw/board_packets/2026-05-26_Board_of_Directors/attachments/F_11_02_Iowa City Community School District GWFE Plus 3.pdf'.,Record the public URL in the inventory or a source_urls.md.,open
2026-06-07,info,unknown_document_type,,2026-05-26_attachments_f_12_01_notice_of_public_hearing,Document 'data/raw/board_packets/2026-05-26_Board_of_Directors/attachments/F_12_01_Notice of Public Hearing.pdf' is unclassified (type=generic_pdf).,Classify in data/manual/document_classification_manual.csv.,open
2026-06-07,info,missing_source_url,,2026-05-26_attachments_f_12_01_notice_of_public_hearing,No source_url recorded for 'data/raw/board_packets/2026-05-26_Board_of_Directors/attachments/F_12_01_Notice of Public Hearing.pdf'.,Record the public URL in the inventory or a source_urls.md.,open
2026-06-07,info,missing_source_url,,2026-05-26_attachments_g_01_01_5_26_26_personnel_agenda_updated,No source_url recorded for 'data/raw/board_packets/2026-05-26_Board_of_Directors/attachments/G_01_01_5.26.26 Personnel Agenda Updated.pdf'.,Record the public URL in the inventory or a source_urls.md.,open
2026-06-07,info,unknown_document_type,,2026-05-26_attachments_i_01_01_700_policies,Document 'data/raw/board_packets/2026-05-26_Board_of_Directors/attachments/I_01_01_700 Policies.pdf' is unclassified (type=generic_pdf).,Classify in data/manual/document_classification_manual.csv.,open
2026-06-07,info,missing_source_url,,2026-05-26_attachments_i_01_01_700_policies,No source_url recorded for 'data/raw/board_packets/2026-05-26_Board_of_Directors/attachments/I_01_01_700 Policies.pdf'.,Record the public URL in the inventory or a source_urls.md.,open
2026-06-07,info,unknown_document_type,,2026-05-26_attachments_i_02_01_900_policies_school_district_community_relati,Document 'data/raw/board_packets/2026-05-26_Board_of_Directors/attachments/I_02_01_900 Policies - School District Community Relati.pdf' is unclassified (type=generic_pdf).,Classify in data/manual/document_classification_manual.csv.,open
2026-06-07,info,missing_source_url,,2026-05-26_attachments_i_02_01_900_policies_school_district_community_relati,No source_url recorded for 'data/raw/board_packets/2026-05-26_Board_of_Directors/attachments/I_02_01_900 Policies - School District Community Relati.pdf'.,Record the public URL in the inventory or a source_urls.md.,open
2026-06-07,info,unknown_document_type,,2026-05-26_attachments_i_03_01_proposed_financial_oversight_committee_charter,Document 'data/raw/board_packets/2026-05-26_Board_of_Directors/attachments/I_03_01_Proposed Financial Oversight Committee Charter.pdf' is unclassified (type=generic_pdf).,Classify in data/manual/document_classification_manual.csv.,open
2026-06-07,info,missing_source_url,,2026-05-26_attachments_i_03_01_proposed_financial_oversight_committee_charter,No source_url recorded for 'data/raw/board_packets/2026-05-26_Board_of_Directors/attachments/I_03_01_Proposed Financial Oversight Committee Charter.pdf'.,Record the public URL in the inventory or a source_urls.md.,open
2026-06-07,info,unknown_document_type,,2026-05-26_attachments_i_04_01_policy_207_board_of_directors_legal_counsel,Document 'data/raw/board_packets/2026-05-26_Board_of_Directors/attachments/I_04_01_Policy 207 Board of Directors Legal Counsel.pdf' is unclassified (type=generic_pdf).,Classify in data/manual/document_classification_manual.csv.,open
2026-06-07,info,missing_source_url,,2026-05-26_attachments_i_04_01_policy_207_board_of_directors_legal_counsel,No source_url recorded for 'data/raw/board_packets/2026-05-26_Board_of_Directors/attachments/I_04_01_Policy 207 Board of Directors Legal Counsel.pdf'.,Record the public URL in the inventory or a source_urls.md.,open
2026-06-07,info,unknown_document_type,,2026-05-26_attachments_i_05_01_303_2_administrator_qualifications_recruitme,"Document 'data/raw/board_packets/2026-05-26_Board_of_Directors/attachments/I_05_01_303.2 - Administrator Qualifications, Recruitme.pdf' is unclassified (type=generic_pdf).",Classify in data/manual/document_classification_manual.csv.,open
2026-06-07,info,missing_source_url,,2026-05-26_attachments_i_05_01_303_2_administrator_qualifications_recruitme,"No source_url recorded for 'data/raw/board_packets/2026-05-26_Board_of_Directors/attachments/I_05_01_303.2 - Administrator Qualifications, Recruitme.pdf'.",Record the public URL in the inventory or a source_urls.md.,open
2026-06-07,info,unknown_document_type,,2026-05-26_attachments_i_06_01_policy_303_4_administrator_salary_and_other_com,Document 'data/raw/board_packets/2026-05-26_Board_of_Directors/attachments/I_06_01_Policy 303.4 Administrator Salary and Other Com.pdf' is unclassified (type=generic_pdf).,Classify in data/manual/document_classification_manual.csv.,open
2026-06-07,info,missing_source_url,,2026-05-26_attachments_i_06_01_policy_303_4_administrator_salary_and_other_com,No source_url recorded for 'data/raw/board_packets/2026-05-26_Board_of_Directors/attachments/I_06_01_Policy 303.4 Administrator Salary and Other Com.pdf'.,Record the public URL in the inventory or a source_urls.md.,open
2026-06-07,info,unknown_document_type,,2026-05-26_attachments_j_01_01_summary_status_5_14_26,Document 'data/raw/board_packets/2026-05-26_Board_of_Directors/attachments/J_01_01_Summary Status 5.14.26.pdf' is unclassified (type=generic_pdf).,Classify in data/manual/document_classification_manual.csv.,open
2026-06-07,info,missing_source_url,,2026-05-26_attachments_j_01_01_summary_status_5_14_26,No source_url recorded for 'data/raw/board_packets/2026-05-26_Board_of_Directors/attachments/J_01_01_Summary Status 5.14.26.pdf'.,Record the public URL in the inventory or a source_urls.md.,open
2026-06-07,info,unknown_document_type,,2026-05-26_attachments_j_01_02_summary_of_status_of_progress_as_of_5_15_26,Document 'data/raw/board_packets/2026-05-26_Board_of_Directors/attachments/J_01_02_Summary of Status of Progress as of 5.15.26.pdf' is unclassified (type=generic_pdf).,Classify in data/manual/document_classification_manual.csv.,open
2026-06-07,info,missing_source_url,,2026-05-26_attachments_j_01_02_summary_of_status_of_progress_as_of_5_15_26,No source_url recorded for 'data/raw/board_packets/2026-05-26_Board_of_Directors/attachments/J_01_02_Summary of Status of Progress as of 5.15.26.pdf'.,Record the public URL in the inventory or a source_urls.md.,open
2026-06-07,info,unknown_document_type,,2026-05-26_attachments_j_01_03_summary_status_5_21_26,Document 'data/raw/board_packets/2026-05-26_Board_of_Directors/attachments/J_01_03_Summary Status 5.21.26.pdf' is unclassified (type=generic_pdf).,Classify in data/manual/document_classification_manual.csv.,open
2026-06-07,info,missing_source_url,,2026-05-26_attachments_j_01_03_summary_status_5_21_26,No source_url recorded for 'data/raw/board_packets/2026-05-26_Board_of_Directors/attachments/J_01_03_Summary Status 5.21.26.pdf'.,Record the public URL in the inventory or a source_urls.md.,open
2026-06-07,info,unknown_document_type,,2026-05-26_attachments_j_01_04_summary_of_status_of_progress_as_of_5_22_26,Document 'data/raw/board_packets/2026-05-26_Board_of_Directors/attachments/J_01_04_Summary of Status of Progress as of 5.22.26.pdf' is unclassified (type=generic_pdf).,Classify in data/manual/document_classification_manual.csv.,open
2026-06-07,info,missing_source_url,,2026-05-26_attachments_j_01_04_summary_of_status_of_progress_as_of_5_22_26,No source_url recorded for 'data/raw/board_packets/2026-05-26_Board_of_Directors/attachments/J_01_04_Summary of Status of Progress as of 5.22.26.pdf'.,Record the public URL in the inventory or a source_urls.md.,open
2026-06-07,info,unknown_document_type,,2026-05-26_attachments_j_02_01_search_options_comparison_chart,Document 'data/raw/board_packets/2026-05-26_Board_of_Directors/attachments/J_02_01_Search Options Comparison Chart.pdf' is unclassified (type=generic_pdf).,Classify in data/manual/document_classification_manual.csv.,open
2026-06-07,info,missing_source_url,,2026-05-26_attachments_j_02_01_search_options_comparison_chart,No source_url recorded for 'data/raw/board_packets/2026-05-26_Board_of_Directors/attachments/J_02_01_Search Options Comparison Chart.pdf'.,Record the public URL in the inventory or a source_urls.md.,open
2026-06-07,info,unknown_document_type,,2026-05-26_attachments_j_02_02_iowa_city_interim_supt_search_proposal_2026,Document 'data/raw/board_packets/2026-05-26_Board_of_Directors/attachments/J_02_02_Iowa City Interim Supt. Search Proposal 2026.pdf' is unclassified (type=generic_pdf).,Classify in data/manual/document_classification_manual.csv.,open
2026-06-07,info,missing_source_url,,2026-05-26_attachments_j_02_02_iowa_city_interim_supt_search_proposal_2026,No source_url recorded for 'data/raw/board_packets/2026-05-26_Board_of_Directors/attachments/J_02_02_Iowa City Interim Supt. Search Proposal 2026.pdf'.,Record the public URL in the inventory or a source_urls.md.,open
2026-06-07,info,unknown_document_type,,2026-05-26_attachments_k_01_01_se_deficit_presentation,Document 'data/raw/board_packets/2026-05-26_Board_of_Directors/attachments/K_01_01_SE Deficit Presentation.pdf' is unclassified (type=generic_pdf).,Classify in data/manual/document_classification_manual.csv.,open
2026-06-07,info,missing_source_url,,2026-05-26_attachments_k_01_01_se_deficit_presentation,No source_url recorded for 'data/raw/board_packets/2026-05-26_Board_of_Directors/attachments/K_01_01_SE Deficit Presentation.pdf'.,Record the public URL in the inventory or a source_urls.md.,open
2026-06-07,info,unknown_document_type,,2026-05-26_attachments_k_01_02_se_deficit_tables,Document 'data/raw/board_packets/2026-05-26_Board_of_Directors/attachments/K_01_02_SE Deficit Tables.pdf' is unclassified (type=generic_pdf).,Classify in data/manual/document_classification_manual.csv.,open
2026-06-07,info,missing_source_url,,2026-05-26_attachments_k_01_02_se_deficit_tables,No source_url recorded for 'data/raw/board_packets/2026-05-26_Board_of_Directors/attachments/K_01_02_SE Deficit Tables.pdf'.,Record the public URL in the inventory or a source_urls.md.,open
2026-06-07,info,unknown_document_type,,2026-05-26_attachments_l_01_01_2026_school_district_resolution,Document 'data/raw/board_packets/2026-05-26_Board_of_Directors/attachments/L_01_01_2026 SCHOOL DISTRICT RESOLUTION.pdf' is unclassified (type=generic_pdf).,Classify in data/manual/document_classification_manual.csv.,open
2026-06-07,info,missing_source_url,,2026-05-26_attachments_l_01_01_2026_school_district_resolution,No source_url recorded for 'data/raw/board_packets/2026-05-26_Board_of_Directors/attachments/L_01_01_2026 SCHOOL DISTRICT RESOLUTION.pdf'.,Record the public URL in the inventory or a source_urls.md.,open
2026-06-07,info,unknown_document_type,,2026-05-26_attachments_l_02_01_affidavit_of_publication_deposit_of_funds,Document 'data/raw/board_packets/2026-05-26_Board_of_Directors/attachments/L_02_01_Affidavit of Publication - Deposit of Funds.pdf' is unclassified (type=generic_pdf).,Classify in data/manual/document_classification_manual.csv.,open
2026-06-07,info,missing_source_url,,2026-05-26_attachments_l_02_01_affidavit_of_publication_deposit_of_funds,No source_url recorded for 'data/raw/board_packets/2026-05-26_Board_of_Directors/attachments/L_02_01_Affidavit of Publication - Deposit of Funds.pdf'.,Record the public URL in the inventory or a source_urls.md.,open
2026-06-07,info,unknown_document_type,,2026-05-26_attachments_l_02_02_5_26_26_iowa_city_csd_resolution_approving_depo,Document 'data/raw/board_packets/2026-05-26_Board_of_Directors/attachments/L_02_02_5.26.26 Iowa City CSD Resolution Approving Depo.pdf' is unclassified (type=generic_pdf).,Classify in data/manual/document_classification_manual.csv.,open
2026-06-07,info,missing_source_url,,2026-05-26_attachments_l_02_02_5_26_26_iowa_city_csd_resolution_approving_depo,No source_url recorded for 'data/raw/board_packets/2026-05-26_Board_of_Directors/attachments/L_02_02_5.26.26 Iowa City CSD Resolution Approving Depo.pdf'.,Record the public URL in the inventory or a source_urls.md.,open
2026-06-07,info,unknown_document_type,,2026-05-26_attachments_l_03_01_secretary_tentative_agreement_26_27,Document 'data/raw/board_packets/2026-05-26_Board_of_Directors/attachments/L_03_01_Secretary Tentative Agreement 26-27.pdf' is unclassified (type=generic_pdf).,Classify in data/manual/document_classification_manual.csv.,open
2026-06-07,info,missing_source_url,,2026-05-26_attachments_l_03_01_secretary_tentative_agreement_26_27,No source_url recorded for 'data/raw/board_packets/2026-05-26_Board_of_Directors/attachments/L_03_01_Secretary Tentative Agreement 26-27.pdf'.,Record the public URL in the inventory or a source_urls.md.,open
2026-06-07,info,unknown_document_type,,2026-05-26_attachments_l_04_01_physical_plant_tentative_agreement_26_27_1,Document 'data/raw/board_packets/2026-05-26_Board_of_Directors/attachments/L_04_01_Physical Plant Tentative Agreement 26-27 (1).pdf' is unclassified (type=generic_pdf).,Classify in data/manual/document_classification_manual.csv.,open
2026-06-07,info,missing_source_url,,2026-05-26_attachments_l_04_01_physical_plant_tentative_agreement_26_27_1,No source_url recorded for 'data/raw/board_packets/2026-05-26_Board_of_Directors/attachments/L_04_01_Physical Plant Tentative Agreement 26-27 (1).pdf'.,Record the public URL in the inventory or a source_urls.md.,open
2026-06-07,info,unknown_document_type,,2026-05-26_attachments_l_05_01_nutrition_tentative_agreement_26_27_1,Document 'data/raw/board_packets/2026-05-26_Board_of_Directors/attachments/L_05_01_Nutrition Tentative Agreement 26-27 (1).pdf' is unclassified (type=generic_pdf).,Classify in data/manual/document_classification_manual.csv.,open
2026-06-07,info,missing_source_url,,2026-05-26_attachments_l_05_01_nutrition_tentative_agreement_26_27_1,No source_url recorded for 'data/raw/board_packets/2026-05-26_Board_of_Directors/attachments/L_05_01_Nutrition Tentative Agreement 26-27 (1).pdf'.,Record the public URL in the inventory or a source_urls.md.,open
2026-06-07,info,unknown_document_type,,2026-05-26_attachments_l_06_01_paraprofessional_approved_agreement_26_27_1,Document 'data/raw/board_packets/2026-05-26_Board_of_Directors/attachments/L_06_01_Paraprofessional Approved Agreement 26-27 (1).pdf' is unclassified (type=generic_pdf).,Classify in data/manual/document_classification_manual.csv.,open
2026-06-07,info,missing_source_url,,2026-05-26_attachments_l_06_01_paraprofessional_approved_agreement_26_27_1,No source_url recorded for 'data/raw/board_packets/2026-05-26_Board_of_Directors/attachments/L_06_01_Paraprofessional Approved Agreement 26-27 (1).pdf'.,Record the public URL in the inventory or a source_urls.md.,open
2026-06-07,info,unknown_document_type,,2026-05-26_attachments_l_07_01_teacher_tentative_agreement_26_27_1,Document 'data/raw/board_packets/2026-05-26_Board_of_Directors/attachments/L_07_01_Teacher Tentative Agreement 26-27 (1).pdf' is unclassified (type=generic_pdf).,Classify in data/manual/document_classification_manual.csv.,open
2026-06-07,info,missing_source_url,,2026-05-26_attachments_l_07_01_teacher_tentative_agreement_26_27_1,No source_url recorded for 'data/raw/board_packets/2026-05-26_Board_of_Directors/attachments/L_07_01_Teacher Tentative Agreement 26-27 (1).pdf'.,Record the public URL in the inventory or a source_urls.md.,open
2026-06-07,info,unknown_document_type,,2026-05-26_attachments_l_08_01_700_policies,Document 'data/raw/board_packets/2026-05-26_Board_of_Directors/attachments/L_08_01_700 Policies.pdf' is unclassified (type=generic_pdf).,Classify in data/manual/document_classification_manual.csv.,open
2026-06-07,info,missing_source_url,,2026-05-26_attachments_l_08_01_700_policies,No source_url recorded for 'data/raw/board_packets/2026-05-26_Board_of_Directors/attachments/L_08_01_700 Policies.pdf'.,Record the public URL in the inventory or a source_urls.md.,open
2026-06-07,info,unknown_document_type,,2026-05-26_attachments_l_09_01_proposed_financial_oversight_committee_charter,Document 'data/raw/board_packets/2026-05-26_Board_of_Directors/attachments/L_09_01_Proposed Financial Oversight Committee Charter.pdf' is unclassified (type=generic_pdf).,Classify in data/manual/document_classification_manual.csv.,open
2026-06-07,info,missing_source_url,,2026-05-26_attachments_l_09_01_proposed_financial_oversight_committee_charter,No source_url recorded for 'data/raw/board_packets/2026-05-26_Board_of_Directors/attachments/L_09_01_Proposed Financial Oversight Committee Charter.pdf'.,Record the public URL in the inventory or a source_urls.md.,open
2026-06-07,info,unknown_document_type,,2026-05-26_attachments_l_10_01_policy_207_board_of_directors_legal_counsel,Document 'data/raw/board_packets/2026-05-26_Board_of_Directors/attachments/L_10_01_Policy 207 Board of Directors Legal Counsel.pdf' is unclassified (type=generic_pdf).,Classify in data/manual/document_classification_manual.csv.,open
2026-06-07,info,missing_source_url,,2026-05-26_attachments_l_10_01_policy_207_board_of_directors_legal_counsel,No source_url recorded for 'data/raw/board_packets/2026-05-26_Board_of_Directors/attachments/L_10_01_Policy 207 Board of Directors Legal Counsel.pdf'.,Record the public URL in the inventory or a source_urls.md.,open
2026-06-07,info,unknown_document_type,,2026-05-26_attachments_l_11_01_303_2_administrator_qualifications_recruitme,"Document 'data/raw/board_packets/2026-05-26_Board_of_Directors/attachments/L_11_01_303.2 - Administrator Qualifications, Recruitme.pdf' is unclassified (type=generic_pdf).",Classify in data/manual/document_classification_manual.csv.,open
2026-06-07,info,missing_source_url,,2026-05-26_attachments_l_11_01_303_2_administrator_qualifications_recruitme,"No source_url recorded for 'data/raw/board_packets/2026-05-26_Board_of_Directors/attachments/L_11_01_303.2 - Administrator Qualifications, Recruitme.pdf'.",Record the public URL in the inventory or a source_urls.md.,open
2026-06-07,info,unknown_document_type,,2026-05-26_attachments_l_12_01_policy_303_4_administrator_salary_and_other_com,Document 'data/raw/board_packets/2026-05-26_Board_of_Directors/attachments/L_12_01_Policy 303.4 Administrator Salary and Other Com.pdf' is unclassified (type=generic_pdf).,Classify in data/manual/document_classification_manual.csv.,open
2026-06-07,info,missing_source_url,,2026-05-26_attachments_l_12_01_policy_303_4_administrator_salary_and_other_com,No source_url recorded for 'data/raw/board_packets/2026-05-26_Board_of_Directors/attachments/L_12_01_Policy 303.4 Administrator Salary and Other Com.pdf'.,Record the public URL in the inventory or a source_urls.md.,open
2026-06-07,info,missing_source_url,,2026-05-26_attachments_m_01_01_6_9_26_board_meeting_agenda_draft,No source_url recorded for 'data/raw/board_packets/2026-05-26_Board_of_Directors/attachments/M_01_01_6.9.26 Board Meeting Agenda - DRAFT.pdf'.,Record the public URL in the inventory or a source_urls.md.,open
2026-06-07,info,missing_source_url,,2026-05-26_2026_05_26_board_of_directors_transcript,No source_url recorded for 'data/raw/board_packets/2026-05-26_Board_of_Directors/transcript.json'.,Record the public URL in the inventory or a source_urls.md.,open
2026-06-07,info,unknown_document_type,,2026-06-09_attachments_e_01_01_notice_of_public_hearing,Document 'data/raw/board_packets/2026-06-09_Board_of_Directors/attachments/E_01_01_Notice of Public Hearing.pdf' is unclassified (type=generic_pdf).,Classify in data/manual/document_classification_manual.csv.,open
2026-06-07,info,missing_source_url,,2026-06-09_attachments_e_01_01_notice_of_public_hearing,No source_url recorded for 'data/raw/board_packets/2026-06-09_Board_of_Directors/attachments/E_01_01_Notice of Public Hearing.pdf'.,Record the public URL in the inventory or a source_urls.md.,open
2026-06-07,info,unknown_document_type,,2026-06-09_attachments_e_01_02_affidavid_of_publicationiow_12354952_1,Document 'data/raw/board_packets/2026-06-09_Board_of_Directors/attachments/E_01_02_Affidavid of PublicationIOW 12354952 (1).pdf' is unclassified (type=generic_pdf).,Classify in data/manual/document_classification_manual.csv.,open
2026-06-07,info,missing_source_url,,2026-06-09_attachments_e_01_02_affidavid_of_publicationiow_12354952_1,No source_url recorded for 'data/raw/board_packets/2026-06-09_Board_of_Directors/attachments/E_01_02_Affidavid of PublicationIOW 12354952 (1).pdf'.,Record the public URL in the inventory or a source_urls.md.,open
2026-06-07,info,unknown_document_type,,2026-06-09_attachments_e_01_03_3_second_resolution_scanlon_family_l_l_c,"Document 'data/raw/board_packets/2026-06-09_Board_of_Directors/attachments/E_01_03_(3) Second Resolution - Scanlon Family, L.L.C..pdf' is unclassified (type=generic_pdf).",Classify in data/manual/document_classification_manual.csv.,open
2026-06-07,info,missing_source_url,,2026-06-09_attachments_e_01_03_3_second_resolution_scanlon_family_l_l_c,"No source_url recorded for 'data/raw/board_packets/2026-06-09_Board_of_Directors/attachments/E_01_03_(3) Second Resolution - Scanlon Family, L.L.C..pdf'.",Record the public URL in the inventory or a source_urls.md.,open
2026-06-07,info,unknown_document_type,,2026-06-09_attachments_e_01_04_5817_761_warranty_deed,Document 'data/raw/board_packets/2026-06-09_Board_of_Directors/attachments/E_01_04_5817.761 Warranty Deed.pdf' is unclassified (type=generic_pdf).,Classify in data/manual/document_classification_manual.csv.,open
2026-06-07,info,missing_source_url,,2026-06-09_attachments_e_01_04_5817_761_warranty_deed,No source_url recorded for 'data/raw/board_packets/2026-06-09_Board_of_Directors/attachments/E_01_04_5817.761 Warranty Deed.pdf'.,Record the public URL in the inventory or a source_urls.md.,open
2026-06-07,info,unknown_document_type,,2026-06-09_attachments_e_01_05_62_98_1,Document 'data/raw/board_packets/2026-06-09_Board_of_Directors/attachments/E_01_05_62.98 (1).pdf' is unclassified (type=generic_pdf).,Classify in data/manual/document_classification_manual.csv.,open
2026-06-07,info,missing_source_url,,2026-06-09_attachments_e_01_05_62_98_1,No source_url recorded for 'data/raw/board_packets/2026-06-09_Board_of_Directors/attachments/E_01_05_62.98 (1).pdf'.,Record the public URL in the inventory or a source_urls.md.,open
2026-06-07,info,unknown_document_type,,2026-06-09_attachments_f_03_01_boardreport100036_2_26_1,Document 'data/raw/board_packets/2026-06-09_Board_of_Directors/attachments/F_03_01_BoardReport100036.2.26 (1).pdf' is unclassified (type=generic_pdf).,Classify in data/manual/document_classification_manual.csv.,open
2026-06-07,info,missing_source_url,,2026-06-09_attachments_f_03_01_boardreport100036_2_26_1,No source_url recorded for 'data/raw/board_packets/2026-06-09_Board_of_Directors/attachments/F_03_01_BoardReport100036.2.26 (1).pdf'.,Record the public URL in the inventory or a source_urls.md.,open
2026-06-07,info,unknown_document_type,,2026-06-09_attachments_f_03_02_5_26_2026_board_report_10003,Document 'data/raw/board_packets/2026-06-09_Board_of_Directors/attachments/F_03_02_5-26-2026 Board Report 10003.pdf' is unclassified (type=generic_pdf).,Classify in data/manual/document_classification_manual.csv.,open
2026-06-07,info,missing_source_url,,2026-06-09_attachments_f_03_02_5_26_2026_board_report_10003,No source_url recorded for 'data/raw/board_packets/2026-06-09_Board_of_Directors/attachments/F_03_02_5-26-2026 Board Report 10003.pdf'.,Record the public URL in the inventory or a source_urls.md.,open
2026-06-07,info,unknown_document_type,,2026-06-09_attachments_f_03_03_ap_board_report_6_2_2026,Document 'data/raw/board_packets/2026-06-09_Board_of_Directors/attachments/F_03_03_AP Board Report 6.2.2026.pdf' is unclassified (type=generic_pdf).,Classify in data/manual/document_classification_manual.csv.,open
2026-06-07,info,missing_source_url,,2026-06-09_attachments_f_03_03_ap_board_report_6_2_2026,No source_url recorded for 'data/raw/board_packets/2026-06-09_Board_of_Directors/attachments/F_03_03_AP Board Report 6.2.2026.pdf'.,Record the public URL in the inventory or a source_urls.md.,open
2026-06-07,info,missing_source_url,,2026-06-09_attachments_f_04_01_june_09_2026_board_agenda,"No source_url recorded for 'data/raw/board_packets/2026-06-09_Board_of_Directors/attachments/F_04_01_June 09, 2026 Board Agenda.pdf'.",Record the public URL in the inventory or a source_urls.md.,open
2026-06-07,info,unknown_document_type,,2026-06-09_attachments_f_05_01_6_9_2026_board_meeting_oe_25_26,Document 'data/raw/board_packets/2026-06-09_Board_of_Directors/attachments/F_05_01_6-9-2026 Board Meeting OE (25-26)-.pdf' is unclassified (type=generic_pdf).,Classify in data/manual/document_classification_manual.csv.,open
2026-06-07,info,missing_source_url,,2026-06-09_attachments_f_05_01_6_9_2026_board_meeting_oe_25_26,No source_url recorded for 'data/raw/board_packets/2026-06-09_Board_of_Directors/attachments/F_05_01_6-9-2026 Board Meeting OE (25-26)-.pdf'.,Record the public URL in the inventory or a source_urls.md.,open
2026-06-07,info,unknown_document_type,,2026-06-09_attachments_f_05_02_6_9_2026_board_meeting_oe_26_27,Document 'data/raw/board_packets/2026-06-09_Board_of_Directors/attachments/F_05_02_6-9-2026 Board Meeting OE (26-27).pdf' is unclassified (type=generic_pdf).,Classify in data/manual/document_classification_manual.csv.,open
2026-06-07,info,missing_source_url,,2026-06-09_attachments_f_05_02_6_9_2026_board_meeting_oe_26_27,No source_url recorded for 'data/raw/board_packets/2026-06-09_Board_of_Directors/attachments/F_05_02_6-9-2026 Board Meeting OE (26-27).pdf'.,Record the public URL in the inventory or a source_urls.md.,open
2026-06-07,info,unknown_document_type,,2026-06-09_attachments_f_06_01_iccsd_cdd_2026_27,Document 'data/raw/board_packets/2026-06-09_Board_of_Directors/attachments/F_06_01_ICCSD -CDD 2026-27.pdf' is unclassified (type=generic_pdf).,Classify in data/manual/document_classification_manual.csv.,open
2026-06-07,info,missing_source_url,,2026-06-09_attachments_f_06_01_iccsd_cdd_2026_27,No source_url recorded for 'data/raw/board_packets/2026-06-09_Board_of_Directors/attachments/F_06_01_ICCSD -CDD 2026-27.pdf'.,Record the public URL in the inventory or a source_urls.md.,open
2026-06-07,info,unknown_document_type,,2026-06-09_attachments_f_07_01_kirkwood_cctc_iccsd_mou,Document 'data/raw/board_packets/2026-06-09_Board_of_Directors/attachments/F_07_01_Kirkwood CCTC & ICCSD MOU.pdf' is unclassified (type=generic_pdf).,Classify in data/manual/document_classification_manual.csv.,open
2026-06-07,info,missing_source_url,,2026-06-09_attachments_f_07_01_kirkwood_cctc_iccsd_mou,No source_url recorded for 'data/raw/board_packets/2026-06-09_Board_of_Directors/attachments/F_07_01_Kirkwood CCTC & ICCSD MOU.pdf'.,Record the public URL in the inventory or a source_urls.md.,open
2026-06-07,info,unknown_document_type,,2026-06-09_attachments_f_08_01_iowa_city_community_school_district_proposal,Document 'data/raw/board_packets/2026-06-09_Board_of_Directors/attachments/F_08_01_Iowa City Community School District - Proposal.pdf' is unclassified (type=generic_pdf).,Classify in data/manual/document_classification_manual.csv.,open
2026-06-07,info,missing_source_url,,2026-06-09_attachments_f_08_01_iowa_city_community_school_district_proposal,No source_url recorded for 'data/raw/board_packets/2026-06-09_Board_of_Directors/attachments/F_08_01_Iowa City Community School District - Proposal.pdf'.,Record the public URL in the inventory or a source_urls.md.,open
2026-06-07,info,unknown_document_type,,2026-06-09_attachments_f_09_01_arc_summer_2026_interagency_agreement_1,Document 'data/raw/board_packets/2026-06-09_Board_of_Directors/attachments/F_09_01_ARC Summer 2026 Interagency Agreement (1).pdf' is unclassified (type=generic_pdf).,Classify in data/manual/document_classification_manual.csv.,open
2026-06-07,info,missing_source_url,,2026-06-09_attachments_f_09_01_arc_summer_2026_interagency_agreement_1,No source_url recorded for 'data/raw/board_packets/2026-06-09_Board_of_Directors/attachments/F_09_01_ARC Summer 2026 Interagency Agreement (1).pdf'.,Record the public URL in the inventory or a source_urls.md.,open
2026-06-07,info,unknown_document_type,,2026-06-09_attachments_f_10_01_coralville_parks_rec_2026_interagency_agreeme,Document 'data/raw/board_packets/2026-06-09_Board_of_Directors/attachments/F_10_01_Coralville Parks & Rec 2026 Interagency Agreeme.pdf' is unclassified (type=generic_pdf).,Classify in data/manual/document_classification_manual.csv.,open
2026-06-07,info,missing_source_url,,2026-06-09_attachments_f_10_01_coralville_parks_rec_2026_interagency_agreeme,No source_url recorded for 'data/raw/board_packets/2026-06-09_Board_of_Directors/attachments/F_10_01_Coralville Parks & Rec 2026 Interagency Agreeme.pdf'.,Record the public URL in the inventory or a source_urls.md.,open
2026-06-07,info,unknown_document_type,,2026-06-09_attachments_f_10_02_champions_2026_intereagency_agreement,Document 'data/raw/board_packets/2026-06-09_Board_of_Directors/attachments/F_10_02_Champions 2026 Intereagency Agreement.pdf' is unclassified (type=generic_pdf).,Classify in data/manual/document_classification_manual.csv.,open
2026-06-07,info,missing_source_url,,2026-06-09_attachments_f_10_02_champions_2026_intereagency_agreement,No source_url recorded for 'data/raw/board_packets/2026-06-09_Board_of_Directors/attachments/F_10_02_Champions 2026 Intereagency Agreement.pdf'.,Record the public URL in the inventory or a source_urls.md.,open
2026-06-07,info,unknown_document_type,,2026-06-09_attachments_f_10_03_weber_2026_interagency_agreement,Document 'data/raw/board_packets/2026-06-09_Board_of_Directors/attachments/F_10_03_Weber 2026 Interagency Agreement.pdf' is unclassified (type=generic_pdf).,Classify in data/manual/document_classification_manual.csv.,open
2026-06-07,info,missing_source_url,,2026-06-09_attachments_f_10_03_weber_2026_interagency_agreement,No source_url recorded for 'data/raw/board_packets/2026-06-09_Board_of_Directors/attachments/F_10_03_Weber 2026 Interagency Agreement.pdf'.,Record the public URL in the inventory or a source_urls.md.,open
2026-06-07,info,unknown_document_type,,2026-06-09_attachments_f_10_04_shimek_2026_interagency_agreement,Document 'data/raw/board_packets/2026-06-09_Board_of_Directors/attachments/F_10_04_Shimek 2026 Interagency Agreement.pdf' is unclassified (type=generic_pdf).,Classify in data/manual/document_classification_manual.csv.,open
2026-06-07,info,missing_source_url,,2026-06-09_attachments_f_10_04_shimek_2026_interagency_agreement,No source_url recorded for 'data/raw/board_packets/2026-06-09_Board_of_Directors/attachments/F_10_04_Shimek 2026 Interagency Agreement.pdf'.,Record the public URL in the inventory or a source_urls.md.,open
2026-06-07,info,unknown_document_type,,2026-06-09_attachments_f_10_05_penn_2026_interagency_agreement,Document 'data/raw/board_packets/2026-06-09_Board_of_Directors/attachments/F_10_05_Penn 2026 Interagency Agreement.pdf' is unclassified (type=generic_pdf).,Classify in data/manual/document_classification_manual.csv.,open
2026-06-07,info,missing_source_url,,2026-06-09_attachments_f_10_05_penn_2026_interagency_agreement,No source_url recorded for 'data/raw/board_packets/2026-06-09_Board_of_Directors/attachments/F_10_05_Penn 2026 Interagency Agreement.pdf'.,Record the public URL in the inventory or a source_urls.md.,open
2026-06-07,info,unknown_document_type,,2026-06-09_attachments_f_10_06_mann_basp_2026_interagency_agreement_1,Document 'data/raw/board_packets/2026-06-09_Board_of_Directors/attachments/F_10_06_Mann BASP 2026 Interagency Agreement (1).pdf' is unclassified (type=generic_pdf).,Classify in data/manual/document_classification_manual.csv.,open
2026-06-07,info,missing_source_url,,2026-06-09_attachments_f_10_06_mann_basp_2026_interagency_agreement_1,No source_url recorded for 'data/raw/board_packets/2026-06-09_Board_of_Directors/attachments/F_10_06_Mann BASP 2026 Interagency Agreement (1).pdf'.,Record the public URL in the inventory or a source_urls.md.,open
2026-06-07,info,unknown_document_type,,2026-06-09_attachments_f_10_07_longfellow_2026_interagency_agreement_1,Document 'data/raw/board_packets/2026-06-09_Board_of_Directors/attachments/F_10_07_Longfellow 2026 Interagency Agreement (1).pdf' is unclassified (type=generic_pdf).,Classify in data/manual/document_classification_manual.csv.,open
2026-06-07,info,missing_source_url,,2026-06-09_attachments_f_10_07_longfellow_2026_interagency_agreement_1,No source_url recorded for 'data/raw/board_packets/2026-06-09_Board_of_Directors/attachments/F_10_07_Longfellow 2026 Interagency Agreement (1).pdf'.,Record the public URL in the inventory or a source_urls.md.,open
2026-06-07,info,unknown_document_type,,2026-06-09_attachments_f_10_08_lincoln_2026_interagency_agreement,Document 'data/raw/board_packets/2026-06-09_Board_of_Directors/attachments/F_10_08_Lincoln 2026 Interagency Agreement.pdf' is unclassified (type=generic_pdf).,Classify in data/manual/document_classification_manual.csv.,open
2026-06-07,info,missing_source_url,,2026-06-09_attachments_f_10_08_lincoln_2026_interagency_agreement,No source_url recorded for 'data/raw/board_packets/2026-06-09_Board_of_Directors/attachments/F_10_08_Lincoln 2026 Interagency Agreement.pdf'.,Record the public URL in the inventory or a source_urls.md.,open
2026-06-07,info,unknown_document_type,,2026-06-09_attachments_f_10_09_lemme_2026_interagency_agreement,Document 'data/raw/board_packets/2026-06-09_Board_of_Directors/attachments/F_10_09_Lemme 2026 Interagency Agreement.pdf' is unclassified (type=generic_pdf).,Classify in data/manual/document_classification_manual.csv.,open
2026-06-07,info,missing_source_url,,2026-06-09_attachments_f_10_09_lemme_2026_interagency_agreement,No source_url recorded for 'data/raw/board_packets/2026-06-09_Board_of_Directors/attachments/F_10_09_Lemme 2026 Interagency Agreement.pdf'.,Record the public URL in the inventory or a source_urls.md.,open
2026-06-07,info,unknown_document_type,,2026-06-09_attachments_f_10_10_kirkwoodkares_202026_20interagency_20agreement,Document 'data/raw/board_packets/2026-06-09_Board_of_Directors/attachments/F_10_10_KirkwoodKares_202026_20Interagency_20Agreement.pdf' is unclassified (type=generic_pdf).,Classify in data/manual/document_classification_manual.csv.,open
2026-06-07,info,missing_source_url,,2026-06-09_attachments_f_10_10_kirkwoodkares_202026_20interagency_20agreement,No source_url recorded for 'data/raw/board_packets/2026-06-09_Board_of_Directors/attachments/F_10_10_KirkwoodKares_202026_20Interagency_20Agreement.pdf'.,Record the public URL in the inventory or a source_urls.md.,open
2026-06-07,info,unknown_document_type,,2026-06-09_attachments_f_10_11_coralville_central_2026_interagency_agreement,Document 'data/raw/board_packets/2026-06-09_Board_of_Directors/attachments/F_10_11_Coralville Central 2026 Interagency Agreement.pdf' is unclassified (type=generic_pdf).,Classify in data/manual/document_classification_manual.csv.,open
2026-06-07,info,missing_source_url,,2026-06-09_attachments_f_10_11_coralville_central_2026_interagency_agreement,No source_url recorded for 'data/raw/board_packets/2026-06-09_Board_of_Directors/attachments/F_10_11_Coralville Central 2026 Interagency Agreement.pdf'.,Record the public URL in the inventory or a source_urls.md.,open
2026-06-07,info,unknown_document_type,,2026-06-09_attachments_f_11_01_iccsd_eap_agreement_2026_2027,Document 'data/raw/board_packets/2026-06-09_Board_of_Directors/attachments/F_11_01_ICCSD EAP Agreement 2026-2027.pdf' is unclassified (type=generic_pdf).,Classify in data/manual/document_classification_manual.csv.,open
2026-06-07,info,missing_source_url,,2026-06-09_attachments_f_11_01_iccsd_eap_agreement_2026_2027,No source_url recorded for 'data/raw/board_packets/2026-06-09_Board_of_Directors/attachments/F_11_01_ICCSD EAP Agreement 2026-2027.pdf'.,Record the public URL in the inventory or a source_urls.md.,open
2026-06-07,info,unknown_document_type,,2026-06-09_attachments_f_12_01_iowa_city_csd_fy27_amendment,Document 'data/raw/board_packets/2026-06-09_Board_of_Directors/attachments/F_12_01_Iowa City CSD FY27 Amendment.pdf' is unclassified (type=generic_pdf).,Classify in data/manual/document_classification_manual.csv.,open
2026-06-07,info,missing_source_url,,2026-06-09_attachments_f_12_01_iowa_city_csd_fy27_amendment,No source_url recorded for 'data/raw/board_packets/2026-06-09_Board_of_Directors/attachments/F_12_01_Iowa City CSD FY27 Amendment.pdf'.,Record the public URL in the inventory or a source_urls.md.,open
2026-06-07,info,unknown_document_type,,2026-06-09_attachments_f_13_01_summary_of_appendix_9_approval_requests_and_pro,Document 'data/raw/board_packets/2026-06-09_Board_of_Directors/attachments/F_13_01_Summary of Appendix 9 Approval Requests and Pro.pdf' is unclassified (type=generic_pdf).,Classify in data/manual/document_classification_manual.csv.,open
2026-06-07,info,missing_source_url,,2026-06-09_attachments_f_13_01_summary_of_appendix_9_approval_requests_and_pro,No source_url recorded for 'data/raw/board_packets/2026-06-09_Board_of_Directors/attachments/F_13_01_Summary of Appendix 9 Approval Requests and Pro.pdf'.,Record the public URL in the inventory or a source_urls.md.,open
2026-06-07,info,unknown_document_type,,2026-06-09_attachments_f_13_02_center_for_innovation_2024_building_renovation,Document 'data/raw/board_packets/2026-06-09_Board_of_Directors/attachments/F_13_02_Center for Innovation 2024 Building Renovation.pdf' is unclassified (type=generic_pdf).,Classify in data/manual/document_classification_manual.csv.,open
2026-06-07,info,missing_source_url,,2026-06-09_attachments_f_13_02_center_for_innovation_2024_building_renovation,No source_url recorded for 'data/raw/board_packets/2026-06-09_Board_of_Directors/attachments/F_13_02_Center for Innovation 2024 Building Renovation.pdf'.,Record the public URL in the inventory or a source_urls.md.,open
2026-06-07,info,unknown_document_type,,2026-06-09_attachments_f_13_03_city_hs_baseball_softball_at_mercer_park_2025,Document 'data/raw/board_packets/2026-06-09_Board_of_Directors/attachments/F_13_03_City HS Baseball & Softball at Mercer Park 2025.pdf' is unclassified (type=generic_pdf).,Classify in data/manual/document_classification_manual.csv.,open
2026-06-07,info,missing_source_url,,2026-06-09_attachments_f_13_03_city_hs_baseball_softball_at_mercer_park_2025,No source_url recorded for 'data/raw/board_packets/2026-06-09_Board_of_Directors/attachments/F_13_03_City HS Baseball & Softball at Mercer Park 2025.pdf'.,Record the public URL in the inventory or a source_urls.md.,open
2026-06-07,info,unknown_document_type,,2026-06-09_attachments_f_13_04_hvac_upgrades_2024_wickham_es_hvac_upgrades,Document 'data/raw/board_packets/2026-06-09_Board_of_Directors/attachments/F_13_04_HVAC Upgrades 2024 Wickham ES HVAC Upgrades.pdf' is unclassified (type=generic_pdf).,Classify in data/manual/document_classification_manual.csv.,open
2026-06-07,info,missing_source_url,,2026-06-09_attachments_f_13_04_hvac_upgrades_2024_wickham_es_hvac_upgrades,No source_url recorded for 'data/raw/board_packets/2026-06-09_Board_of_Directors/attachments/F_13_04_HVAC Upgrades 2024 Wickham ES HVAC Upgrades.pdf'.,Record the public URL in the inventory or a source_urls.md.,open
2026-06-07,info,unknown_document_type,,2026-06-09_attachments_f_13_05_liberty_hs_2025_soccer_field_lighting,Document 'data/raw/board_packets/2026-06-09_Board_of_Directors/attachments/F_13_05_Liberty HS 2025 Soccer Field Lighting.pdf' is unclassified (type=generic_pdf).,Classify in data/manual/document_classification_manual.csv.,open
2026-06-07,info,missing_source_url,,2026-06-09_attachments_f_13_05_liberty_hs_2025_soccer_field_lighting,No source_url recorded for 'data/raw/board_packets/2026-06-09_Board_of_Directors/attachments/F_13_05_Liberty HS 2025 Soccer Field Lighting.pdf'.,Record the public URL in the inventory or a source_urls.md.,open
2026-06-07,info,unknown_document_type,,2026-06-09_attachments_f_13_06_lucas_es_gym_addition,Document 'data/raw/board_packets/2026-06-09_Board_of_Directors/attachments/F_13_06_Lucas ES Gym Addition.pdf' is unclassified (type=generic_pdf).,Classify in data/manual/document_classification_manual.csv.,open
2026-06-07,info,missing_source_url,,2026-06-09_attachments_f_13_06_lucas_es_gym_addition,No source_url recorded for 'data/raw/board_packets/2026-06-09_Board_of_Directors/attachments/F_13_06_Lucas ES Gym Addition.pdf'.,Record the public URL in the inventory or a source_urls.md.,open
2026-06-07,info,missing_source_url,,2026-06-09_attachments_f_13_07_capital_projects_status_report,No source_url recorded for 'data/raw/board_packets/2026-06-09_Board_of_Directors/attachments/F_13_07_Capital Projects Status Report.pdf'.,Record the public URL in the inventory or a source_urls.md.,open
2026-06-07,info,unknown_document_type,,2026-06-09_attachments_f_13_08_combined_appendix_9_approval_requests_and_proje,Document 'data/raw/board_packets/2026-06-09_Board_of_Directors/attachments/F_13_08_Combined Appendix 9 Approval Requests and Proje.pdf' is unclassified (type=generic_pdf).,Classify in data/manual/document_classification_manual.csv.,open
2026-06-07,info,missing_source_url,,2026-06-09_attachments_f_13_08_combined_appendix_9_approval_requests_and_proje,No source_url recorded for 'data/raw/board_packets/2026-06-09_Board_of_Directors/attachments/F_13_08_Combined Appendix 9 Approval Requests and Proje.pdf'.,Record the public URL in the inventory or a source_urls.md.,open
2026-06-07,info,unknown_document_type,,2026-06-09_attachments_i_01_01_900_policies_school_district_community_relation,Document 'data/raw/board_packets/2026-06-09_Board_of_Directors/attachments/I_01_01_900 Policies School District Community Relation.pdf' is unclassified (type=generic_pdf).,Classify in data/manual/document_classification_manual.csv.,open
2026-06-07,info,missing_source_url,,2026-06-09_attachments_i_01_01_900_policies_school_district_community_relation,No source_url recorded for 'data/raw/board_packets/2026-06-09_Board_of_Directors/attachments/I_01_01_900 Policies School District Community Relation.pdf'.,Record the public URL in the inventory or a source_urls.md.,open
2026-06-07,info,missing_source_url,,2026-06-09_attachments_j_01_01_board_financial_leadership_update,No source_url recorded for 'data/raw/board_packets/2026-06-09_Board_of_Directors/attachments/J_01_01_Board Financial Leadership Update.pdf'.,Record the public URL in the inventory or a source_urls.md.,open
2026-06-07,info,unknown_document_type,,2026-06-09_attachments_j_02_01_summary_update_for_06_09_26_board_meeting,Document 'data/raw/board_packets/2026-06-09_Board_of_Directors/attachments/J_02_01_Summary Update for 06 09 26 Board Meeting.pdf' is unclassified (type=generic_pdf).,Classify in data/manual/document_classification_manual.csv.,open
2026-06-07,info,missing_source_url,,2026-06-09_attachments_j_02_01_summary_update_for_06_09_26_board_meeting,No source_url recorded for 'data/raw/board_packets/2026-06-09_Board_of_Directors/attachments/J_02_01_Summary Update for 06 09 26 Board Meeting.pdf'.,Record the public URL in the inventory or a source_urls.md.,open
2026-06-07,info,unknown_document_type,,2026-06-09_attachments_j_02_02_summary_6_4_status_of_progress,Document 'data/raw/board_packets/2026-06-09_Board_of_Directors/attachments/J_02_02_Summary 6-4 Status of Progress.pdf' is unclassified (type=generic_pdf).,Classify in data/manual/document_classification_manual.csv.,open
2026-06-07,info,missing_source_url,,2026-06-09_attachments_j_02_02_summary_6_4_status_of_progress,No source_url recorded for 'data/raw/board_packets/2026-06-09_Board_of_Directors/attachments/J_02_02_Summary 6-4 Status of Progress.pdf'.,Record the public URL in the inventory or a source_urls.md.,open
2026-06-07,info,unknown_document_type,,2026-06-09_attachments_j_03_01_organizational_study_rfp,Document 'data/raw/board_packets/2026-06-09_Board_of_Directors/attachments/J_03_01_Organizational Study RFP.pdf' is unclassified (type=generic_pdf).,Classify in data/manual/document_classification_manual.csv.,open
2026-06-07,info,missing_source_url,,2026-06-09_attachments_j_03_01_organizational_study_rfp,No source_url recorded for 'data/raw/board_packets/2026-06-09_Board_of_Directors/attachments/J_03_01_Organizational Study RFP.pdf'.,Record the public URL in the inventory or a source_urls.md.,open
2026-06-07,info,unknown_document_type,,2026-06-09_attachments_j_03_02_compensation_study_rfp,Document 'data/raw/board_packets/2026-06-09_Board_of_Directors/attachments/J_03_02_Compensation Study - RFP.pdf' is unclassified (type=generic_pdf).,Classify in data/manual/document_classification_manual.csv.,open
2026-06-07,info,missing_source_url,,2026-06-09_attachments_j_03_02_compensation_study_rfp,No source_url recorded for 'data/raw/board_packets/2026-06-09_Board_of_Directors/attachments/J_03_02_Compensation Study - RFP.pdf'.,Record the public URL in the inventory or a source_urls.md.,open
2026-06-07,info,unknown_document_type,,2026-06-09_attachments_j_03_03_rfp_demographic_study_enrollment_projection,Document 'data/raw/board_packets/2026-06-09_Board_of_Directors/attachments/J_03_03_RFP - Demographic Study & Enrollment Projection.pdf' is unclassified (type=generic_pdf).,Classify in data/manual/document_classification_manual.csv.,open
2026-06-07,info,missing_source_url,,2026-06-09_attachments_j_03_03_rfp_demographic_study_enrollment_projection,No source_url recorded for 'data/raw/board_packets/2026-06-09_Board_of_Directors/attachments/J_03_03_RFP - Demographic Study & Enrollment Projection.pdf'.,Record the public URL in the inventory or a source_urls.md.,open
2026-06-07,info,unknown_document_type,,2026-06-09_attachments_l_01_01_900_policies_school_district_community_relation,Document 'data/raw/board_packets/2026-06-09_Board_of_Directors/attachments/L_01_01_900 Policies School District Community Relation.pdf' is unclassified (type=generic_pdf).,Classify in data/manual/document_classification_manual.csv.,open
2026-06-07,info,missing_source_url,,2026-06-09_attachments_l_01_01_900_policies_school_district_community_relation,No source_url recorded for 'data/raw/board_packets/2026-06-09_Board_of_Directors/attachments/L_01_01_900 Policies School District Community Relation.pdf'.,Record the public URL in the inventory or a source_urls.md.,open
2026-06-07,info,unknown_document_type,,2026-06-09_attachments_l_02_01_2026_2027_board_meeting_schedule,Document 'data/raw/board_packets/2026-06-09_Board_of_Directors/attachments/L_02_01_2026-2027 Board Meeting Schedule.pdf' is unclassified (type=generic_pdf).,Classify in data/manual/document_classification_manual.csv.,open
2026-06-07,info,missing_source_url,,2026-06-09_attachments_l_02_01_2026_2027_board_meeting_schedule,No source_url recorded for 'data/raw/board_packets/2026-06-09_Board_of_Directors/attachments/L_02_01_2026-2027 Board Meeting Schedule.pdf'.,Record the public URL in the inventory or a source_urls.md.,open
2026-06-07,info,unknown_document_type,,2026-06-09_attachments_l_05_01_3_second_resolution_scanlon_family_l_l_c,"Document 'data/raw/board_packets/2026-06-09_Board_of_Directors/attachments/L_05_01_(3) Second Resolution - Scanlon Family, L.L.C..pdf' is unclassified (type=generic_pdf).",Classify in data/manual/document_classification_manual.csv.,open
2026-06-07,info,missing_source_url,,2026-06-09_attachments_l_05_01_3_second_resolution_scanlon_family_l_l_c,"No source_url recorded for 'data/raw/board_packets/2026-06-09_Board_of_Directors/attachments/L_05_01_(3) Second Resolution - Scanlon Family, L.L.C..pdf'.",Record the public URL in the inventory or a source_urls.md.,open
2026-06-07,info,unknown_document_type,,2026-06-09_attachments_l_05_02_5817_761_warranty_deed,Document 'data/raw/board_packets/2026-06-09_Board_of_Directors/attachments/L_05_02_5817.761 Warranty Deed.pdf' is unclassified (type=generic_pdf).,Classify in data/manual/document_classification_manual.csv.,open
2026-06-07,info,missing_source_url,,2026-06-09_attachments_l_05_02_5817_761_warranty_deed,No source_url recorded for 'data/raw/board_packets/2026-06-09_Board_of_Directors/attachments/L_05_02_5817.761 Warranty Deed.pdf'.,Record the public URL in the inventory or a source_urls.md.,open
2026-06-07,info,unknown_document_type,,2026-06-09_attachments_l_05_03_62_98_1,Document 'data/raw/board_packets/2026-06-09_Board_of_Directors/attachments/L_05_03_62.98 (1).pdf' is unclassified (type=generic_pdf).,Classify in data/manual/document_classification_manual.csv.,open
2026-06-07,info,missing_source_url,,2026-06-09_attachments_l_05_03_62_98_1,No source_url recorded for 'data/raw/board_packets/2026-06-09_Board_of_Directors/attachments/L_05_03_62.98 (1).pdf'.,Record the public URL in the inventory or a source_urls.md.,open
2026-06-07,info,unknown_document_type,,2026-06-09_attachments_l_05_04_notice_of_public_hearing,Document 'data/raw/board_packets/2026-06-09_Board_of_Directors/attachments/L_05_04_Notice of Public Hearing.pdf' is unclassified (type=generic_pdf).,Classify in data/manual/document_classification_manual.csv.,open
2026-06-07,info,missing_source_url,,2026-06-09_attachments_l_05_04_notice_of_public_hearing,No source_url recorded for 'data/raw/board_packets/2026-06-09_Board_of_Directors/attachments/L_05_04_Notice of Public Hearing.pdf'.,Record the public URL in the inventory or a source_urls.md.,open
2026-06-07,info,unknown_document_type,,2026-06-09_attachments_l_05_05_affidavid_of_publicationiow_12354952_1,Document 'data/raw/board_packets/2026-06-09_Board_of_Directors/attachments/L_05_05_Affidavid of PublicationIOW 12354952 (1).pdf' is unclassified (type=generic_pdf).,Classify in data/manual/document_classification_manual.csv.,open
2026-06-07,info,missing_source_url,,2026-06-09_attachments_l_05_05_affidavid_of_publicationiow_12354952_1,No source_url recorded for 'data/raw/board_packets/2026-06-09_Board_of_Directors/attachments/L_05_05_Affidavid of PublicationIOW 12354952 (1).pdf'.,Record the public URL in the inventory or a source_urls.md.,open
2026-06-07,info,missing_source_url,,2026-06-09_attachments_m_01_01_6_23_26_policy_governance_agenda_draft,No source_url recorded for 'data/raw/board_packets/2026-06-09_Board_of_Directors/attachments/M_01_01_6-23-26 Policy & Governance Agenda - DRAFT.pdf'.,Record the public URL in the inventory or a source_urls.md.,open
2026-06-07,info,missing_source_url,,2026-06-09_attachments_m_01_02_06_23_2026_board_meeting_agenda_draft,No source_url recorded for 'data/raw/board_packets/2026-06-09_Board_of_Directors/attachments/M_01_02_06-23-2026 Board Meeting Agenda - DRAFT.pdf'.,Record the public URL in the inventory or a source_urls.md.,open
2026-06-07,info,missing_source_url,,undated_audits_iowa_city_csd_2020,No source_url recorded for 'data/raw/district_reports/audits/Iowa City CSD-2020.pdf'.,Record the public URL in the inventory or a source_urls.md.,open
2026-06-07,info,missing_meeting_date,,undated_audits_iowa_city_csd_2020,No meeting/report date for 'data/raw/district_reports/audits/Iowa City CSD-2020.pdf'.,Place the file in a dated folder (YYYY-MM-DD) or set the date via a manual override.,open
2026-06-07,info,missing_source_url,,undated_audits_iowa_city_csd_2021,No source_url recorded for 'data/raw/district_reports/audits/Iowa City CSD-2021.pdf'.,Record the public URL in the inventory or a source_urls.md.,open
2026-06-07,info,missing_meeting_date,,undated_audits_iowa_city_csd_2021,No meeting/report date for 'data/raw/district_reports/audits/Iowa City CSD-2021.pdf'.,Place the file in a dated folder (YYYY-MM-DD) or set the date via a manual override.,open
2026-06-07,info,missing_source_url,,undated_audits_iowa_city_csd_2022,No source_url recorded for 'data/raw/district_reports/audits/Iowa City CSD-2022.pdf'.,Record the public URL in the inventory or a source_urls.md.,open
2026-06-07,info,missing_meeting_date,,undated_audits_iowa_city_csd_2022,No meeting/report date for 'data/raw/district_reports/audits/Iowa City CSD-2022.pdf'.,Place the file in a dated folder (YYYY-MM-DD) or set the date via a manual override.,open
2026-06-07,info,missing_source_url,,undated_audits_iowa_city_csd_2023,No source_url recorded for 'data/raw/district_reports/audits/Iowa City CSD-2023.pdf'.,Record the public URL in the inventory or a source_urls.md.,open
2026-06-07,info,missing_meeting_date,,undated_audits_iowa_city_csd_2023,No meeting/report date for 'data/raw/district_reports/audits/Iowa City CSD-2023.pdf'.,Place the file in a dated folder (YYYY-MM-DD) or set the date via a manual override.,open
2026-06-07,info,unknown_document_type,,undated_district_extractions_iowa_city_csd,Document 'data/raw/manual_uploads/iccsd_advocacy_extractions/district-extractions/Iowa_City_CSD.csv' is unclassified (type=generic_excel).,Classify in data/manual/document_classification_manual.csv.,open
2026-06-07,info,missing_source_url,,undated_district_extractions_iowa_city_csd,No source_url recorded for 'data/raw/manual_uploads/iccsd_advocacy_extractions/district-extractions/Iowa_City_CSD.csv'.,Record the public URL in the inventory or a source_urls.md.,open
2026-06-07,info,missing_meeting_date,,undated_district_extractions_iowa_city_csd,No meeting/report date for 'data/raw/manual_uploads/iccsd_advocacy_extractions/district-extractions/Iowa_City_CSD.csv'.,Place the file in a dated folder (YYYY-MM-DD) or set the date via a manual override.,open
2026-06-07,info,unknown_document_type,,undated_dom_aea_flowthrough,Document 'data/raw/manual_uploads/iccsd_advocacy_extractions/dom/aea-flowthrough.csv' is unclassified (type=generic_excel).,Classify in data/manual/document_classification_manual.csv.,open
2026-06-07,info,missing_source_url,,undated_dom_aea_flowthrough,No source_url recorded for 'data/raw/manual_uploads/iccsd_advocacy_extractions/dom/aea-flowthrough.csv'.,Record the public URL in the inventory or a source_urls.md.,open
2026-06-07,info,missing_meeting_date,,undated_dom_aea_flowthrough,No meeting/report date for 'data/raw/manual_uploads/iccsd_advocacy_extractions/dom/aea-flowthrough.csv'.,Place the file in a dated folder (YYYY-MM-DD) or set the date via a manual override.,open
2026-06-07,info,unknown_document_type,,undated_dom_aid_levy_summary,Document 'data/raw/manual_uploads/iccsd_advocacy_extractions/dom/aid-levy-summary.csv' is unclassified (type=generic_excel).,Classify in data/manual/document_classification_manual.csv.,open
2026-06-07,info,missing_source_url,,undated_dom_aid_levy_summary,No source_url recorded for 'data/raw/manual_uploads/iccsd_advocacy_extractions/dom/aid-levy-summary.csv'.,Record the public URL in the inventory or a source_urls.md.,open
2026-06-07,info,missing_meeting_date,,undated_dom_aid_levy_summary,No meeting/report date for 'data/raw/manual_uploads/iccsd_advocacy_extractions/dom/aid-levy-summary.csv'.,Place the file in a dated folder (YYYY-MM-DD) or set the date via a manual override.,open
2026-06-07,info,unknown_document_type,,undated_dom_assessed_valuation_latest,Document 'data/raw/manual_uploads/iccsd_advocacy_extractions/dom/assessed-valuation-latest.csv' is unclassified (type=generic_excel).,Classify in data/manual/document_classification_manual.csv.,open
2026-06-07,info,missing_source_url,,undated_dom_assessed_valuation_latest,No source_url recorded for 'data/raw/manual_uploads/iccsd_advocacy_extractions/dom/assessed-valuation-latest.csv'.,Record the public URL in the inventory or a source_urls.md.,open
2026-06-07,info,missing_meeting_date,,undated_dom_assessed_valuation_latest,No meeting/report date for 'data/raw/manual_uploads/iccsd_advocacy_extractions/dom/assessed-valuation-latest.csv'.,Place the file in a dated folder (YYYY-MM-DD) or set the date via a manual override.,open
2026-06-07,info,unknown_document_type,,undated_dom_at_risk,Document 'data/raw/manual_uploads/iccsd_advocacy_extractions/dom/at-risk.csv' is unclassified (type=generic_excel).,Classify in data/manual/document_classification_manual.csv.,open
2026-06-07,info,missing_source_url,,undated_dom_at_risk,No source_url recorded for 'data/raw/manual_uploads/iccsd_advocacy_extractions/dom/at-risk.csv'.,Record the public URL in the inventory or a source_urls.md.,open
2026-06-07,info,missing_meeting_date,,undated_dom_at_risk,No meeting/report date for 'data/raw/manual_uploads/iccsd_advocacy_extractions/dom/at-risk.csv'.,Place the file in a dated folder (YYYY-MM-DD) or set the date via a manual override.,open
2026-06-07,info,unknown_document_type,,undated_dom_cash_reserve_levy,Document 'data/raw/manual_uploads/iccsd_advocacy_extractions/dom/cash-reserve-levy.csv' is unclassified (type=generic_excel).,Classify in data/manual/document_classification_manual.csv.,open
2026-06-07,info,missing_source_url,,undated_dom_cash_reserve_levy,No source_url recorded for 'data/raw/manual_uploads/iccsd_advocacy_extractions/dom/cash-reserve-levy.csv'.,Record the public URL in the inventory or a source_urls.md.,open
2026-06-07,info,missing_meeting_date,,undated_dom_cash_reserve_levy,No meeting/report date for 'data/raw/manual_uploads/iccsd_advocacy_extractions/dom/cash-reserve-levy.csv'.,Place the file in a dated folder (YYYY-MM-DD) or set the date via a manual override.,open
2026-06-07,info,unknown_document_type,,undated_dom_certified_enrollment,Document 'data/raw/manual_uploads/iccsd_advocacy_extractions/dom/certified-enrollment.csv' is unclassified (type=generic_excel).,Classify in data/manual/document_classification_manual.csv.,open
2026-06-07,info,missing_source_url,,undated_dom_certified_enrollment,No source_url recorded for 'data/raw/manual_uploads/iccsd_advocacy_extractions/dom/certified-enrollment.csv'.,Record the public URL in the inventory or a source_urls.md.,open
2026-06-07,info,missing_meeting_date,,undated_dom_certified_enrollment,No meeting/report date for 'data/raw/manual_uploads/iccsd_advocacy_extractions/dom/certified-enrollment.csv'.,Place the file in a dated folder (YYYY-MM-DD) or set the date via a manual override.,open
2026-06-07,info,unknown_document_type,,undated_dom_levy_rates_and_valuation,Document 'data/raw/manual_uploads/iccsd_advocacy_extractions/dom/levy-rates-and-valuation.csv' is unclassified (type=generic_excel).,Classify in data/manual/document_classification_manual.csv.,open
2026-06-07,info,missing_source_url,,undated_dom_levy_rates_and_valuation,No source_url recorded for 'data/raw/manual_uploads/iccsd_advocacy_extractions/dom/levy-rates-and-valuation.csv'.,Record the public URL in the inventory or a source_urls.md.,open
2026-06-07,info,missing_meeting_date,,undated_dom_levy_rates_and_valuation,No meeting/report date for 'data/raw/manual_uploads/iccsd_advocacy_extractions/dom/levy-rates-and-valuation.csv'.,Place the file in a dated folder (YYYY-MM-DD) or set the date via a manual override.,open
2026-06-07,info,unknown_document_type,,undated_dom_unspent_authorized_budget,Document 'data/raw/manual_uploads/iccsd_advocacy_extractions/dom/unspent-authorized-budget.csv' is unclassified (type=generic_excel).,Classify in data/manual/document_classification_manual.csv.,open
2026-06-07,info,missing_source_url,,undated_dom_unspent_authorized_budget,No source_url recorded for 'data/raw/manual_uploads/iccsd_advocacy_extractions/dom/unspent-authorized-budget.csv'.,Record the public URL in the inventory or a source_urls.md.,open
2026-06-07,info,missing_meeting_date,,undated_dom_unspent_authorized_budget,No meeting/report date for 'data/raw/manual_uploads/iccsd_advocacy_extractions/dom/unspent-authorized-budget.csv'.,Place the file in a dated folder (YYYY-MM-DD) or set the date via a manual override.,open
2026-06-07,info,unknown_document_type,,undated_notes_extractions_iowa_city_csd,Document 'data/raw/manual_uploads/iccsd_advocacy_extractions/notes-extractions/Iowa_City_CSD.csv' is unclassified (type=generic_excel).,Classify in data/manual/document_classification_manual.csv.,open
2026-06-07,info,missing_source_url,,undated_notes_extractions_iowa_city_csd,No source_url recorded for 'data/raw/manual_uploads/iccsd_advocacy_extractions/notes-extractions/Iowa_City_CSD.csv'.,Record the public URL in the inventory or a source_urls.md.,open
2026-06-07,info,missing_meeting_date,,undated_notes_extractions_iowa_city_csd,No meeting/report date for 'data/raw/manual_uploads/iccsd_advocacy_extractions/notes-extractions/Iowa_City_CSD.csv'.,Place the file in a dated folder (YYYY-MM-DD) or set the date via a manual override.,open
2026-06-07,info,missing_source_url,,undated_audits_ankeny_csd_2020,No source_url recorded for 'data/raw/peer_districts/audits/Ankeny CSD-2020.pdf'.,Record the public URL in the inventory or a source_urls.md.,open
2026-06-07,info,missing_meeting_date,,undated_audits_ankeny_csd_2020,No meeting/report date for 'data/raw/peer_districts/audits/Ankeny CSD-2020.pdf'.,Place the file in a dated folder (YYYY-MM-DD) or set the date via a manual override.,open
2026-06-07,info,missing_source_url,,undated_audits_ankeny_csd_2021,No source_url recorded for 'data/raw/peer_districts/audits/Ankeny CSD-2021.pdf'.,Record the public URL in the inventory or a source_urls.md.,open
2026-06-07,info,missing_meeting_date,,undated_audits_ankeny_csd_2021,No meeting/report date for 'data/raw/peer_districts/audits/Ankeny CSD-2021.pdf'.,Place the file in a dated folder (YYYY-MM-DD) or set the date via a manual override.,open
2026-06-07,info,missing_source_url,,undated_audits_ankeny_csd_2022,No source_url recorded for 'data/raw/peer_districts/audits/Ankeny CSD-2022.pdf'.,Record the public URL in the inventory or a source_urls.md.,open
2026-06-07,info,missing_meeting_date,,undated_audits_ankeny_csd_2022,No meeting/report date for 'data/raw/peer_districts/audits/Ankeny CSD-2022.pdf'.,Place the file in a dated folder (YYYY-MM-DD) or set the date via a manual override.,open
2026-06-07,info,missing_source_url,,undated_audits_ankeny_csd_2023,No source_url recorded for 'data/raw/peer_districts/audits/Ankeny CSD-2023.pdf'.,Record the public URL in the inventory or a source_urls.md.,open
2026-06-07,info,missing_meeting_date,,undated_audits_ankeny_csd_2023,No meeting/report date for 'data/raw/peer_districts/audits/Ankeny CSD-2023.pdf'.,Place the file in a dated folder (YYYY-MM-DD) or set the date via a manual override.,open
2026-06-07,info,missing_source_url,,undated_audits_ankeny_csd_2024,No source_url recorded for 'data/raw/peer_districts/audits/Ankeny CSD-2024.pdf'.,Record the public URL in the inventory or a source_urls.md.,open
2026-06-07,info,missing_meeting_date,,undated_audits_ankeny_csd_2024,No meeting/report date for 'data/raw/peer_districts/audits/Ankeny CSD-2024.pdf'.,Place the file in a dated folder (YYYY-MM-DD) or set the date via a manual override.,open
2026-06-07,info,missing_source_url,,undated_audits_ankeny_csd_2025,No source_url recorded for 'data/raw/peer_districts/audits/Ankeny CSD-2025.pdf'.,Record the public URL in the inventory or a source_urls.md.,open
2026-06-07,info,missing_meeting_date,,undated_audits_ankeny_csd_2025,No meeting/report date for 'data/raw/peer_districts/audits/Ankeny CSD-2025.pdf'.,Place the file in a dated folder (YYYY-MM-DD) or set the date via a manual override.,open
2026-06-07,info,missing_source_url,,undated_audits_burlington_csd_2020,No source_url recorded for 'data/raw/peer_districts/audits/Burlington CSD-2020.pdf'.,Record the public URL in the inventory or a source_urls.md.,open
2026-06-07,info,missing_meeting_date,,undated_audits_burlington_csd_2020,No meeting/report date for 'data/raw/peer_districts/audits/Burlington CSD-2020.pdf'.,Place the file in a dated folder (YYYY-MM-DD) or set the date via a manual override.,open
2026-06-07,info,missing_source_url,,undated_audits_burlington_csd_2021,No source_url recorded for 'data/raw/peer_districts/audits/Burlington CSD-2021.pdf'.,Record the public URL in the inventory or a source_urls.md.,open
2026-06-07,info,missing_meeting_date,,undated_audits_burlington_csd_2021,No meeting/report date for 'data/raw/peer_districts/audits/Burlington CSD-2021.pdf'.,Place the file in a dated folder (YYYY-MM-DD) or set the date via a manual override.,open
2026-06-07,info,missing_source_url,,undated_audits_burlington_csd_2022,No source_url recorded for 'data/raw/peer_districts/audits/Burlington CSD-2022.pdf'.,Record the public URL in the inventory or a source_urls.md.,open
2026-06-07,info,missing_meeting_date,,undated_audits_burlington_csd_2022,No meeting/report date for 'data/raw/peer_districts/audits/Burlington CSD-2022.pdf'.,Place the file in a dated folder (YYYY-MM-DD) or set the date via a manual override.,open
2026-06-07,info,missing_source_url,,undated_audits_burlington_csd_2023,No source_url recorded for 'data/raw/peer_districts/audits/Burlington CSD-2023.pdf'.,Record the public URL in the inventory or a source_urls.md.,open
2026-06-07,info,missing_meeting_date,,undated_audits_burlington_csd_2023,No meeting/report date for 'data/raw/peer_districts/audits/Burlington CSD-2023.pdf'.,Place the file in a dated folder (YYYY-MM-DD) or set the date via a manual override.,open
2026-06-07,info,missing_source_url,,undated_audits_burlington_csd_2024,No source_url recorded for 'data/raw/peer_districts/audits/Burlington CSD-2024.pdf'.,Record the public URL in the inventory or a source_urls.md.,open
2026-06-07,info,missing_meeting_date,,undated_audits_burlington_csd_2024,No meeting/report date for 'data/raw/peer_districts/audits/Burlington CSD-2024.pdf'.,Place the file in a dated folder (YYYY-MM-DD) or set the date via a manual override.,open
2026-06-07,info,missing_source_url,,undated_audits_burlington_csd_2025,No source_url recorded for 'data/raw/peer_districts/audits/Burlington CSD-2025.pdf'.,Record the public URL in the inventory or a source_urls.md.,open
2026-06-07,info,missing_meeting_date,,undated_audits_burlington_csd_2025,No meeting/report date for 'data/raw/peer_districts/audits/Burlington CSD-2025.pdf'.,Place the file in a dated folder (YYYY-MM-DD) or set the date via a manual override.,open
2026-06-07,info,missing_source_url,,undated_audits_cedar_rapids_csd_2020,No source_url recorded for 'data/raw/peer_districts/audits/Cedar Rapids CSD-2020.pdf'.,Record the public URL in the inventory or a source_urls.md.,open
2026-06-07,info,missing_meeting_date,,undated_audits_cedar_rapids_csd_2020,No meeting/report date for 'data/raw/peer_districts/audits/Cedar Rapids CSD-2020.pdf'.,Place the file in a dated folder (YYYY-MM-DD) or set the date via a manual override.,open
2026-06-07,info,missing_source_url,,undated_audits_cedar_rapids_csd_2021,No source_url recorded for 'data/raw/peer_districts/audits/Cedar Rapids CSD-2021.pdf'.,Record the public URL in the inventory or a source_urls.md.,open
2026-06-07,info,missing_meeting_date,,undated_audits_cedar_rapids_csd_2021,No meeting/report date for 'data/raw/peer_districts/audits/Cedar Rapids CSD-2021.pdf'.,Place the file in a dated folder (YYYY-MM-DD) or set the date via a manual override.,open
2026-06-07,info,missing_source_url,,undated_audits_cedar_rapids_csd_2022,No source_url recorded for 'data/raw/peer_districts/audits/Cedar Rapids CSD-2022.pdf'.,Record the public URL in the inventory or a source_urls.md.,open
2026-06-07,info,missing_meeting_date,,undated_audits_cedar_rapids_csd_2022,No meeting/report date for 'data/raw/peer_districts/audits/Cedar Rapids CSD-2022.pdf'.,Place the file in a dated folder (YYYY-MM-DD) or set the date via a manual override.,open
2026-06-07,info,missing_source_url,,undated_audits_cedar_rapids_csd_2023,No source_url recorded for 'data/raw/peer_districts/audits/Cedar Rapids CSD-2023.pdf'.,Record the public URL in the inventory or a source_urls.md.,open
2026-06-07,info,missing_meeting_date,,undated_audits_cedar_rapids_csd_2023,No meeting/report date for 'data/raw/peer_districts/audits/Cedar Rapids CSD-2023.pdf'.,Place the file in a dated folder (YYYY-MM-DD) or set the date via a manual override.,open
2026-06-07,info,missing_source_url,,undated_audits_cedar_rapids_csd_2024,No source_url recorded for 'data/raw/peer_districts/audits/Cedar Rapids CSD-2024.pdf'.,Record the public URL in the inventory or a source_urls.md.,open
2026-06-07,info,missing_meeting_date,,undated_audits_cedar_rapids_csd_2024,No meeting/report date for 'data/raw/peer_districts/audits/Cedar Rapids CSD-2024.pdf'.,Place the file in a dated folder (YYYY-MM-DD) or set the date via a manual override.,open
2026-06-07,info,missing_source_url,,undated_audits_cedar_rapids_csd_2025,No source_url recorded for 'data/raw/peer_districts/audits/Cedar Rapids CSD-2025.pdf'.,Record the public URL in the inventory or a source_urls.md.,open
2026-06-07,info,missing_meeting_date,,undated_audits_cedar_rapids_csd_2025,No meeting/report date for 'data/raw/peer_districts/audits/Cedar Rapids CSD-2025.pdf'.,Place the file in a dated folder (YYYY-MM-DD) or set the date via a manual override.,open
2026-06-07,info,missing_source_url,,undated_audits_college_csd_2020,No source_url recorded for 'data/raw/peer_districts/audits/College CSD-2020.pdf'.,Record the public URL in the inventory or a source_urls.md.,open
2026-06-07,info,missing_meeting_date,,undated_audits_college_csd_2020,No meeting/report date for 'data/raw/peer_districts/audits/College CSD-2020.pdf'.,Place the file in a dated folder (YYYY-MM-DD) or set the date via a manual override.,open
2026-06-07,info,missing_source_url,,undated_audits_college_csd_2021,No source_url recorded for 'data/raw/peer_districts/audits/College CSD-2021.pdf'.,Record the public URL in the inventory or a source_urls.md.,open
2026-06-07,info,missing_meeting_date,,undated_audits_college_csd_2021,No meeting/report date for 'data/raw/peer_districts/audits/College CSD-2021.pdf'.,Place the file in a dated folder (YYYY-MM-DD) or set the date via a manual override.,open
2026-06-07,info,missing_source_url,,undated_audits_college_csd_2022,No source_url recorded for 'data/raw/peer_districts/audits/College CSD-2022.pdf'.,Record the public URL in the inventory or a source_urls.md.,open
2026-06-07,info,missing_meeting_date,,undated_audits_college_csd_2022,No meeting/report date for 'data/raw/peer_districts/audits/College CSD-2022.pdf'.,Place the file in a dated folder (YYYY-MM-DD) or set the date via a manual override.,open
2026-06-07,info,missing_source_url,,undated_audits_college_csd_2023,No source_url recorded for 'data/raw/peer_districts/audits/College CSD-2023.pdf'.,Record the public URL in the inventory or a source_urls.md.,open
2026-06-07,info,missing_meeting_date,,undated_audits_college_csd_2023,No meeting/report date for 'data/raw/peer_districts/audits/College CSD-2023.pdf'.,Place the file in a dated folder (YYYY-MM-DD) or set the date via a manual override.,open
2026-06-07,info,missing_source_url,,undated_audits_college_csd_2024,No source_url recorded for 'data/raw/peer_districts/audits/College CSD-2024.pdf'.,Record the public URL in the inventory or a source_urls.md.,open
2026-06-07,info,missing_meeting_date,,undated_audits_college_csd_2024,No meeting/report date for 'data/raw/peer_districts/audits/College CSD-2024.pdf'.,Place the file in a dated folder (YYYY-MM-DD) or set the date via a manual override.,open
2026-06-07,info,missing_source_url,,undated_audits_college_csd_2025,No source_url recorded for 'data/raw/peer_districts/audits/College CSD-2025.pdf'.,Record the public URL in the inventory or a source_urls.md.,open
2026-06-07,info,missing_meeting_date,,undated_audits_college_csd_2025,No meeting/report date for 'data/raw/peer_districts/audits/College CSD-2025.pdf'.,Place the file in a dated folder (YYYY-MM-DD) or set the date via a manual override.,open
2026-06-07,info,missing_source_url,,undated_audits_davenport_csd_2020,No source_url recorded for 'data/raw/peer_districts/audits/Davenport CSD-2020.pdf'.,Record the public URL in the inventory or a source_urls.md.,open
2026-06-07,info,missing_meeting_date,,undated_audits_davenport_csd_2020,No meeting/report date for 'data/raw/peer_districts/audits/Davenport CSD-2020.pdf'.,Place the file in a dated folder (YYYY-MM-DD) or set the date via a manual override.,open
2026-06-07,info,missing_source_url,,undated_audits_davenport_csd_2021,No source_url recorded for 'data/raw/peer_districts/audits/Davenport CSD-2021.pdf'.,Record the public URL in the inventory or a source_urls.md.,open
2026-06-07,info,missing_meeting_date,,undated_audits_davenport_csd_2021,No meeting/report date for 'data/raw/peer_districts/audits/Davenport CSD-2021.pdf'.,Place the file in a dated folder (YYYY-MM-DD) or set the date via a manual override.,open
2026-06-07,info,missing_source_url,,undated_audits_davenport_csd_2022,No source_url recorded for 'data/raw/peer_districts/audits/Davenport CSD-2022.pdf'.,Record the public URL in the inventory or a source_urls.md.,open
2026-06-07,info,missing_meeting_date,,undated_audits_davenport_csd_2022,No meeting/report date for 'data/raw/peer_districts/audits/Davenport CSD-2022.pdf'.,Place the file in a dated folder (YYYY-MM-DD) or set the date via a manual override.,open
2026-06-07,info,missing_source_url,,undated_audits_davenport_csd_2023,No source_url recorded for 'data/raw/peer_districts/audits/Davenport CSD-2023.pdf'.,Record the public URL in the inventory or a source_urls.md.,open
2026-06-07,info,missing_meeting_date,,undated_audits_davenport_csd_2023,No meeting/report date for 'data/raw/peer_districts/audits/Davenport CSD-2023.pdf'.,Place the file in a dated folder (YYYY-MM-DD) or set the date via a manual override.,open
2026-06-07,info,missing_source_url,,undated_audits_davenport_csd_2024,No source_url recorded for 'data/raw/peer_districts/audits/Davenport CSD-2024.pdf'.,Record the public URL in the inventory or a source_urls.md.,open
2026-06-07,info,missing_meeting_date,,undated_audits_davenport_csd_2024,No meeting/report date for 'data/raw/peer_districts/audits/Davenport CSD-2024.pdf'.,Place the file in a dated folder (YYYY-MM-DD) or set the date via a manual override.,open
2026-06-07,info,missing_source_url,,undated_audits_davenport_csd_2025,No source_url recorded for 'data/raw/peer_districts/audits/Davenport CSD-2025.pdf'.,Record the public URL in the inventory or a source_urls.md.,open
2026-06-07,info,missing_meeting_date,,undated_audits_davenport_csd_2025,No meeting/report date for 'data/raw/peer_districts/audits/Davenport CSD-2025.pdf'.,Place the file in a dated folder (YYYY-MM-DD) or set the date via a manual override.,open
2026-06-07,info,missing_source_url,,undated_audits_des_moines_independent_csd_2020,No source_url recorded for 'data/raw/peer_districts/audits/Des Moines Independent CSD-2020.pdf'.,Record the public URL in the inventory or a source_urls.md.,open
2026-06-07,info,missing_meeting_date,,undated_audits_des_moines_independent_csd_2020,No meeting/report date for 'data/raw/peer_districts/audits/Des Moines Independent CSD-2020.pdf'.,Place the file in a dated folder (YYYY-MM-DD) or set the date via a manual override.,open
2026-06-07,info,missing_source_url,,undated_audits_des_moines_independent_csd_2021,No source_url recorded for 'data/raw/peer_districts/audits/Des Moines Independent CSD-2021.pdf'.,Record the public URL in the inventory or a source_urls.md.,open
2026-06-07,info,missing_meeting_date,,undated_audits_des_moines_independent_csd_2021,No meeting/report date for 'data/raw/peer_districts/audits/Des Moines Independent CSD-2021.pdf'.,Place the file in a dated folder (YYYY-MM-DD) or set the date via a manual override.,open
2026-06-07,info,missing_source_url,,undated_audits_des_moines_independent_csd_2022,No source_url recorded for 'data/raw/peer_districts/audits/Des Moines Independent CSD-2022.pdf'.,Record the public URL in the inventory or a source_urls.md.,open
2026-06-07,info,missing_meeting_date,,undated_audits_des_moines_independent_csd_2022,No meeting/report date for 'data/raw/peer_districts/audits/Des Moines Independent CSD-2022.pdf'.,Place the file in a dated folder (YYYY-MM-DD) or set the date via a manual override.,open
2026-06-07,info,missing_source_url,,undated_audits_des_moines_independent_csd_2023,No source_url recorded for 'data/raw/peer_districts/audits/Des Moines Independent CSD-2023.pdf'.,Record the public URL in the inventory or a source_urls.md.,open
2026-06-07,info,missing_meeting_date,,undated_audits_des_moines_independent_csd_2023,No meeting/report date for 'data/raw/peer_districts/audits/Des Moines Independent CSD-2023.pdf'.,Place the file in a dated folder (YYYY-MM-DD) or set the date via a manual override.,open
2026-06-07,info,missing_source_url,,undated_audits_des_moines_independent_csd_2024,No source_url recorded for 'data/raw/peer_districts/audits/Des Moines Independent CSD-2024.pdf'.,Record the public URL in the inventory or a source_urls.md.,open
2026-06-07,info,missing_meeting_date,,undated_audits_des_moines_independent_csd_2024,No meeting/report date for 'data/raw/peer_districts/audits/Des Moines Independent CSD-2024.pdf'.,Place the file in a dated folder (YYYY-MM-DD) or set the date via a manual override.,open
2026-06-07,info,missing_source_url,,undated_audits_des_moines_independent_csd_2025,No source_url recorded for 'data/raw/peer_districts/audits/Des Moines Independent CSD-2025.pdf'.,Record the public URL in the inventory or a source_urls.md.,open
2026-06-07,info,missing_meeting_date,,undated_audits_des_moines_independent_csd_2025,No meeting/report date for 'data/raw/peer_districts/audits/Des Moines Independent CSD-2025.pdf'.,Place the file in a dated folder (YYYY-MM-DD) or set the date via a manual override.,open
2026-06-07,info,missing_source_url,,undated_audits_dubuque_csd_2020,No source_url recorded for 'data/raw/peer_districts/audits/Dubuque CSD-2020.pdf'.,Record the public URL in the inventory or a source_urls.md.,open
2026-06-07,info,missing_meeting_date,,undated_audits_dubuque_csd_2020,No meeting/report date for 'data/raw/peer_districts/audits/Dubuque CSD-2020.pdf'.,Place the file in a dated folder (YYYY-MM-DD) or set the date via a manual override.,open
2026-06-07,info,missing_source_url,,undated_audits_dubuque_csd_2021,No source_url recorded for 'data/raw/peer_districts/audits/Dubuque CSD-2021.pdf'.,Record the public URL in the inventory or a source_urls.md.,open
2026-06-07,info,missing_meeting_date,,undated_audits_dubuque_csd_2021,No meeting/report date for 'data/raw/peer_districts/audits/Dubuque CSD-2021.pdf'.,Place the file in a dated folder (YYYY-MM-DD) or set the date via a manual override.,open
2026-06-07,info,missing_source_url,,undated_audits_dubuque_csd_2022,No source_url recorded for 'data/raw/peer_districts/audits/Dubuque CSD-2022.pdf'.,Record the public URL in the inventory or a source_urls.md.,open
2026-06-07,info,missing_meeting_date,,undated_audits_dubuque_csd_2022,No meeting/report date for 'data/raw/peer_districts/audits/Dubuque CSD-2022.pdf'.,Place the file in a dated folder (YYYY-MM-DD) or set the date via a manual override.,open
2026-06-07,info,missing_source_url,,undated_audits_dubuque_csd_2023,No source_url recorded for 'data/raw/peer_districts/audits/Dubuque CSD-2023.pdf'.,Record the public URL in the inventory or a source_urls.md.,open
2026-06-07,info,missing_meeting_date,,undated_audits_dubuque_csd_2023,No meeting/report date for 'data/raw/peer_districts/audits/Dubuque CSD-2023.pdf'.,Place the file in a dated folder (YYYY-MM-DD) or set the date via a manual override.,open
2026-06-07,info,missing_source_url,,undated_audits_dubuque_csd_2024,No source_url recorded for 'data/raw/peer_districts/audits/Dubuque CSD-2024.pdf'.,Record the public URL in the inventory or a source_urls.md.,open
2026-06-07,info,missing_meeting_date,,undated_audits_dubuque_csd_2024,No meeting/report date for 'data/raw/peer_districts/audits/Dubuque CSD-2024.pdf'.,Place the file in a dated folder (YYYY-MM-DD) or set the date via a manual override.,open
2026-06-07,info,missing_source_url,,undated_audits_dubuque_csd_2025,No source_url recorded for 'data/raw/peer_districts/audits/Dubuque CSD-2025.pdf'.,Record the public URL in the inventory or a source_urls.md.,open
2026-06-07,info,missing_meeting_date,,undated_audits_dubuque_csd_2025,No meeting/report date for 'data/raw/peer_districts/audits/Dubuque CSD-2025.pdf'.,Place the file in a dated folder (YYYY-MM-DD) or set the date via a manual override.,open
2026-06-07,info,missing_source_url,,undated_audits_johnston_csd_2020,No source_url recorded for 'data/raw/peer_districts/audits/Johnston CSD-2020.pdf'.,Record the public URL in the inventory or a source_urls.md.,open
2026-06-07,info,missing_meeting_date,,undated_audits_johnston_csd_2020,No meeting/report date for 'data/raw/peer_districts/audits/Johnston CSD-2020.pdf'.,Place the file in a dated folder (YYYY-MM-DD) or set the date via a manual override.,open
2026-06-07,info,missing_source_url,,undated_audits_johnston_csd_2021,No source_url recorded for 'data/raw/peer_districts/audits/Johnston CSD-2021.pdf'.,Record the public URL in the inventory or a source_urls.md.,open
2026-06-07,info,missing_meeting_date,,undated_audits_johnston_csd_2021,No meeting/report date for 'data/raw/peer_districts/audits/Johnston CSD-2021.pdf'.,Place the file in a dated folder (YYYY-MM-DD) or set the date via a manual override.,open
2026-06-07,info,missing_source_url,,undated_audits_johnston_csd_2022,No source_url recorded for 'data/raw/peer_districts/audits/Johnston CSD-2022.pdf'.,Record the public URL in the inventory or a source_urls.md.,open
2026-06-07,info,missing_meeting_date,,undated_audits_johnston_csd_2022,No meeting/report date for 'data/raw/peer_districts/audits/Johnston CSD-2022.pdf'.,Place the file in a dated folder (YYYY-MM-DD) or set the date via a manual override.,open
2026-06-07,info,missing_source_url,,undated_audits_johnston_csd_2023,No source_url recorded for 'data/raw/peer_districts/audits/Johnston CSD-2023.pdf'.,Record the public URL in the inventory or a source_urls.md.,open
2026-06-07,info,missing_meeting_date,,undated_audits_johnston_csd_2023,No meeting/report date for 'data/raw/peer_districts/audits/Johnston CSD-2023.pdf'.,Place the file in a dated folder (YYYY-MM-DD) or set the date via a manual override.,open
2026-06-07,info,missing_source_url,,undated_audits_johnston_csd_2024,No source_url recorded for 'data/raw/peer_districts/audits/Johnston CSD-2024.pdf'.,Record the public URL in the inventory or a source_urls.md.,open
2026-06-07,info,missing_meeting_date,,undated_audits_johnston_csd_2024,No meeting/report date for 'data/raw/peer_districts/audits/Johnston CSD-2024.pdf'.,Place the file in a dated folder (YYYY-MM-DD) or set the date via a manual override.,open
2026-06-07,info,missing_source_url,,undated_audits_johnston_csd_2025,No source_url recorded for 'data/raw/peer_districts/audits/Johnston CSD-2025.pdf'.,Record the public URL in the inventory or a source_urls.md.,open
2026-06-07,info,missing_meeting_date,,undated_audits_johnston_csd_2025,No meeting/report date for 'data/raw/peer_districts/audits/Johnston CSD-2025.pdf'.,Place the file in a dated folder (YYYY-MM-DD) or set the date via a manual override.,open
2026-06-07,info,missing_source_url,,undated_audits_linn_mar_csd_2020,No source_url recorded for 'data/raw/peer_districts/audits/Linn-Mar CSD-2020.pdf'.,Record the public URL in the inventory or a source_urls.md.,open
2026-06-07,info,missing_meeting_date,,undated_audits_linn_mar_csd_2020,No meeting/report date for 'data/raw/peer_districts/audits/Linn-Mar CSD-2020.pdf'.,Place the file in a dated folder (YYYY-MM-DD) or set the date via a manual override.,open
2026-06-07,info,missing_source_url,,undated_audits_linn_mar_csd_2021,No source_url recorded for 'data/raw/peer_districts/audits/Linn-Mar CSD-2021.pdf'.,Record the public URL in the inventory or a source_urls.md.,open
2026-06-07,info,missing_meeting_date,,undated_audits_linn_mar_csd_2021,No meeting/report date for 'data/raw/peer_districts/audits/Linn-Mar CSD-2021.pdf'.,Place the file in a dated folder (YYYY-MM-DD) or set the date via a manual override.,open
2026-06-07,info,missing_source_url,,undated_audits_linn_mar_csd_2022,No source_url recorded for 'data/raw/peer_districts/audits/Linn-Mar CSD-2022.pdf'.,Record the public URL in the inventory or a source_urls.md.,open
2026-06-07,info,missing_meeting_date,,undated_audits_linn_mar_csd_2022,No meeting/report date for 'data/raw/peer_districts/audits/Linn-Mar CSD-2022.pdf'.,Place the file in a dated folder (YYYY-MM-DD) or set the date via a manual override.,open
2026-06-07,info,missing_source_url,,undated_audits_linn_mar_csd_2023,No source_url recorded for 'data/raw/peer_districts/audits/Linn-Mar CSD-2023.pdf'.,Record the public URL in the inventory or a source_urls.md.,open
2026-06-07,info,missing_meeting_date,,undated_audits_linn_mar_csd_2023,No meeting/report date for 'data/raw/peer_districts/audits/Linn-Mar CSD-2023.pdf'.,Place the file in a dated folder (YYYY-MM-DD) or set the date via a manual override.,open
2026-06-07,info,missing_source_url,,undated_audits_linn_mar_csd_2024,No source_url recorded for 'data/raw/peer_districts/audits/Linn-Mar CSD-2024.pdf'.,Record the public URL in the inventory or a source_urls.md.,open
2026-06-07,info,missing_meeting_date,,undated_audits_linn_mar_csd_2024,No meeting/report date for 'data/raw/peer_districts/audits/Linn-Mar CSD-2024.pdf'.,Place the file in a dated folder (YYYY-MM-DD) or set the date via a manual override.,open
2026-06-07,info,missing_source_url,,undated_audits_linn_mar_csd_2025,No source_url recorded for 'data/raw/peer_districts/audits/Linn-Mar CSD-2025.pdf'.,Record the public URL in the inventory or a source_urls.md.,open
2026-06-07,info,missing_meeting_date,,undated_audits_linn_mar_csd_2025,No meeting/report date for 'data/raw/peer_districts/audits/Linn-Mar CSD-2025.pdf'.,Place the file in a dated folder (YYYY-MM-DD) or set the date via a manual override.,open
2026-06-07,info,missing_source_url,,undated_audits_muscatine_csd_2020,No source_url recorded for 'data/raw/peer_districts/audits/Muscatine CSD-2020.pdf'.,Record the public URL in the inventory or a source_urls.md.,open
2026-06-07,info,missing_meeting_date,,undated_audits_muscatine_csd_2020,No meeting/report date for 'data/raw/peer_districts/audits/Muscatine CSD-2020.pdf'.,Place the file in a dated folder (YYYY-MM-DD) or set the date via a manual override.,open
2026-06-07,info,missing_source_url,,undated_audits_muscatine_csd_2021,No source_url recorded for 'data/raw/peer_districts/audits/Muscatine CSD-2021.pdf'.,Record the public URL in the inventory or a source_urls.md.,open
2026-06-07,info,missing_meeting_date,,undated_audits_muscatine_csd_2021,No meeting/report date for 'data/raw/peer_districts/audits/Muscatine CSD-2021.pdf'.,Place the file in a dated folder (YYYY-MM-DD) or set the date via a manual override.,open
2026-06-07,info,missing_source_url,,undated_audits_muscatine_csd_2022,No source_url recorded for 'data/raw/peer_districts/audits/Muscatine CSD-2022.pdf'.,Record the public URL in the inventory or a source_urls.md.,open
2026-06-07,info,missing_meeting_date,,undated_audits_muscatine_csd_2022,No meeting/report date for 'data/raw/peer_districts/audits/Muscatine CSD-2022.pdf'.,Place the file in a dated folder (YYYY-MM-DD) or set the date via a manual override.,open
2026-06-07,info,missing_source_url,,undated_audits_muscatine_csd_2023,No source_url recorded for 'data/raw/peer_districts/audits/Muscatine CSD-2023.pdf'.,Record the public URL in the inventory or a source_urls.md.,open
2026-06-07,info,missing_meeting_date,,undated_audits_muscatine_csd_2023,No meeting/report date for 'data/raw/peer_districts/audits/Muscatine CSD-2023.pdf'.,Place the file in a dated folder (YYYY-MM-DD) or set the date via a manual override.,open
2026-06-07,info,missing_source_url,,undated_audits_muscatine_csd_2024,No source_url recorded for 'data/raw/peer_districts/audits/Muscatine CSD-2024.pdf'.,Record the public URL in the inventory or a source_urls.md.,open
2026-06-07,info,missing_meeting_date,,undated_audits_muscatine_csd_2024,No meeting/report date for 'data/raw/peer_districts/audits/Muscatine CSD-2024.pdf'.,Place the file in a dated folder (YYYY-MM-DD) or set the date via a manual override.,open
2026-06-07,info,missing_source_url,,undated_audits_muscatine_csd_2025,No source_url recorded for 'data/raw/peer_districts/audits/Muscatine CSD-2025.pdf'.,Record the public URL in the inventory or a source_urls.md.,open
2026-06-07,info,missing_meeting_date,,undated_audits_muscatine_csd_2025,No meeting/report date for 'data/raw/peer_districts/audits/Muscatine CSD-2025.pdf'.,Place the file in a dated folder (YYYY-MM-DD) or set the date via a manual override.,open
2026-06-07,info,missing_source_url,,undated_audits_pleasant_valley_csd_2020,No source_url recorded for 'data/raw/peer_districts/audits/Pleasant Valley CSD-2020.pdf'.,Record the public URL in the inventory or a source_urls.md.,open
2026-06-07,info,missing_meeting_date,,undated_audits_pleasant_valley_csd_2020,No meeting/report date for 'data/raw/peer_districts/audits/Pleasant Valley CSD-2020.pdf'.,Place the file in a dated folder (YYYY-MM-DD) or set the date via a manual override.,open
2026-06-07,info,missing_source_url,,undated_audits_pleasant_valley_csd_2021,No source_url recorded for 'data/raw/peer_districts/audits/Pleasant Valley CSD-2021.pdf'.,Record the public URL in the inventory or a source_urls.md.,open
2026-06-07,info,missing_meeting_date,,undated_audits_pleasant_valley_csd_2021,No meeting/report date for 'data/raw/peer_districts/audits/Pleasant Valley CSD-2021.pdf'.,Place the file in a dated folder (YYYY-MM-DD) or set the date via a manual override.,open
2026-06-07,info,missing_source_url,,undated_audits_pleasant_valley_csd_2022,No source_url recorded for 'data/raw/peer_districts/audits/Pleasant Valley CSD-2022.pdf'.,Record the public URL in the inventory or a source_urls.md.,open
2026-06-07,info,missing_meeting_date,,undated_audits_pleasant_valley_csd_2022,No meeting/report date for 'data/raw/peer_districts/audits/Pleasant Valley CSD-2022.pdf'.,Place the file in a dated folder (YYYY-MM-DD) or set the date via a manual override.,open
2026-06-07,info,missing_source_url,,undated_audits_pleasant_valley_csd_2023,No source_url recorded for 'data/raw/peer_districts/audits/Pleasant Valley CSD-2023.pdf'.,Record the public URL in the inventory or a source_urls.md.,open
2026-06-07,info,missing_meeting_date,,undated_audits_pleasant_valley_csd_2023,No meeting/report date for 'data/raw/peer_districts/audits/Pleasant Valley CSD-2023.pdf'.,Place the file in a dated folder (YYYY-MM-DD) or set the date via a manual override.,open
2026-06-07,info,missing_source_url,,undated_audits_pleasant_valley_csd_2024,No source_url recorded for 'data/raw/peer_districts/audits/Pleasant Valley CSD-2024.pdf'.,Record the public URL in the inventory or a source_urls.md.,open
2026-06-07,info,missing_meeting_date,,undated_audits_pleasant_valley_csd_2024,No meeting/report date for 'data/raw/peer_districts/audits/Pleasant Valley CSD-2024.pdf'.,Place the file in a dated folder (YYYY-MM-DD) or set the date via a manual override.,open
2026-06-07,info,missing_source_url,,undated_audits_pleasant_valley_csd_2025,No source_url recorded for 'data/raw/peer_districts/audits/Pleasant Valley CSD-2025.pdf'.,Record the public URL in the inventory or a source_urls.md.,open
2026-06-07,info,missing_meeting_date,,undated_audits_pleasant_valley_csd_2025,No meeting/report date for 'data/raw/peer_districts/audits/Pleasant Valley CSD-2025.pdf'.,Place the file in a dated folder (YYYY-MM-DD) or set the date via a manual override.,open
2026-06-07,info,missing_source_url,,undated_audits_waterloo_csd_2020,No source_url recorded for 'data/raw/peer_districts/audits/Waterloo CSD-2020.pdf'.,Record the public URL in the inventory or a source_urls.md.,open
2026-06-07,info,missing_meeting_date,,undated_audits_waterloo_csd_2020,No meeting/report date for 'data/raw/peer_districts/audits/Waterloo CSD-2020.pdf'.,Place the file in a dated folder (YYYY-MM-DD) or set the date via a manual override.,open
2026-06-07,info,missing_source_url,,undated_audits_waterloo_csd_2021,No source_url recorded for 'data/raw/peer_districts/audits/Waterloo CSD-2021.pdf'.,Record the public URL in the inventory or a source_urls.md.,open
2026-06-07,info,missing_meeting_date,,undated_audits_waterloo_csd_2021,No meeting/report date for 'data/raw/peer_districts/audits/Waterloo CSD-2021.pdf'.,Place the file in a dated folder (YYYY-MM-DD) or set the date via a manual override.,open
2026-06-07,info,missing_source_url,,undated_audits_waterloo_csd_2022,No source_url recorded for 'data/raw/peer_districts/audits/Waterloo CSD-2022.pdf'.,Record the public URL in the inventory or a source_urls.md.,open
2026-06-07,info,missing_meeting_date,,undated_audits_waterloo_csd_2022,No meeting/report date for 'data/raw/peer_districts/audits/Waterloo CSD-2022.pdf'.,Place the file in a dated folder (YYYY-MM-DD) or set the date via a manual override.,open
2026-06-07,info,missing_source_url,,undated_audits_waterloo_csd_2023,No source_url recorded for 'data/raw/peer_districts/audits/Waterloo CSD-2023.pdf'.,Record the public URL in the inventory or a source_urls.md.,open
2026-06-07,info,missing_meeting_date,,undated_audits_waterloo_csd_2023,No meeting/report date for 'data/raw/peer_districts/audits/Waterloo CSD-2023.pdf'.,Place the file in a dated folder (YYYY-MM-DD) or set the date via a manual override.,open
2026-06-07,info,missing_source_url,,undated_audits_waterloo_csd_2024,No source_url recorded for 'data/raw/peer_districts/audits/Waterloo CSD-2024.pdf'.,Record the public URL in the inventory or a source_urls.md.,open
2026-06-07,info,missing_meeting_date,,undated_audits_waterloo_csd_2024,No meeting/report date for 'data/raw/peer_districts/audits/Waterloo CSD-2024.pdf'.,Place the file in a dated folder (YYYY-MM-DD) or set the date via a manual override.,open
2026-06-07,info,missing_source_url,,undated_audits_waterloo_csd_2025,No source_url recorded for 'data/raw/peer_districts/audits/Waterloo CSD-2025.pdf'.,Record the public URL in the inventory or a source_urls.md.,open
2026-06-07,info,missing_meeting_date,,undated_audits_waterloo_csd_2025,No meeting/report date for 'data/raw/peer_districts/audits/Waterloo CSD-2025.pdf'.,Place the file in a dated folder (YYYY-MM-DD) or set the date via a manual override.,open
2026-06-07,info,missing_source_url,,undated_audits_waukee_csd_2020,No source_url recorded for 'data/raw/peer_districts/audits/Waukee CSD-2020.pdf'.,Record the public URL in the inventory or a source_urls.md.,open
2026-06-07,info,missing_meeting_date,,undated_audits_waukee_csd_2020,No meeting/report date for 'data/raw/peer_districts/audits/Waukee CSD-2020.pdf'.,Place the file in a dated folder (YYYY-MM-DD) or set the date via a manual override.,open
2026-06-07,info,missing_source_url,,undated_audits_waukee_csd_2021,No source_url recorded for 'data/raw/peer_districts/audits/Waukee CSD-2021.pdf'.,Record the public URL in the inventory or a source_urls.md.,open
2026-06-07,info,missing_meeting_date,,undated_audits_waukee_csd_2021,No meeting/report date for 'data/raw/peer_districts/audits/Waukee CSD-2021.pdf'.,Place the file in a dated folder (YYYY-MM-DD) or set the date via a manual override.,open
2026-06-07,info,missing_source_url,,undated_audits_waukee_csd_2022,No source_url recorded for 'data/raw/peer_districts/audits/Waukee CSD-2022.pdf'.,Record the public URL in the inventory or a source_urls.md.,open
2026-06-07,info,missing_meeting_date,,undated_audits_waukee_csd_2022,No meeting/report date for 'data/raw/peer_districts/audits/Waukee CSD-2022.pdf'.,Place the file in a dated folder (YYYY-MM-DD) or set the date via a manual override.,open
2026-06-07,info,missing_source_url,,undated_audits_waukee_csd_2023,No source_url recorded for 'data/raw/peer_districts/audits/Waukee CSD-2023.pdf'.,Record the public URL in the inventory or a source_urls.md.,open
2026-06-07,info,missing_meeting_date,,undated_audits_waukee_csd_2023,No meeting/report date for 'data/raw/peer_districts/audits/Waukee CSD-2023.pdf'.,Place the file in a dated folder (YYYY-MM-DD) or set the date via a manual override.,open
2026-06-07,info,missing_source_url,,undated_audits_waukee_csd_2024,No source_url recorded for 'data/raw/peer_districts/audits/Waukee CSD-2024.pdf'.,Record the public URL in the inventory or a source_urls.md.,open
2026-06-07,info,missing_meeting_date,,undated_audits_waukee_csd_2024,No meeting/report date for 'data/raw/peer_districts/audits/Waukee CSD-2024.pdf'.,Place the file in a dated folder (YYYY-MM-DD) or set the date via a manual override.,open
2026-06-07,info,missing_source_url,,undated_audits_waukee_csd_2025,No source_url recorded for 'data/raw/peer_districts/audits/Waukee CSD-2025.pdf'.,Record the public URL in the inventory or a source_urls.md.,open
2026-06-07,info,missing_meeting_date,,undated_audits_waukee_csd_2025,No meeting/report date for 'data/raw/peer_districts/audits/Waukee CSD-2025.pdf'.,Place the file in a dated folder (YYYY-MM-DD) or set the date via a manual override.,open
2026-06-07,info,missing_source_url,,undated_audits_west_des_moines_csd_2020,No source_url recorded for 'data/raw/peer_districts/audits/West Des Moines CSD-2020.pdf'.,Record the public URL in the inventory or a source_urls.md.,open
2026-06-07,info,missing_meeting_date,,undated_audits_west_des_moines_csd_2020,No meeting/report date for 'data/raw/peer_districts/audits/West Des Moines CSD-2020.pdf'.,Place the file in a dated folder (YYYY-MM-DD) or set the date via a manual override.,open
2026-06-07,info,missing_source_url,,undated_audits_west_des_moines_csd_2021,No source_url recorded for 'data/raw/peer_districts/audits/West Des Moines CSD-2021.pdf'.,Record the public URL in the inventory or a source_urls.md.,open
2026-06-07,info,missing_meeting_date,,undated_audits_west_des_moines_csd_2021,No meeting/report date for 'data/raw/peer_districts/audits/West Des Moines CSD-2021.pdf'.,Place the file in a dated folder (YYYY-MM-DD) or set the date via a manual override.,open
2026-06-07,info,missing_source_url,,undated_audits_west_des_moines_csd_2022,No source_url recorded for 'data/raw/peer_districts/audits/West Des Moines CSD-2022.pdf'.,Record the public URL in the inventory or a source_urls.md.,open
2026-06-07,info,missing_meeting_date,,undated_audits_west_des_moines_csd_2022,No meeting/report date for 'data/raw/peer_districts/audits/West Des Moines CSD-2022.pdf'.,Place the file in a dated folder (YYYY-MM-DD) or set the date via a manual override.,open
2026-06-07,info,missing_source_url,,undated_audits_west_des_moines_csd_2023,No source_url recorded for 'data/raw/peer_districts/audits/West Des Moines CSD-2023.pdf'.,Record the public URL in the inventory or a source_urls.md.,open
2026-06-07,info,missing_meeting_date,,undated_audits_west_des_moines_csd_2023,No meeting/report date for 'data/raw/peer_districts/audits/West Des Moines CSD-2023.pdf'.,Place the file in a dated folder (YYYY-MM-DD) or set the date via a manual override.,open
2026-06-07,info,missing_source_url,,undated_audits_west_des_moines_csd_2024,No source_url recorded for 'data/raw/peer_districts/audits/West Des Moines CSD-2024.pdf'.,Record the public URL in the inventory or a source_urls.md.,open
2026-06-07,info,missing_meeting_date,,undated_audits_west_des_moines_csd_2024,No meeting/report date for 'data/raw/peer_districts/audits/West Des Moines CSD-2024.pdf'.,Place the file in a dated folder (YYYY-MM-DD) or set the date via a manual override.,open
2026-06-07,info,missing_source_url,,undated_audits_west_des_moines_csd_2025,No source_url recorded for 'data/raw/peer_districts/audits/West Des Moines CSD-2025.pdf'.,Record the public URL in the inventory or a source_urls.md.,open
2026-06-07,info,missing_meeting_date,,undated_audits_west_des_moines_csd_2025,No meeting/report date for 'data/raw/peer_districts/audits/West Des Moines CSD-2025.pdf'.,Place the file in a dated folder (YYYY-MM-DD) or set the date via a manual override.,open
2026-06-07,info,unknown_document_type,,undated_aea_aea_enrollment_and_cost_detail_fy_2019,"Document 'data/raw/state_reports/dom/AEA/AEA Enrollment and Cost Detail, FY 2019.xlsx' is unclassified (type=generic_excel).",Classify in data/manual/document_classification_manual.csv.,open
2026-06-07,info,missing_source_url,,undated_aea_aea_enrollment_and_cost_detail_fy_2019,"No source_url recorded for 'data/raw/state_reports/dom/AEA/AEA Enrollment and Cost Detail, FY 2019.xlsx'.",Record the public URL in the inventory or a source_urls.md.,open
2026-06-07,info,missing_meeting_date,,undated_aea_aea_enrollment_and_cost_detail_fy_2019,"No meeting/report date for 'data/raw/state_reports/dom/AEA/AEA Enrollment and Cost Detail, FY 2019.xlsx'.",Place the file in a dated folder (YYYY-MM-DD) or set the date via a manual override.,open
2026-06-07,info,unknown_document_type,,undated_aea_aea_enrollment_and_cost_detail_fy_2020,"Document 'data/raw/state_reports/dom/AEA/AEA Enrollment and Cost Detail, FY 2020.xlsx' is unclassified (type=generic_excel).",Classify in data/manual/document_classification_manual.csv.,open
2026-06-07,info,missing_source_url,,undated_aea_aea_enrollment_and_cost_detail_fy_2020,"No source_url recorded for 'data/raw/state_reports/dom/AEA/AEA Enrollment and Cost Detail, FY 2020.xlsx'.",Record the public URL in the inventory or a source_urls.md.,open
2026-06-07,info,missing_meeting_date,,undated_aea_aea_enrollment_and_cost_detail_fy_2020,"No meeting/report date for 'data/raw/state_reports/dom/AEA/AEA Enrollment and Cost Detail, FY 2020.xlsx'.",Place the file in a dated folder (YYYY-MM-DD) or set the date via a manual override.,open
2026-06-07,info,unknown_document_type,,undated_aea_aea_enrollment_and_cost_detail_fy_2021,"Document 'data/raw/state_reports/dom/AEA/AEA Enrollment and Cost Detail, FY 2021.xlsx' is unclassified (type=generic_excel).",Classify in data/manual/document_classification_manual.csv.,open
2026-06-07,info,missing_source_url,,undated_aea_aea_enrollment_and_cost_detail_fy_2021,"No source_url recorded for 'data/raw/state_reports/dom/AEA/AEA Enrollment and Cost Detail, FY 2021.xlsx'.",Record the public URL in the inventory or a source_urls.md.,open
2026-06-07,info,missing_meeting_date,,undated_aea_aea_enrollment_and_cost_detail_fy_2021,"No meeting/report date for 'data/raw/state_reports/dom/AEA/AEA Enrollment and Cost Detail, FY 2021.xlsx'.",Place the file in a dated folder (YYYY-MM-DD) or set the date via a manual override.,open
2026-06-07,info,unknown_document_type,,undated_aea_aea_enrollment_and_cost_detail_fy_2022,"Document 'data/raw/state_reports/dom/AEA/AEA Enrollment and Cost Detail, FY 2022.xlsx' is unclassified (type=generic_excel).",Classify in data/manual/document_classification_manual.csv.,open
2026-06-07,info,missing_source_url,,undated_aea_aea_enrollment_and_cost_detail_fy_2022,"No source_url recorded for 'data/raw/state_reports/dom/AEA/AEA Enrollment and Cost Detail, FY 2022.xlsx'.",Record the public URL in the inventory or a source_urls.md.,open
2026-06-07,info,missing_meeting_date,,undated_aea_aea_enrollment_and_cost_detail_fy_2022,"No meeting/report date for 'data/raw/state_reports/dom/AEA/AEA Enrollment and Cost Detail, FY 2022.xlsx'.",Place the file in a dated folder (YYYY-MM-DD) or set the date via a manual override.,open
2026-06-07,info,unknown_document_type,,undated_aea_aea_enrollment_and_cost_detail_fy_2023,"Document 'data/raw/state_reports/dom/AEA/AEA Enrollment and Cost Detail, FY 2023.xlsx' is unclassified (type=generic_excel).",Classify in data/manual/document_classification_manual.csv.,open
2026-06-07,info,missing_source_url,,undated_aea_aea_enrollment_and_cost_detail_fy_2023,"No source_url recorded for 'data/raw/state_reports/dom/AEA/AEA Enrollment and Cost Detail, FY 2023.xlsx'.",Record the public URL in the inventory or a source_urls.md.,open
2026-06-07,info,missing_meeting_date,,undated_aea_aea_enrollment_and_cost_detail_fy_2023,"No meeting/report date for 'data/raw/state_reports/dom/AEA/AEA Enrollment and Cost Detail, FY 2023.xlsx'.",Place the file in a dated folder (YYYY-MM-DD) or set the date via a manual override.,open
2026-06-07,info,unknown_document_type,,undated_aea_aea_enrollment_and_cost_detail_fy_2024,"Document 'data/raw/state_reports/dom/AEA/AEA Enrollment and Cost Detail, FY 2024.xlsx' is unclassified (type=generic_excel).",Classify in data/manual/document_classification_manual.csv.,open
2026-06-07,info,missing_source_url,,undated_aea_aea_enrollment_and_cost_detail_fy_2024,"No source_url recorded for 'data/raw/state_reports/dom/AEA/AEA Enrollment and Cost Detail, FY 2024.xlsx'.",Record the public URL in the inventory or a source_urls.md.,open
2026-06-07,info,missing_meeting_date,,undated_aea_aea_enrollment_and_cost_detail_fy_2024,"No meeting/report date for 'data/raw/state_reports/dom/AEA/AEA Enrollment and Cost Detail, FY 2024.xlsx'.",Place the file in a dated folder (YYYY-MM-DD) or set the date via a manual override.,open
2026-06-07,info,unknown_document_type,,undated_aea_aea_enrollment_and_cost_detail_fy_2025,"Document 'data/raw/state_reports/dom/AEA/AEA Enrollment and Cost Detail, FY 2025.xlsx' is unclassified (type=generic_excel).",Classify in data/manual/document_classification_manual.csv.,open
2026-06-07,info,missing_source_url,,undated_aea_aea_enrollment_and_cost_detail_fy_2025,"No source_url recorded for 'data/raw/state_reports/dom/AEA/AEA Enrollment and Cost Detail, FY 2025.xlsx'.",Record the public URL in the inventory or a source_urls.md.,open
2026-06-07,info,missing_meeting_date,,undated_aea_aea_enrollment_and_cost_detail_fy_2025,"No meeting/report date for 'data/raw/state_reports/dom/AEA/AEA Enrollment and Cost Detail, FY 2025.xlsx'.",Place the file in a dated folder (YYYY-MM-DD) or set the date via a manual override.,open
2026-06-07,info,unknown_document_type,,undated_aea_aea_enrollment_and_cost_detail_fy_2026,"Document 'data/raw/state_reports/dom/AEA/AEA Enrollment and Cost Detail, FY 2026.xlsx' is unclassified (type=generic_excel).",Classify in data/manual/document_classification_manual.csv.,open
2026-06-07,info,missing_source_url,,undated_aea_aea_enrollment_and_cost_detail_fy_2026,"No source_url recorded for 'data/raw/state_reports/dom/AEA/AEA Enrollment and Cost Detail, FY 2026.xlsx'.",Record the public URL in the inventory or a source_urls.md.,open
2026-06-07,info,missing_meeting_date,,undated_aea_aea_enrollment_and_cost_detail_fy_2026,"No meeting/report date for 'data/raw/state_reports/dom/AEA/AEA Enrollment and Cost Detail, FY 2026.xlsx'.",Place the file in a dated folder (YYYY-MM-DD) or set the date via a manual override.,open
2026-06-07,info,unknown_document_type,,undated_aea_aea_enrollment_and_cost_summary_fy_2019,"Document 'data/raw/state_reports/dom/AEA/AEA Enrollment and Cost Summary, FY 2019.pdf' is unclassified (type=generic_pdf).",Classify in data/manual/document_classification_manual.csv.,open
2026-06-07,info,missing_source_url,,undated_aea_aea_enrollment_and_cost_summary_fy_2019,"No source_url recorded for 'data/raw/state_reports/dom/AEA/AEA Enrollment and Cost Summary, FY 2019.pdf'.",Record the public URL in the inventory or a source_urls.md.,open
2026-06-07,info,missing_meeting_date,,undated_aea_aea_enrollment_and_cost_summary_fy_2019,"No meeting/report date for 'data/raw/state_reports/dom/AEA/AEA Enrollment and Cost Summary, FY 2019.pdf'.",Place the file in a dated folder (YYYY-MM-DD) or set the date via a manual override.,open
2026-06-07,info,unknown_document_type,,undated_aea_aea_enrollment_and_cost_summary_fy_2020,"Document 'data/raw/state_reports/dom/AEA/AEA Enrollment and Cost Summary, FY 2020.pdf' is unclassified (type=generic_pdf).",Classify in data/manual/document_classification_manual.csv.,open
2026-06-07,info,missing_source_url,,undated_aea_aea_enrollment_and_cost_summary_fy_2020,"No source_url recorded for 'data/raw/state_reports/dom/AEA/AEA Enrollment and Cost Summary, FY 2020.pdf'.",Record the public URL in the inventory or a source_urls.md.,open
2026-06-07,info,missing_meeting_date,,undated_aea_aea_enrollment_and_cost_summary_fy_2020,"No meeting/report date for 'data/raw/state_reports/dom/AEA/AEA Enrollment and Cost Summary, FY 2020.pdf'.",Place the file in a dated folder (YYYY-MM-DD) or set the date via a manual override.,open
2026-06-07,info,unknown_document_type,,undated_aea_aea_enrollment_and_cost_summary_fy_2021,"Document 'data/raw/state_reports/dom/AEA/AEA Enrollment and Cost Summary, FY 2021.pdf' is unclassified (type=generic_pdf).",Classify in data/manual/document_classification_manual.csv.,open
2026-06-07,info,missing_source_url,,undated_aea_aea_enrollment_and_cost_summary_fy_2021,"No source_url recorded for 'data/raw/state_reports/dom/AEA/AEA Enrollment and Cost Summary, FY 2021.pdf'.",Record the public URL in the inventory or a source_urls.md.,open
2026-06-07,info,missing_meeting_date,,undated_aea_aea_enrollment_and_cost_summary_fy_2021,"No meeting/report date for 'data/raw/state_reports/dom/AEA/AEA Enrollment and Cost Summary, FY 2021.pdf'.",Place the file in a dated folder (YYYY-MM-DD) or set the date via a manual override.,open
2026-06-07,info,unknown_document_type,,undated_aea_aea_enrollment_and_cost_summary_fy_2022,"Document 'data/raw/state_reports/dom/AEA/AEA Enrollment and Cost Summary, FY 2022.pdf' is unclassified (type=generic_pdf).",Classify in data/manual/document_classification_manual.csv.,open
2026-06-07,info,missing_source_url,,undated_aea_aea_enrollment_and_cost_summary_fy_2022,"No source_url recorded for 'data/raw/state_reports/dom/AEA/AEA Enrollment and Cost Summary, FY 2022.pdf'.",Record the public URL in the inventory or a source_urls.md.,open
2026-06-07,info,missing_meeting_date,,undated_aea_aea_enrollment_and_cost_summary_fy_2022,"No meeting/report date for 'data/raw/state_reports/dom/AEA/AEA Enrollment and Cost Summary, FY 2022.pdf'.",Place the file in a dated folder (YYYY-MM-DD) or set the date via a manual override.,open
2026-06-07,info,unknown_document_type,,undated_aea_aea_enrollment_and_cost_summary_fy_2023,"Document 'data/raw/state_reports/dom/AEA/AEA Enrollment and Cost Summary, FY 2023.pdf' is unclassified (type=generic_pdf).",Classify in data/manual/document_classification_manual.csv.,open
2026-06-07,info,missing_source_url,,undated_aea_aea_enrollment_and_cost_summary_fy_2023,"No source_url recorded for 'data/raw/state_reports/dom/AEA/AEA Enrollment and Cost Summary, FY 2023.pdf'.",Record the public URL in the inventory or a source_urls.md.,open
2026-06-07,info,missing_meeting_date,,undated_aea_aea_enrollment_and_cost_summary_fy_2023,"No meeting/report date for 'data/raw/state_reports/dom/AEA/AEA Enrollment and Cost Summary, FY 2023.pdf'.",Place the file in a dated folder (YYYY-MM-DD) or set the date via a manual override.,open
2026-06-07,info,unknown_document_type,,undated_aea_aea_enrollment_and_cost_summary_fy_2024,"Document 'data/raw/state_reports/dom/AEA/AEA Enrollment and Cost Summary, FY 2024.pdf' is unclassified (type=generic_pdf).",Classify in data/manual/document_classification_manual.csv.,open
2026-06-07,info,missing_source_url,,undated_aea_aea_enrollment_and_cost_summary_fy_2024,"No source_url recorded for 'data/raw/state_reports/dom/AEA/AEA Enrollment and Cost Summary, FY 2024.pdf'.",Record the public URL in the inventory or a source_urls.md.,open
2026-06-07,info,missing_meeting_date,,undated_aea_aea_enrollment_and_cost_summary_fy_2024,"No meeting/report date for 'data/raw/state_reports/dom/AEA/AEA Enrollment and Cost Summary, FY 2024.pdf'.",Place the file in a dated folder (YYYY-MM-DD) or set the date via a manual override.,open
2026-06-07,info,unknown_document_type,,undated_aea_aea_enrollment_and_cost_summary_fy_2025,"Document 'data/raw/state_reports/dom/AEA/AEA Enrollment and Cost Summary, FY 2025.pdf' is unclassified (type=generic_pdf).",Classify in data/manual/document_classification_manual.csv.,open
2026-06-07,info,missing_source_url,,undated_aea_aea_enrollment_and_cost_summary_fy_2025,"No source_url recorded for 'data/raw/state_reports/dom/AEA/AEA Enrollment and Cost Summary, FY 2025.pdf'.",Record the public URL in the inventory or a source_urls.md.,open
2026-06-07,info,missing_meeting_date,,undated_aea_aea_enrollment_and_cost_summary_fy_2025,"No meeting/report date for 'data/raw/state_reports/dom/AEA/AEA Enrollment and Cost Summary, FY 2025.pdf'.",Place the file in a dated folder (YYYY-MM-DD) or set the date via a manual override.,open
2026-06-07,info,unknown_document_type,,undated_aidandlevytaxcertification_aid_levy_taxcert_programsummary_a_5_30_26,Document 'data/raw/state_reports/dom/AidandLevyTaxCertification/Aid&Levy_TaxCert_ProgramSummary_a_5-30-26.xlsx' is unclassified (type=generic_excel).,Classify in data/manual/document_classification_manual.csv.,open
2026-06-07,info,missing_source_url,,undated_aidandlevytaxcertification_aid_levy_taxcert_programsummary_a_5_30_26,No source_url recorded for 'data/raw/state_reports/dom/AidandLevyTaxCertification/Aid&Levy_TaxCert_ProgramSummary_a_5-30-26.xlsx'.,Record the public URL in the inventory or a source_urls.md.,open
2026-06-07,info,missing_meeting_date,,undated_aidandlevytaxcertification_aid_levy_taxcert_programsummary_a_5_30_26,No meeting/report date for 'data/raw/state_reports/dom/AidandLevyTaxCertification/Aid&Levy_TaxCert_ProgramSummary_a_5-30-26.xlsx'.,Place the file in a dated folder (YYYY-MM-DD) or set the date via a manual override.,open
2026-06-07,info,unknown_document_type,,undated_atriskformula_at_risk_formula_supplementary_weight_fy_2019,"Document 'data/raw/state_reports/dom/AtRiskFormula/At-Risk Formula Supplementary Weight, FY 2019.xlsx' is unclassified (type=generic_excel).",Classify in data/manual/document_classification_manual.csv.,open
2026-06-07,info,missing_source_url,,undated_atriskformula_at_risk_formula_supplementary_weight_fy_2019,"No source_url recorded for 'data/raw/state_reports/dom/AtRiskFormula/At-Risk Formula Supplementary Weight, FY 2019.xlsx'.",Record the public URL in the inventory or a source_urls.md.,open
2026-06-07,info,missing_meeting_date,,undated_atriskformula_at_risk_formula_supplementary_weight_fy_2019,"No meeting/report date for 'data/raw/state_reports/dom/AtRiskFormula/At-Risk Formula Supplementary Weight, FY 2019.xlsx'.",Place the file in a dated folder (YYYY-MM-DD) or set the date via a manual override.,open
2026-06-07,info,unknown_document_type,,undated_atriskformula_at_risk_formula_supplementary_weight_fy_2020,"Document 'data/raw/state_reports/dom/AtRiskFormula/At-Risk Formula Supplementary Weight, FY 2020.xlsx' is unclassified (type=generic_excel).",Classify in data/manual/document_classification_manual.csv.,open
2026-06-07,info,missing_source_url,,undated_atriskformula_at_risk_formula_supplementary_weight_fy_2020,"No source_url recorded for 'data/raw/state_reports/dom/AtRiskFormula/At-Risk Formula Supplementary Weight, FY 2020.xlsx'.",Record the public URL in the inventory or a source_urls.md.,open
2026-06-07,info,missing_meeting_date,,undated_atriskformula_at_risk_formula_supplementary_weight_fy_2020,"No meeting/report date for 'data/raw/state_reports/dom/AtRiskFormula/At-Risk Formula Supplementary Weight, FY 2020.xlsx'.",Place the file in a dated folder (YYYY-MM-DD) or set the date via a manual override.,open
2026-06-07,info,unknown_document_type,,undated_atriskformula_at_risk_formula_supplementary_weight_fy_2021,"Document 'data/raw/state_reports/dom/AtRiskFormula/At-Risk Formula Supplementary Weight, FY 2021.xlsx' is unclassified (type=generic_excel).",Classify in data/manual/document_classification_manual.csv.,open
2026-06-07,info,missing_source_url,,undated_atriskformula_at_risk_formula_supplementary_weight_fy_2021,"No source_url recorded for 'data/raw/state_reports/dom/AtRiskFormula/At-Risk Formula Supplementary Weight, FY 2021.xlsx'.",Record the public URL in the inventory or a source_urls.md.,open
2026-06-07,info,missing_meeting_date,,undated_atriskformula_at_risk_formula_supplementary_weight_fy_2021,"No meeting/report date for 'data/raw/state_reports/dom/AtRiskFormula/At-Risk Formula Supplementary Weight, FY 2021.xlsx'.",Place the file in a dated folder (YYYY-MM-DD) or set the date via a manual override.,open
2026-06-07,info,unknown_document_type,,undated_atriskformula_at_risk_formula_supplementary_weight_fy_2022,"Document 'data/raw/state_reports/dom/AtRiskFormula/At-Risk Formula Supplementary Weight, FY 2022.xlsx' is unclassified (type=generic_excel).",Classify in data/manual/document_classification_manual.csv.,open
2026-06-07,info,missing_source_url,,undated_atriskformula_at_risk_formula_supplementary_weight_fy_2022,"No source_url recorded for 'data/raw/state_reports/dom/AtRiskFormula/At-Risk Formula Supplementary Weight, FY 2022.xlsx'.",Record the public URL in the inventory or a source_urls.md.,open
2026-06-07,info,missing_meeting_date,,undated_atriskformula_at_risk_formula_supplementary_weight_fy_2022,"No meeting/report date for 'data/raw/state_reports/dom/AtRiskFormula/At-Risk Formula Supplementary Weight, FY 2022.xlsx'.",Place the file in a dated folder (YYYY-MM-DD) or set the date via a manual override.,open
2026-06-07,info,unknown_document_type,,undated_atriskformula_at_risk_formula_supplementary_weight_fy_2023,"Document 'data/raw/state_reports/dom/AtRiskFormula/At-Risk Formula Supplementary Weight, FY 2023.xlsx' is unclassified (type=generic_excel).",Classify in data/manual/document_classification_manual.csv.,open
2026-06-07,info,missing_source_url,,undated_atriskformula_at_risk_formula_supplementary_weight_fy_2023,"No source_url recorded for 'data/raw/state_reports/dom/AtRiskFormula/At-Risk Formula Supplementary Weight, FY 2023.xlsx'.",Record the public URL in the inventory or a source_urls.md.,open
2026-06-07,info,missing_meeting_date,,undated_atriskformula_at_risk_formula_supplementary_weight_fy_2023,"No meeting/report date for 'data/raw/state_reports/dom/AtRiskFormula/At-Risk Formula Supplementary Weight, FY 2023.xlsx'.",Place the file in a dated folder (YYYY-MM-DD) or set the date via a manual override.,open
2026-06-07,info,unknown_document_type,,undated_atriskformula_at_risk_formula_supplementary_weight_fy_2024,"Document 'data/raw/state_reports/dom/AtRiskFormula/At-Risk Formula Supplementary Weight, FY 2024.xlsx' is unclassified (type=generic_excel).",Classify in data/manual/document_classification_manual.csv.,open
2026-06-07,info,missing_source_url,,undated_atriskformula_at_risk_formula_supplementary_weight_fy_2024,"No source_url recorded for 'data/raw/state_reports/dom/AtRiskFormula/At-Risk Formula Supplementary Weight, FY 2024.xlsx'.",Record the public URL in the inventory or a source_urls.md.,open
2026-06-07,info,missing_meeting_date,,undated_atriskformula_at_risk_formula_supplementary_weight_fy_2024,"No meeting/report date for 'data/raw/state_reports/dom/AtRiskFormula/At-Risk Formula Supplementary Weight, FY 2024.xlsx'.",Place the file in a dated folder (YYYY-MM-DD) or set the date via a manual override.,open
2026-06-07,info,unknown_document_type,,undated_atriskformula_at_risk_formula_supplementary_weight_fy_2025,"Document 'data/raw/state_reports/dom/AtRiskFormula/At-Risk Formula Supplementary Weight, FY 2025.xlsx' is unclassified (type=generic_excel).",Classify in data/manual/document_classification_manual.csv.,open
2026-06-07,info,missing_source_url,,undated_atriskformula_at_risk_formula_supplementary_weight_fy_2025,"No source_url recorded for 'data/raw/state_reports/dom/AtRiskFormula/At-Risk Formula Supplementary Weight, FY 2025.xlsx'.",Record the public URL in the inventory or a source_urls.md.,open
2026-06-07,info,missing_meeting_date,,undated_atriskformula_at_risk_formula_supplementary_weight_fy_2025,"No meeting/report date for 'data/raw/state_reports/dom/AtRiskFormula/At-Risk Formula Supplementary Weight, FY 2025.xlsx'.",Place the file in a dated folder (YYYY-MM-DD) or set the date via a manual override.,open
2026-06-07,info,unknown_document_type,,undated_atriskformula_at_risk_formula_supplementary_weight_fy_2026,"Document 'data/raw/state_reports/dom/AtRiskFormula/At-Risk Formula Supplementary Weight, FY 2026.xlsx' is unclassified (type=generic_excel).",Classify in data/manual/document_classification_manual.csv.,open
2026-06-07,info,missing_source_url,,undated_atriskformula_at_risk_formula_supplementary_weight_fy_2026,"No source_url recorded for 'data/raw/state_reports/dom/AtRiskFormula/At-Risk Formula Supplementary Weight, FY 2026.xlsx'.",Record the public URL in the inventory or a source_urls.md.,open
2026-06-07,info,missing_meeting_date,,undated_atriskformula_at_risk_formula_supplementary_weight_fy_2026,"No meeting/report date for 'data/raw/state_reports/dom/AtRiskFormula/At-Risk Formula Supplementary Weight, FY 2026.xlsx'.",Place the file in a dated folder (YYYY-MM-DD) or set the date via a manual override.,open
2026-06-07,info,unknown_document_type,,undated_finalcashreservelevies_final_cash_reserve_levies_fy_2022,"Document 'data/raw/state_reports/dom/FinalCashReserveLevies/Final Cash Reserve Levies, FY 2022.xlsx' is unclassified (type=generic_excel).",Classify in data/manual/document_classification_manual.csv.,open
2026-06-07,info,missing_source_url,,undated_finalcashreservelevies_final_cash_reserve_levies_fy_2022,"No source_url recorded for 'data/raw/state_reports/dom/FinalCashReserveLevies/Final Cash Reserve Levies, FY 2022.xlsx'.",Record the public URL in the inventory or a source_urls.md.,open
2026-06-07,info,missing_meeting_date,,undated_finalcashreservelevies_final_cash_reserve_levies_fy_2022,"No meeting/report date for 'data/raw/state_reports/dom/FinalCashReserveLevies/Final Cash Reserve Levies, FY 2022.xlsx'.",Place the file in a dated folder (YYYY-MM-DD) or set the date via a manual override.,open
2026-06-07,info,unknown_document_type,,undated_finalcashreservelevies_final_cash_reserve_levies_fy_2023,"Document 'data/raw/state_reports/dom/FinalCashReserveLevies/Final Cash Reserve Levies, FY 2023.xlsx' is unclassified (type=generic_excel).",Classify in data/manual/document_classification_manual.csv.,open
2026-06-07,info,missing_source_url,,undated_finalcashreservelevies_final_cash_reserve_levies_fy_2023,"No source_url recorded for 'data/raw/state_reports/dom/FinalCashReserveLevies/Final Cash Reserve Levies, FY 2023.xlsx'.",Record the public URL in the inventory or a source_urls.md.,open
2026-06-07,info,missing_meeting_date,,undated_finalcashreservelevies_final_cash_reserve_levies_fy_2023,"No meeting/report date for 'data/raw/state_reports/dom/FinalCashReserveLevies/Final Cash Reserve Levies, FY 2023.xlsx'.",Place the file in a dated folder (YYYY-MM-DD) or set the date via a manual override.,open
2026-06-07,info,unknown_document_type,,undated_finalcashreservelevies_final_cash_reserve_levies_fy_2024,"Document 'data/raw/state_reports/dom/FinalCashReserveLevies/Final Cash Reserve Levies, FY 2024.xlsx' is unclassified (type=generic_excel).",Classify in data/manual/document_classification_manual.csv.,open
2026-06-07,info,missing_source_url,,undated_finalcashreservelevies_final_cash_reserve_levies_fy_2024,"No source_url recorded for 'data/raw/state_reports/dom/FinalCashReserveLevies/Final Cash Reserve Levies, FY 2024.xlsx'.",Record the public URL in the inventory or a source_urls.md.,open
2026-06-07,info,missing_meeting_date,,undated_finalcashreservelevies_final_cash_reserve_levies_fy_2024,"No meeting/report date for 'data/raw/state_reports/dom/FinalCashReserveLevies/Final Cash Reserve Levies, FY 2024.xlsx'.",Place the file in a dated folder (YYYY-MM-DD) or set the date via a manual override.,open
2026-06-07,info,unknown_document_type,,undated_finalcashreservelevies_final_cash_reserve_levies_fy_2025,"Document 'data/raw/state_reports/dom/FinalCashReserveLevies/Final Cash Reserve Levies, FY 2025.xlsx' is unclassified (type=generic_excel).",Classify in data/manual/document_classification_manual.csv.,open
2026-06-07,info,missing_source_url,,undated_finalcashreservelevies_final_cash_reserve_levies_fy_2025,"No source_url recorded for 'data/raw/state_reports/dom/FinalCashReserveLevies/Final Cash Reserve Levies, FY 2025.xlsx'.",Record the public URL in the inventory or a source_urls.md.,open
2026-06-07,info,missing_meeting_date,,undated_finalcashreservelevies_final_cash_reserve_levies_fy_2025,"No meeting/report date for 'data/raw/state_reports/dom/FinalCashReserveLevies/Final Cash Reserve Levies, FY 2025.xlsx'.",Place the file in a dated folder (YYYY-MM-DD) or set the date via a manual override.,open
2026-06-07,info,unknown_document_type,,undated_finalcashreservelevies_final_cash_reserve_levies_fy_2026,"Document 'data/raw/state_reports/dom/FinalCashReserveLevies/Final Cash Reserve Levies, FY 2026.xlsx' is unclassified (type=generic_excel).",Classify in data/manual/document_classification_manual.csv.,open
2026-06-07,info,missing_source_url,,undated_finalcashreservelevies_final_cash_reserve_levies_fy_2026,"No source_url recorded for 'data/raw/state_reports/dom/FinalCashReserveLevies/Final Cash Reserve Levies, FY 2026.xlsx'.",Record the public URL in the inventory or a source_urls.md.,open
2026-06-07,info,missing_meeting_date,,undated_finalcashreservelevies_final_cash_reserve_levies_fy_2026,"No meeting/report date for 'data/raw/state_reports/dom/FinalCashReserveLevies/Final Cash Reserve Levies, FY 2026.xlsx'.",Place the file in a dated folder (YYYY-MM-DD) or set the date via a manual override.,open
2026-06-07,info,unknown_document_type,,undated_propertytaxratefiles_school_tax_rates_historical_fy_2002_fy_2026,"Document 'data/raw/state_reports/dom/PropertyTaxRateFiles/School Tax Rates, Historical - FY 2002 - FY 2026.xlsx' is unclassified (type=generic_excel).",Classify in data/manual/document_classification_manual.csv.,open
2026-06-07,info,missing_source_url,,undated_propertytaxratefiles_school_tax_rates_historical_fy_2002_fy_2026,"No source_url recorded for 'data/raw/state_reports/dom/PropertyTaxRateFiles/School Tax Rates, Historical - FY 2002 - FY 2026.xlsx'.",Record the public URL in the inventory or a source_urls.md.,open
2026-06-07,info,missing_meeting_date,,undated_propertytaxratefiles_school_tax_rates_historical_fy_2002_fy_2026,"No meeting/report date for 'data/raw/state_reports/dom/PropertyTaxRateFiles/School Tax Rates, Historical - FY 2002 - FY 2026.xlsx'.",Place the file in a dated folder (YYYY-MM-DD) or set the date via a manual override.,open
2026-06-07,info,unknown_document_type,,undated_propertyvaluation_school_district_assessed_tif_valuations_by_class_ay2016_fy2018,"Document 'data/raw/state_reports/dom/PropertyValuation/School District Assessed & TIF Valuations by Class, AY2016-FY2018.xls' is unclassified (type=generic_excel).",Classify in data/manual/document_classification_manual.csv.,open
2026-06-07,info,missing_source_url,,undated_propertyvaluation_school_district_assessed_tif_valuations_by_class_ay2016_fy2018,"No source_url recorded for 'data/raw/state_reports/dom/PropertyValuation/School District Assessed & TIF Valuations by Class, AY2016-FY2018.xls'.",Record the public URL in the inventory or a source_urls.md.,open
2026-06-07,info,missing_meeting_date,,undated_propertyvaluation_school_district_assessed_tif_valuations_by_class_ay2016_fy2018,"No meeting/report date for 'data/raw/state_reports/dom/PropertyValuation/School District Assessed & TIF Valuations by Class, AY2016-FY2018.xls'.",Place the file in a dated folder (YYYY-MM-DD) or set the date via a manual override.,open
2026-06-07,info,unknown_document_type,,undated_propertyvaluation_school_district_assessed_tif_valuations_by_class_ay2019_fy2021,"Document 'data/raw/state_reports/dom/PropertyValuation/School District Assessed & TIF Valuations by Class, AY2019-FY2021.xlsx' is unclassified (type=generic_excel).",Classify in data/manual/document_classification_manual.csv.,open
2026-06-07,info,missing_source_url,,undated_propertyvaluation_school_district_assessed_tif_valuations_by_class_ay2019_fy2021,"No source_url recorded for 'data/raw/state_reports/dom/PropertyValuation/School District Assessed & TIF Valuations by Class, AY2019-FY2021.xlsx'.",Record the public URL in the inventory or a source_urls.md.,open
2026-06-07,info,missing_meeting_date,,undated_propertyvaluation_school_district_assessed_tif_valuations_by_class_ay2019_fy2021,"No meeting/report date for 'data/raw/state_reports/dom/PropertyValuation/School District Assessed & TIF Valuations by Class, AY2019-FY2021.xlsx'.",Place the file in a dated folder (YYYY-MM-DD) or set the date via a manual override.,open
2026-06-07,info,unknown_document_type,,undated_propertyvaluation_school_district_assessed_tif_valuations_by_class_ay2022_fy2024,"Document 'data/raw/state_reports/dom/PropertyValuation/School District Assessed & TIF Valuations by Class, AY2022-FY2024.xlsx' is unclassified (type=generic_excel).",Classify in data/manual/document_classification_manual.csv.,open
2026-06-07,info,missing_source_url,,undated_propertyvaluation_school_district_assessed_tif_valuations_by_class_ay2022_fy2024,"No source_url recorded for 'data/raw/state_reports/dom/PropertyValuation/School District Assessed & TIF Valuations by Class, AY2022-FY2024.xlsx'.",Record the public URL in the inventory or a source_urls.md.,open
2026-06-07,info,missing_meeting_date,,undated_propertyvaluation_school_district_assessed_tif_valuations_by_class_ay2022_fy2024,"No meeting/report date for 'data/raw/state_reports/dom/PropertyValuation/School District Assessed & TIF Valuations by Class, AY2022-FY2024.xlsx'.",Place the file in a dated folder (YYYY-MM-DD) or set the date via a manual override.,open
2026-06-07,info,unknown_document_type,,undated_propertyvaluation_school_district_assessed_taxable_valuations_by_class_ay2024_fy2026,"Document 'data/raw/state_reports/dom/PropertyValuation/School District Assessed & Taxable Valuations by Class, AY2024-FY2026.xlsx' is unclassified (type=generic_excel).",Classify in data/manual/document_classification_manual.csv.,open
2026-06-07,info,missing_source_url,,undated_propertyvaluation_school_district_assessed_taxable_valuations_by_class_ay2024_fy2026,"No source_url recorded for 'data/raw/state_reports/dom/PropertyValuation/School District Assessed & Taxable Valuations by Class, AY2024-FY2026.xlsx'.",Record the public URL in the inventory or a source_urls.md.,open
2026-06-07,info,missing_meeting_date,,undated_propertyvaluation_school_district_assessed_taxable_valuations_by_class_ay2024_fy2026,"No meeting/report date for 'data/raw/state_reports/dom/PropertyValuation/School District Assessed & Taxable Valuations by Class, AY2024-FY2026.xlsx'.",Place the file in a dated folder (YYYY-MM-DD) or set the date via a manual override.,open
2026-06-07,info,unknown_document_type,,undated_propertyvaluation_school_district_taxable_tif_valuations_by_class_ay2016_fy2018,"Document 'data/raw/state_reports/dom/PropertyValuation/School District Taxable & TIF Valuations by Class, AY2016-FY2018.xls' is unclassified (type=generic_excel).",Classify in data/manual/document_classification_manual.csv.,open
2026-06-07,info,missing_source_url,,undated_propertyvaluation_school_district_taxable_tif_valuations_by_class_ay2016_fy2018,"No source_url recorded for 'data/raw/state_reports/dom/PropertyValuation/School District Taxable & TIF Valuations by Class, AY2016-FY2018.xls'.",Record the public URL in the inventory or a source_urls.md.,open
2026-06-07,info,missing_meeting_date,,undated_propertyvaluation_school_district_taxable_tif_valuations_by_class_ay2016_fy2018,"No meeting/report date for 'data/raw/state_reports/dom/PropertyValuation/School District Taxable & TIF Valuations by Class, AY2016-FY2018.xls'.",Place the file in a dated folder (YYYY-MM-DD) or set the date via a manual override.,open
2026-06-07,info,unknown_document_type,,undated_propertyvaluation_school_district_taxable_tif_valuations_by_class_ay2019_fy2021,"Document 'data/raw/state_reports/dom/PropertyValuation/School District Taxable & TIF Valuations by Class, AY2019-FY2021.xlsx' is unclassified (type=generic_excel).",Classify in data/manual/document_classification_manual.csv.,open
2026-06-07,info,missing_source_url,,undated_propertyvaluation_school_district_taxable_tif_valuations_by_class_ay2019_fy2021,"No source_url recorded for 'data/raw/state_reports/dom/PropertyValuation/School District Taxable & TIF Valuations by Class, AY2019-FY2021.xlsx'.",Record the public URL in the inventory or a source_urls.md.,open
2026-06-07,info,missing_meeting_date,,undated_propertyvaluation_school_district_taxable_tif_valuations_by_class_ay2019_fy2021,"No meeting/report date for 'data/raw/state_reports/dom/PropertyValuation/School District Taxable & TIF Valuations by Class, AY2019-FY2021.xlsx'.",Place the file in a dated folder (YYYY-MM-DD) or set the date via a manual override.,open
2026-06-07,info,unknown_document_type,,undated_propertyvaluation_school_district_taxable_tif_valuations_by_class_ay2022_fy2024,"Document 'data/raw/state_reports/dom/PropertyValuation/School District Taxable & TIF Valuations by Class, AY2022-FY2024.xlsx' is unclassified (type=generic_excel).",Classify in data/manual/document_classification_manual.csv.,open
2026-06-07,info,missing_source_url,,undated_propertyvaluation_school_district_taxable_tif_valuations_by_class_ay2022_fy2024,"No source_url recorded for 'data/raw/state_reports/dom/PropertyValuation/School District Taxable & TIF Valuations by Class, AY2022-FY2024.xlsx'.",Record the public URL in the inventory or a source_urls.md.,open
2026-06-07,info,missing_meeting_date,,undated_propertyvaluation_school_district_taxable_tif_valuations_by_class_ay2022_fy2024,"No meeting/report date for 'data/raw/state_reports/dom/PropertyValuation/School District Taxable & TIF Valuations by Class, AY2022-FY2024.xlsx'.",Place the file in a dated folder (YYYY-MM-DD) or set the date via a manual override.,open
2026-06-07,info,unknown_document_type,,undated_propertyvaluation_school_district_taxable_tif_valuations_by_class_ay2024_fy2026,"Document 'data/raw/state_reports/dom/PropertyValuation/School District Taxable & TIF Valuations by Class, AY2024-FY2026.xlsx' is unclassified (type=generic_excel).",Classify in data/manual/document_classification_manual.csv.,open
2026-06-07,info,missing_source_url,,undated_propertyvaluation_school_district_taxable_tif_valuations_by_class_ay2024_fy2026,"No source_url recorded for 'data/raw/state_reports/dom/PropertyValuation/School District Taxable & TIF Valuations by Class, AY2024-FY2026.xlsx'.",Record the public URL in the inventory or a source_urls.md.,open
2026-06-07,info,missing_meeting_date,,undated_propertyvaluation_school_district_taxable_tif_valuations_by_class_ay2024_fy2026,"No meeting/report date for 'data/raw/state_reports/dom/PropertyValuation/School District Taxable & TIF Valuations by Class, AY2024-FY2026.xlsx'.",Place the file in a dated folder (YYYY-MM-DD) or set the date via a manual override.,open
2026-06-07,info,unknown_document_type,,undated_uab_unspent_authorized_budget_report,Document 'data/raw/state_reports/dom/UAB/Unspent Authorized Budget Report.xlsx' is unclassified (type=generic_excel).,Classify in data/manual/document_classification_manual.csv.,open
2026-06-07,info,missing_source_url,,undated_uab_unspent_authorized_budget_report,No source_url recorded for 'data/raw/state_reports/dom/UAB/Unspent Authorized Budget Report.xlsx'.,Record the public URL in the inventory or a source_urls.md.,open
2026-06-07,info,missing_meeting_date,,undated_uab_unspent_authorized_budget_report,No meeting/report date for 'data/raw/state_reports/dom/UAB/Unspent Authorized Budget Report.xlsx'.,Place the file in a dated folder (YYYY-MM-DD) or set the date via a manual override.,open
